UniProtKB_ID,UniProtKB_Gene_Name,coord_TAD
Q9H2P0,ADNP_HUMAN,"[36, 54]"
Q6IQ32,ADNP2_HUMAN,"[812, 819]"
Q8IUX7,AEBP1_HUMAN,"[13, 55]"
Q8IUX7,AEBP1_HUMAN,"[665, 714]"
Q8IUX7,AEBP1_HUMAN,"[1083, 1158]"
Q8IUX7,AEBP1_HUMAN,"[649, 722]"
Q8IUX7,AEBP1_HUMAN,"[8, 85]"
Q8IUX7,AEBP1_HUMAN,"[1053, 1134]"
P51816,AFF2_HUMAN,"[1, 92]"
P51816,AFF2_HUMAN,"[759, 824]"
P51826,AFF3_HUMAN,"[1145, 1205]"
P51826,AFF3_HUMAN,"[1, 58]"
Q5TGY3,AHDC1_HUMAN,"[227, 266]"
P35869,AHR_HUMAN,"[562, 588]"
P35869,AHR_HUMAN,"[518, 620]"
P35869,AHR_HUMAN,"[642, 703]"
A9YTQ3,AHRR_HUMAN,"[163, 169]"
O43918,AIRE_HUMAN,"[517, 530]"
Q7Z591,AKNA_HUMAN,"[29, 93]"
P10275,ANDR_HUMAN,"[886, 893]"
O60678,ANM3_HUMAN,"[102, 156]"
A6NJG6,ARGFX_HUMAN,"[214, 245]"
A6NJG6,ARGFX_HUMAN,"[149, 248]"
Q99856,ARI3A_HUMAN,"[234, 242]"
Q99856,ARI3A_HUMAN,"[196, 257]"
Q8IVW6,ARI3B_HUMAN,"[212, 225]"
Q8IVW6,ARI3B_HUMAN,"[170, 233]"
A6NKF2,ARI3C_HUMAN,"[72, 132]"
Q68CP9,ARID2_HUMAN,"[200, 274]"
P27540,ARNT_HUMAN,"[770, 776]"
P27540,ARNT_HUMAN,"[728, 790]"
Q9HBZ2,ARNT2_HUMAN,"[661, 718]"
Q96QS3,ARX_HUMAN,"[221, 269]"
Q96QS3,ARX_HUMAN,"[233, 250]"
P50553,ASCL1_HUMAN,"[221, 234]"
P50553,ASCL1_HUMAN,"[175, 237]"
Q99929,ASCL2_HUMAN,"[176, 188]"
Q9NQ33,ASCL3_HUMAN,"[61, 67]"
Q7RTU5,ASCL5_HUMAN,"[134, 145]"
P18848,ATF4_HUMAN,"[0, 134]"
P18848,ATF4_HUMAN,"[85, 123]"
P18848,ATF4_HUMAN,"[1, 161]"
Q9Y2D1,ATF5_HUMAN,"[62, 77]"
Q9Y2D1,ATF5_HUMAN,"[109, 180]"
Q9Y2D1,ATF5_HUMAN,"[16, 104]"
P18850,ATF6A_HUMAN,"[9, 83]"
P18850,ATF6A_HUMAN,"[18, 77]"
P18850,ATF6A_HUMAN,"[1, 113]"
Q99941,ATF6B_HUMAN,"[7, 33]"
Q99941,ATF6B_HUMAN,"[1, 100]"
P46100,ATRX_HUMAN,"[487, 564]"
P46100,ATRX_HUMAN,"[2165, 2223]"
O14867,BACH1_HUMAN,"[111, 120]"
Q9BYV9,BACH2_HUMAN,"[125, 136]"
Q9UIF9,BAZ2A_HUMAN,"[284, 322]"
Q8WY36,BBX_HUMAN,"[24, 70]"
Q9C0K0,BC11B_HUMAN,"[56, 64]"
P41182,BCL6_HUMAN,"[71, 84]"
P41182,BCL6_HUMAN,"[474, 533]"
O00327,BMAL1_HUMAN,"[565, 627]"
Q8WYA1,BMAL2_HUMAN,"[587, 636]"
Q8WYA1,BMAL2_HUMAN,"[600, 628]"
Q8WYA1,BMAL2_HUMAN,"[566, 637]"
Q01954,BNC1_HUMAN,"[234, 250]"
Q6ZN30,BNC2_HUMAN,"[311, 319]"
Q6ZN30,BNC2_HUMAN,"[774, 831]"
Q9H0E9,BRD8_HUMAN,"[853, 921]"
Q9H0E9,BRD8_HUMAN,"[367, 466]"
O14981,BTAF1_HUMAN,"[240, 325]"
O14981,BTAF1_HUMAN,"[1781, 1848]"
O14981,BTAF1_HUMAN,"[151, 209]"
Q6P1N0,C2D1A_HUMAN,"[21, 60]"
Q8IXQ3,C9orf40_HUMAN,"[118, 195]"
O14627,CDX4_HUMAN,"[59, 119]"
P49715,CEBPA_HUMAN,"[63, 77]"
P49715,CEBPA_HUMAN,"[29, 114]"
P17676,CEBPB_HUMAN,"[72, 131]"
P49716,CEBPD_HUMAN,"[62, 82]"
P49716,CEBPD_HUMAN,"[29, 110]"
Q15744,CEBPE_HUMAN,"[43, 52]"
Q15744,CEBPE_HUMAN,"[2, 74]"
Q03701,CEBPZ_HUMAN,"[20, 66]"
Q03701,CEBPZ_HUMAN,"[877, 940]"
Q03701,CEBPZ_HUMAN,"[813, 895]"
Q03701,CEBPZ_HUMAN,"[944, 1030]"
Q99966,CITE1_HUMAN,"[126, 194]"
Q99967,CITE2_HUMAN,"[195, 271]"
O15516,CLOCK_HUMAN,"[141, 164]"
Q9Y6Y1,CMTA1_HUMAN,"[725, 816]"
Q9Y6Y1,CMTA1_HUMAN,"[1454, 1531]"
O94983,CMTA2_HUMAN,"[464, 550]"
Q96BA8,CR3L1_HUMAN,"[11, 86]"
Q96BA8,CR3L1_HUMAN,"[8, 71]"
Q96BA8,CR3L1_HUMAN,"[1, 107]"
Q96BA8,CR3L1_HUMAN,"[397, 463]"
Q70SY1,CR3L2_HUMAN,"[27, 54]"
Q70SY1,CR3L2_HUMAN,"[1, 77]"
Q68CJ9,CR3L3_HUMAN,"[14, 39]"
Q68CJ9,CR3L3_HUMAN,"[1, 98]"
Q8TEY5,CR3L4_HUMAN,"[2, 26]"
Q8TEY5,CR3L4_HUMAN,"[1, 109]"
O43889,CREB3_HUMAN,"[1, 55]"
O43889,CREB3_HUMAN,"[38, 64]"
O43889,CREB3_HUMAN,"[1, 88]"
Q8IUR6,CRERF_HUMAN,"[1, 167]"
Q96RY5,CRML_HUMAN,"[508, 598]"
Q96RY5,CRML_HUMAN,"[1190, 1270]"
Q96S65,CSRN1_HUMAN,"[382, 433]"
Q96S65,CSRN1_HUMAN,"[556, 568]"
Q96S65,CSRN1_HUMAN,"[407, 483]"
Q96S65,CSRN1_HUMAN,"[520, 590]"
Q9H175,CSRN2_HUMAN,"[138, 181]"
Q9H175,CSRN2_HUMAN,"[159, 170]"
Q8WYN3,CSRN3_HUMAN,"[137, 181]"
Q8WYN3,CSRN3_HUMAN,"[158, 170]"
Q8NI51,CTCFL_HUMAN,"[135, 192]"
P35222,CTNB1_HUMAN,"[24, 89]"
P35222,CTNB1_HUMAN,"[684, 745]"
P35222,CTNB1_HUMAN,"[720, 782]"
Q9P0U4,CXXC1_HUMAN,"[268, 321]"
Q9P0U4,CXXC1_HUMAN,"[250, 337]"
D2CFI5,D2CFI5_HUMAN,"[439, 458]"
Q10586,DBP_HUMAN,"[106, 125]"
Q10586,DBP_HUMAN,"[76, 162]"
P35638,DDIT3_HUMAN,"[8, 49]"
P35638,DDIT3_HUMAN,"[7, 32]"
P35638,DDIT3_HUMAN,"[1, 75]"
O75398,DEAF1_HUMAN,"[449, 459]"
Q9Y5R6,DMRT1_HUMAN,"[208, 225]"
Q9Y222,DMTF1_HUMAN,"[350, 373]"
Q9Y222,DMTF1_HUMAN,"[112, 170]"
Q9Y222,DMTF1_HUMAN,"[315, 380]"
Q9Y222,DMTF1_HUMAN,"[674, 746]"
Q96KC8,DNJC1_HUMAN,"[280, 344]"
Q99543,DNJC2_HUMAN,"[166, 258]"
P26358,DNMT1_HUMAN,"[835, 893]"
P26358,DNMT1_HUMAN,"[345, 408]"
P26358,DNMT1_HUMAN,"[418, 476]"
P26358,DNMT1_HUMAN,"[1019, 1081]"
P0CJ85,DU4L2_HUMAN,"[342, 425]"
P0CJ86,DU4L3_HUMAN,"[342, 425]"
P0CJ87,DU4L4_HUMAN,"[338, 423]"
P0CJ88,DU4L5_HUMAN,"[342, 425]"
P0CJ89,DU4L6_HUMAN,"[342, 425]"
P0CJ90,DU4L7_HUMAN,"[342, 425]"
Q9UBX2,DUX4_HUMAN,"[366, 424]"
Q9UBX2,DUX4_HUMAN,"[363, 387]"
Q9UBX2,DUX4_HUMAN,"[342, 425]"
Q01094,E2F1_HUMAN,"[379, 437]"
Q01094,E2F1_HUMAN,"[410, 436]"
Q01094,E2F1_HUMAN,"[357, 438]"
Q14209,E2F2_HUMAN,"[395, 437]"
Q14209,E2F2_HUMAN,"[400, 437]"
Q14209,E2F2_HUMAN,"[361, 438]"
O00716,E2F3_HUMAN,"[408, 465]"
O00716,E2F3_HUMAN,"[422, 462]"
O00716,E2F3_HUMAN,"[389, 466]"
O00716,E2F3_HUMAN,"[239, 296]"
Q16254,E2F4_HUMAN,"[366, 407]"
Q16254,E2F4_HUMAN,"[362, 373]"
Q16254,E2F4_HUMAN,"[322, 414]"
Q15329,E2F5_HUMAN,"[301, 342]"
Q15329,E2F5_HUMAN,"[324, 341]"
Q15329,E2F5_HUMAN,"[279, 347]"
O75461,E2F6_HUMAN,"[143, 183]"
O75461,E2F6_HUMAN,"[155, 164]"
O75461,E2F6_HUMAN,"[122, 182]"
P11161,EGR2_HUMAN,"[14, 77]"
Q06889,EGR3_HUMAN,"[8, 74]"
Q06889,EGR3_HUMAN,"[140, 212]"
Q05215,EGR4_HUMAN,"[194, 206]"
Q05215,EGR4_HUMAN,"[223, 287]"
Q05215,EGR4_HUMAN,"[121, 208]"
Q9NZC4,EHF_HUMAN,"[61, 84]"
P32519,ELF1_HUMAN,"[1, 70]"
P78545,ELF3_HUMAN,"[133, 173]"
P78545,ELF3_HUMAN,"[127, 154]"
P78545,ELF3_HUMAN,"[99, 190]"
Q99607,ELF4_HUMAN,"[18, 58]"
Q99607,ELF4_HUMAN,"[32, 45]"
Q99607,ELF4_HUMAN,"[4, 121]"
Q9UKW6,ELF5_HUMAN,"[75, 116]"
Q8WYP5,ELYS_HUMAN,"[1550, 1612]"
Q03111,ENL_HUMAN,"[491, 549]"
P06733,ENOA_HUMAN,"[246, 312]"
Q09472,EP300_HUMAN,"[1, 87]"
Q09472,EP300_HUMAN,"[1471, 1531]"
Q09472,EP300_HUMAN,"[1070, 1127]"
Q99814,EPAS1_HUMAN,"[526, 541]"
Q99814,EPAS1_HUMAN,"[481, 569]"
P11308,ERG_HUMAN,"[141, 152]"
P62508,ERR3_HUMAN,"[328, 342]"
P03372,ESR1_HUMAN,"[371, 380]"
Q92731,ESR2_HUMAN,"[364, 376]"
P14921,ETS1_HUMAN,"[106, 135]"
P15036,ETS2_HUMAN,"[145, 165]"
P50549,ETV1_HUMAN,"[36, 83]"
P50549,ETV1_HUMAN,"[45, 63]"
P50549,ETV1_HUMAN,"[17, 96]"
O00321,ETV2_HUMAN,"[85, 97]"
O00321,ETV2_HUMAN,"[38, 132]"
P43268,ETV4_HUMAN,"[39, 90]"
P43268,ETV4_HUMAN,"[46, 73]"
P43268,ETV4_HUMAN,"[8, 105]"
P41161,ETV5_HUMAN,"[31, 83]"
P41161,ETV5_HUMAN,"[469, 508]"
P41161,ETV5_HUMAN,"[43, 71]"
P41161,ETV5_HUMAN,"[13, 98]"
P41161,ETV5_HUMAN,"[445, 511]"
P41212,ETV6_HUMAN,"[331, 339]"
Q9Y603,ETV7_HUMAN,"[217, 230]"
Q92800,EZH1_HUMAN,"[106, 195]"
Q15910,EZH2_HUMAN,"[95, 192]"
Q8TBJ5,FEZF2_HUMAN,"[176, 187]"
Q01543,FLI1_HUMAN,"[140, 152]"
Q8WW38,FOG2_HUMAN,"[25, 77]"
Q8WW38,FOG2_HUMAN,"[49, 60]"
Q8WW38,FOG2_HUMAN,"[9, 95]"
P01100,FOS_HUMAN,"[208, 246]"
P01100,FOS_HUMAN,"[253, 323]"
P01100,FOS_HUMAN,"[1, 59]"
P55318,FOXA3_HUMAN,"[273, 343]"
O75593,FOXH1_HUMAN,"[330, 336]"
Q92949,FOXJ1_HUMAN,"[292, 406]"
Q92949,FOXJ1_HUMAN,"[367, 392]"
Q92949,FOXJ1_HUMAN,"[267, 422]"
Q92949,FOXJ1_HUMAN,"[6, 69]"
Q9P0K8,FOXJ2_HUMAN,"[239, 253]"
Q9P0K8,FOXJ2_HUMAN,"[394, 459]"
Q9P0K8,FOXJ2_HUMAN,"[202, 287]"
Q9UPW0,FOXJ3_HUMAN,"[463, 477]"
Q9UPW0,FOXJ3_HUMAN,"[430, 514]"
Q9UPW0,FOXJ3_HUMAN,"[240, 326]"
Q08050,FOXM1_HUMAN,"[726, 755]"
Q08050,FOXM1_HUMAN,"[691, 764]"
Q08050,FOXM1_HUMAN,"[548, 607]"
Q08050,FOXM1_HUMAN,"[643, 701]"
O15353,FOXN1_HUMAN,"[514, 560]"
O15353,FOXN1_HUMAN,"[527, 555]"
O15353,FOXN1_HUMAN,"[492, 586]"
O15353,FOXN1_HUMAN,"[123, 206]"
P32314,FOXN2_HUMAN,"[56, 80]"
P32314,FOXN2_HUMAN,"[43, 104]"
O00409,FOXN3_HUMAN,"[22, 76]"
O00409,FOXN3_HUMAN,"[49, 61]"
O00409,FOXN3_HUMAN,"[9, 73]"
Q96NZ1,FOXN4_HUMAN,"[415, 449]"
Q96NZ1,FOXN4_HUMAN,"[382, 494]"
Q12778,FOXO1_HUMAN,"[608, 632]"
Q12778,FOXO1_HUMAN,"[565, 656]"
Q12778,FOXO1_HUMAN,"[330, 387]"
Q12778,FOXO1_HUMAN,"[31, 120]"
O43524,FOXO3_HUMAN,"[605, 648]"
O43524,FOXO3_HUMAN,"[606, 648]"
O43524,FOXO3_HUMAN,"[567, 674]"
O43524,FOXO3_HUMAN,"[339, 431]"
P98177,FOXO4_HUMAN,"[461, 505]"
P98177,FOXO4_HUMAN,"[470, 498]"
P98177,FOXO4_HUMAN,"[430, 506]"
P98177,FOXO4_HUMAN,"[259, 318]"
A8MYZ6,FOXO6_HUMAN,"[428, 476]"
A8MYZ6,FOXO6_HUMAN,"[437, 470]"
A8MYZ6,FOXO6_HUMAN,"[394, 493]"
Q6PJQ5,FOXR2_HUMAN,"[8, 37]"
Q06546,GABPA_HUMAN,"[215, 221]"
P23769,GATA2_HUMAN,"[1, 69]"
P23771,GATA3_HUMAN,"[1, 69]"
Q9BWX5,GATA5_HUMAN,"[133, 193]"
Q92908,GATA6_HUMAN,"[101, 124]"
Q92908,GATA6_HUMAN,"[68, 157]"
Q9NP62,GCM1_HUMAN,"[415, 427]"
Q9NP62,GCM1_HUMAN,"[363, 433]"
O75603,GCM2_HUMAN,"[21, 42]"
P04150,GCR_HUMAN,"[207, 253]"
P04150,GCR_HUMAN,"[726, 752]"
P04150,GCR_HUMAN,"[171, 268]"
P08151,GLI1_HUMAN,"[193, 261]"
P10070,GLI2_HUMAN,"[1467, 1536]"
P10071,GLI3_HUMAN,"[1047, 1142]"
P10071,GLI3_HUMAN,"[1457, 1537]"
Q9Y692,GMEB1_HUMAN,"[254, 271]"
Q9Y692,GMEB1_HUMAN,"[217, 275]"
Q9Y692,GMEB1_HUMAN,"[294, 351]"
Q9UKD1,GMEB2_HUMAN,"[223, 248]"
Q9UKD1,GMEB2_HUMAN,"[199, 259]"
Q3T8J9,GON4L_HUMAN,"[1752, 1820]"
Q3T8J9,GON4L_HUMAN,"[487, 613]"
Q3T8J9,GON4L_HUMAN,"[58, 115]"
Q9HC44,GPBL1_HUMAN,"[362, 432]"
Q9NZI5,GRHL1_HUMAN,"[349, 369]"
Q9NZI5,GRHL1_HUMAN,"[200, 268]"
Q9NZI5,GRHL1_HUMAN,"[13, 80]"
Q6ISB3,GRHL2_HUMAN,"[600, 613]"
Q6ISB3,GRHL2_HUMAN,"[15, 77]"
Q8TE85,GRHL3_HUMAN,"[328, 335]"
Q8TE85,GRHL3_HUMAN,"[155, 217]"
Q8TE85,GRHL3_HUMAN,"[12, 77]"
Q9H116,GZF1_HUMAN,"[79, 87]"
O60381,HBP1_HUMAN,"[193, 212]"
O60381,HBP1_HUMAN,"[151, 210]"
O60381,HBP1_HUMAN,"[221, 295]"
O60381,HBP1_HUMAN,"[308, 370]"
O60381,HBP1_HUMAN,"[18, 126]"
Q13547,HDAC1_HUMAN,"[306, 371]"
Q7Z353,HDX_HUMAN,"[564, 627]"
Q5TA89,HES5_HUMAN,"[89, 100]"
Q9NQ87,HEYL_HUMAN,"[165, 176]"
Q96JB3,HIC2_HUMAN,"[84, 97]"
Q16665,HIF1A_HUMAN,"[533, 572]"
Q16665,HIF1A_HUMAN,"[83, 98]"
Q16665,HIF1A_HUMAN,"[481, 611]"
Q9Y2N7,HIF3A_HUMAN,"[462, 509]"
Q9Y2N7,HIF3A_HUMAN,"[481, 500]"
Q9Y2N7,HIF3A_HUMAN,"[442, 524]"
Q9BQA5,HINFP_HUMAN,"[29, 93]"
Q9BQA5,HINFP_HUMAN,"[118, 153]"
Q16534,HLF_HUMAN,"[72, 92]"
Q16534,HLF_HUMAN,"[37, 132]"
Q9P0W2,HM20B_HUMAN,"[141, 205]"
Q12766,HMGX3_HUMAN,"[415, 473]"
P41235,HNF4A_HUMAN,"[274, 287]"
Q14541,HNF4G_HUMAN,"[278, 286]"
P61978,HNRPK_HUMAN,"[307, 396]"
Q8IX15,HOMEZ_HUMAN,"[488, 528]"
Q00613,HSF1_HUMAN,"[471, 512]"
Q00613,HSF1_HUMAN,"[401, 432]"
Q00613,HSF1_HUMAN,"[368, 465]"
Q00613,HSF1_HUMAN,"[449, 530]"
Q03933,HSF2_HUMAN,"[347, 390]"
Q03933,HSF2_HUMAN,"[311, 428]"
Q03933,HSF2_HUMAN,"[479, 537]"
Q9ULV5,HSF4_HUMAN,"[402, 422]"
Q9ULV5,HSF4_HUMAN,"[365, 451]"
Q4G112,HSF5_HUMAN,"[329, 387]"
Q99081,HTF4_HUMAN,"[1, 68]"
O43364,HXA2_HUMAN,"[348, 372]"
O43364,HXA2_HUMAN,"[307, 377]"
P14652,HXB2_HUMAN,"[330, 354]"
P14652,HXB2_HUMAN,"[280, 357]"
P09016,HXD4_HUMAN,"[13, 71]"
Q9H2S9,IKZF4_HUMAN,"[19, 94]"
Q9H5V7,IKZF5_HUMAN,"[378, 385]"
P10914,IRF1_HUMAN,"[200, 257]"
Q13568,IRF5_HUMAN,"[383, 392]"
O14896,IRF6_HUMAN,"[207, 221]"
O14896,IRF6_HUMAN,"[177, 236]"
Q92985,IRF7_HUMAN,"[481, 502]"
Q00978,IRF9_HUMAN,"[209, 217]"
P78415,IRX3_HUMAN,"[244, 283]"
P78413,IRX4_HUMAN,"[249, 289]"
P61371,ISL1_HUMAN,"[263, 347]"
P15884,ITF2_HUMAN,"[1, 69]"
Q9BR39,JPH2_HUMAN,"[1, 58]"
Q86T24,KAISO_HUMAN,"[608, 673]"
Q9Y4C1,KDM3A_HUMAN,"[974, 1077]"
P29375,KDM5A_HUMAN,"[1425, 1496]"
Q9UGL1,KDM5B_HUMAN,"[869, 909]"
Q9UGL1,KDM5B_HUMAN,"[849, 912]"
P41229,KDM5C_HUMAN,"[1363, 1440]"
Q9BY66,KDM5D_HUMAN,"[1343, 1420]"
Q13351,KLF1_HUMAN,"[66, 86]"
Q13351,KLF1_HUMAN,"[1, 93]"
Q9UIH9,KLF15_HUMAN,"[117, 156]"
Q9UIH9,KLF15_HUMAN,"[66, 77]"
Q9UIH9,KLF15_HUMAN,"[32, 107]"
Q9UIH9,KLF15_HUMAN,"[96, 180]"
Q9Y5W3,KLF2_HUMAN,"[37, 54]"
Q9Y5W3,KLF2_HUMAN,"[6, 63]"
O43474,KLF4_HUMAN,"[93, 116]"
O43474,KLF4_HUMAN,"[58, 151]"
Q13887,KLF5_HUMAN,"[126, 134]"
Q99612,KLF6_HUMAN,"[11, 47]"
O75840,KLF7_HUMAN,"[9, 35]"
O95600,KLF8_HUMAN,"[71, 78]"
O95600,KLF8_HUMAN,"[30, 99]"
Q03164,KMT2A_HUMAN,"[2831, 2890]"
Q03164,KMT2A_HUMAN,"[2875, 2939]"
Q9UMN6,KMT2B_HUMAN,"[1968, 2009]"
Q9UMN6,KMT2B_HUMAN,"[1950, 2032]"
O14686,KMT2D_HUMAN,"[2995, 3088]"
O14686,KMT2D_HUMAN,"[3203, 3260]"
Q8N3X6,LCORL_HUMAN,"[64, 129]"
A8MZ59,LEUTX_HUMAN,"[146, 190]"
A8MZ59,LEUTX_HUMAN,"[122, 199]"
P48742,LHX1_HUMAN,"[280, 290]"
P48742,LHX1_HUMAN,"[257, 327]"
Q969G2,LHX4_HUMAN,"[245, 306]"
Q9H2C1,LHX5_HUMAN,"[257, 322]"
Q8TE12,LMX1A_HUMAN,"[339, 346]"
Q8TE12,LMX1A_HUMAN,"[298, 383]"
O60663,LMX1B_HUMAN,"[359, 369]"
O60663,LMX1B_HUMAN,"[322, 384]"
Q32MZ4,LRRF1_HUMAN,"[152, 231]"
Q9Y608,LRRFIP2_HUMAN,"[323, 381]"
Q6ZN28,MACC1_HUMAN,"[29, 91]"
Q6ZN28,MACC1_HUMAN,"[119, 181]"
Q9BW11,MAD3_HUMAN,"[148, 207]"
O75444,MAF_HUMAN,"[96, 106]"
O75444,MAF_HUMAN,"[64, 138]"
Q8NHW3,MAFA_HUMAN,"[12, 21]"
Q9Y5Q3,MAFB_HUMAN,"[13, 25]"
Q9Y5Q3,MAFB_HUMAN,"[55, 137]"
P08235,MCR_HUMAN,"[451, 473]"
P08235,MCR_HUMAN,"[430, 507]"
Q03112,MECOM_HUMAN,"[121, 140]"
Q03112,MECOM_HUMAN,"[205, 264]"
Q9BRJ9,MESP1_HUMAN,"[243, 261]"
Q9BRJ9,MESP1_HUMAN,"[210, 269]"
Q8IWI9,MGAP_HUMAN,"[2794, 2924]"
Q8IWI9,MGAP_HUMAN,"[2791, 2866]"
Q8N108,MIER1_HUMAN,"[18, 91]"
Q8N108,MIER1_HUMAN,"[164, 259]"
Q8N344,MIER2_HUMAN,"[44, 134]"
Q8N344,MIER2_HUMAN,"[187, 245]"
Q7Z3K6,MIER3_HUMAN,"[19, 111]"
Q7Z3K6,MIER3_HUMAN,"[405, 482]"
Q7Z3K6,MIER3_HUMAN,"[157, 231]"
O75030,MITF_HUMAN,"[228, 245]"
O75030,MITF_HUMAN,"[188, 278]"
O75030,MITF_HUMAN,"[434, 501]"
Q9H2W2,MIXL1_HUMAN,"[215, 226]"
Q9H2W2,MIXL1_HUMAN,"[173, 233]"
Q9UH92,MLX_HUMAN,"[254, 263]"
Q9HAP2,MLXIP_HUMAN,"[266, 289]"
Q9HAP2,MLXIP_HUMAN,"[227, 364]"
Q9NP71,MLXPL_HUMAN,"[284, 310]"
Q9NP71,MLXPL_HUMAN,"[224, 347]"
Q9NP71,MLXPL_HUMAN,"[327, 384]"
Q96LU7,MRFL_HUMAN,"[4, 44]"
A6NI15,MSGN1_HUMAN,"[13, 23]"
A6NI15,MSGN1_HUMAN,"[1, 63]"
Q13330,MTA1_HUMAN,"[257, 320]"
O94776,MTA2_HUMAN,"[232, 299]"
Q9BTC8,MTA3_HUMAN,"[117, 174]"
Q9BTC8,MTA3_HUMAN,"[235, 303]"
Q14872,MTF1_HUMAN,"[47, 88]"
Q14872,MTF1_HUMAN,"[721, 732]"
Q14872,MTF1_HUMAN,"[691, 754]"
Q14872,MTF1_HUMAN,"[321, 392]"
Q14872,MTF1_HUMAN,"[37, 114]"
P10242,MYB_HUMAN,"[389, 401]"
P10242,MYB_HUMAN,"[354, 420]"
P10243,MYBA_HUMAN,"[358, 376]"
P10243,MYBA_HUMAN,"[274, 346]"
P10244,MYBB_HUMAN,"[309, 326]"
P10244,MYBB_HUMAN,"[276, 362]"
P01106,MYC_HUMAN,"[11, 50]"
P01106,MYC_HUMAN,"[114, 134]"
P01106,MYC_HUMAN,"[1, 63]"
P01106,MYC_HUMAN,"[66, 141]"
Q8IZQ8,MYCD_HUMAN,"[836, 939]"
Q8IZQ8,MYCD_HUMAN,"[700, 758]"
P12524,MYCL_HUMAN,"[5, 25]"
P12524,MYCL_HUMAN,"[1, 66]"
P04198,MYCN_HUMAN,"[16, 56]"
P04198,MYCN_HUMAN,"[21, 49]"
P04198,MYCN_HUMAN,"[1, 126]"
P12525,MYCP1_HUMAN,"[17, 87]"
P13349,MYF5_HUMAN,"[23, 29]"
P13349,MYF5_HUMAN,"[1, 62]"
P23409,MYF6_HUMAN,"[1, 26]"
Q9NPC7,MYNN_HUMAN,"[189, 254]"
P15172,MYOD1_HUMAN,"[2, 50]"
P15172,MYOD1_HUMAN,"[20, 47]"
P15172,MYOD1_HUMAN,"[1, 80]"
Q9Y2G1,MYRF_HUMAN,"[1, 62]"
Q96LU7,MYRFL_HUMAN,"[1, 78]"
Q96LU7,MYRFL_HUMAN,"[487, 544]"
Q5VVJ2,MYSM1_HUMAN,"[21, 81]"
Q5VVJ2,MYSM1_HUMAN,"[345, 403]"
Q01538,MYT1_HUMAN,"[1049, 1063]"
Q9H9S0,NANOG_HUMAN,"[218, 279]"
Q6NSW7,NANP8_HUMAN,"[220, 279]"
Q15788,NCOA1_HUMAN,"[110, 123]"
Q15788,NCOA1_HUMAN,"[783, 841]"
Q15788,NCOA1_HUMAN,"[864, 972]"
Q15596,NCOA2_HUMAN,"[785, 825]"
Q15596,NCOA2_HUMAN,"[1058, 1097]"
Q15596,NCOA2_HUMAN,"[1044, 1130]"
Q15596,NCOA2_HUMAN,"[12, 70]"
Q15596,NCOA2_HUMAN,"[781, 860]"
Q9Y6Q9,NCOA3_HUMAN,"[1030, 1088]"
Q9Y6Q9,NCOA3_HUMAN,"[762, 848]"
Q13562,NDF1_HUMAN,"[243, 303]"
Q14494,NF2L1_HUMAN,"[432, 485]"
Q14494,NF2L1_HUMAN,"[439, 466]"
Q14494,NF2L1_HUMAN,"[126, 223]"
Q14494,NF2L1_HUMAN,"[262, 359]"
Q14494,NF2L1_HUMAN,"[397, 501]"
Q16236,NF2L2_HUMAN,"[178, 204]"
Q16236,NF2L2_HUMAN,"[138, 231]"
Q16236,NF2L2_HUMAN,"[208, 331]"
Q16236,NF2L2_HUMAN,"[1, 66]"
Q9Y4A8,NF2L3_HUMAN,"[374, 427]"
Q9Y4A8,NF2L3_HUMAN,"[372, 406]"
Q9Y4A8,NF2L3_HUMAN,"[226, 317]"
Q9Y4A8,NF2L3_HUMAN,"[336, 449]"
Q13469,NFAC2_HUMAN,"[24, 42]"
Q13469,NFAC2_HUMAN,"[1, 80]"
Q14934,NFAC4_HUMAN,"[178, 194]"
Q14934,NFAC4_HUMAN,"[147, 206]"
O94916,NFAT5_HUMAN,"[141, 199]"
Q16621,NFE2_HUMAN,"[23, 37]"
Q16621,NFE2_HUMAN,"[107, 170]"
Q16621,NFE2_HUMAN,"[1, 74]"
Q12857,NFIA_HUMAN,"[12, 20]"
P08651,NFIC_HUMAN,"[6, 20]"
Q14938,NFIX_HUMAN,"[12, 20]"
P19838,NFKB1_HUMAN,"[744, 788]"
P19838,NFKB1_HUMAN,"[746, 777]"
P19838,NFKB1_HUMAN,"[736, 833]"
P25208,NFYB_HUMAN,"[120, 129]"
Q9H2A3,NGN2_HUMAN,"[5, 46]"
O60393,NOBOX_HUMAN,"[547, 556]"
O60393,NOBOX_HUMAN,"[550, 636]"
P46531,NOTC1_HUMAN,"[1509, 1567]"
Q99743,NPAS2_HUMAN,"[76, 100]"
Q99743,NPAS2_HUMAN,"[115, 173]"
Q8IUM7,NPAS4_HUMAN,"[682, 787]"
Q8IUM7,NPAS4_HUMAN,"[690, 719]"
Q8IUM7,NPAS4_HUMAN,"[653, 803]"
P20393,NR1D1_HUMAN,"[511, 537]"
Q14995,NR1D2_HUMAN,"[475, 503]"
Q13133,NR1H3_HUMAN,"[325, 338]"
Q96RI1,NR1H4_HUMAN,"[368, 376]"
O75469,NR1I2_HUMAN,"[305, 315]"
P13056,NR2C1_HUMAN,"[287, 344]"
P49116,NR2C2_HUMAN,"[564, 571]"
Q9Y466,NR2E1_HUMAN,"[211, 221]"
Q9Y5X4,NR2E3_HUMAN,"[247, 255]"
P22736,NR4A1_HUMAN,"[55, 69]"
P22736,NR4A1_HUMAN,"[14, 112]"
P43354,NR4A2_HUMAN,"[486, 500]"
P43354,NR4A2_HUMAN,"[14, 77]"
Q92570,NR4A3_HUMAN,"[517, 532]"
O00482,NR5A2_HUMAN,"[468, 480]"
Q15406,NR6A1_HUMAN,"[270, 286]"
P32242,OTX1_HUMAN,"[293, 350]"
O43422,P52K_HUMAN,"[520, 543]"
P04637,P53_HUMAN,"[39, 56]"
P04637,P53_HUMAN,"[1, 84]"
Q06416,P5F1B_HUMAN,"[21, 36]"
Q06416,P5F1B_HUMAN,"[1, 65]"
Q9H3D4,P63_HUMAN,"[46, 74]"
Q9H3D4,P63_HUMAN,"[25, 113]"
Q86YP4,P66A_HUMAN,"[380, 391]"
O15350,P73_HUMAN,"[495, 506]"
O15350,P73_HUMAN,"[1, 63]"
P15863,PAX1_HUMAN,"[513, 532]"
O43316,PAX4_HUMAN,"[311, 321]"
Q9BYE7,PCGF6_HUMAN,"[68, 133]"
Q9GZU2,PEG3_HUMAN,"[1070, 1129]"
Q5T6S3,PHF19_HUMAN,"[396, 457]"
Q9BVI0,PHF20_HUMAN,"[604, 659]"
Q9BVI0,PHF20_HUMAN,"[939, 978]"
Q9BVI0,PHF20_HUMAN,"[920, 988]"
Q9BVI0,PHF20_HUMAN,"[595, 673]"
Q9UMS5,PHTF1_HUMAN,"[334, 399]"
Q96KN3,PKNX2_HUMAN,"[79, 141]"
Q6DJT9,PLAG1_HUMAN,"[410, 432]"
Q9UPG8,PLAL2_HUMAN,"[405, 418]"
Q7Z3K3,POGZ_HUMAN,"[1353, 1411]"
Q07869,PPARA_HUMAN,"[360, 384]"
Q07869,PPARA_HUMAN,"[1, 75]"
P37231,PPARG_HUMAN,"[27, 45]"
P37231,PPARG_HUMAN,"[1, 88]"
Q9NQV6,PRD10_HUMAN,"[268, 289]"
Q9GZV8,PRD14_HUMAN,"[359, 374]"
P57071,PRD15_HUMAN,"[266, 335]"
Q9HAZ2,PRD16_HUMAN,"[30, 102]"
O75626,PRDM1_HUMAN,"[49, 61]"
O75626,PRDM1_HUMAN,"[14, 87]"
Q13029,PRDM2_HUMAN,"[518, 605]"
Q9UKN5,PRDM4_HUMAN,"[517, 526]"
Q9NQX1,PRDM5_HUMAN,"[94, 144]"
Q9NQX1,PRDM5_HUMAN,"[107, 122]"
Q9NQX1,PRDM5_HUMAN,"[71, 155]"
Q9NQV7,PRDM9_HUMAN,"[198, 218]"
P06401,PRGR_HUMAN,"[686, 692]"
P06401,PRGR_HUMAN,"[96, 163]"
Q3B8N5,PROX2_HUMAN,"[530, 551]"
Q7RTS3,PTF1A_HUMAN,"[1, 75]"
Q7RTS3,PTF1A_HUMAN,"[7, 42]"
Q7RTS3,PTF1A_HUMAN,"[1, 67]"
O95997,PTTG1_HUMAN,"[78, 169]"
Q7Z5J4,RAI1_HUMAN,"[829, 888]"
P10276,RARA_HUMAN,"[308, 332]"
P10826,RARB_HUMAN,"[308, 332]"
P13631,RARG_HUMAN,"[311, 335]"
Q9UBG7,RBPJL_HUMAN,"[362, 371]"
P53805,RCAN1_HUMAN,"[8, 74]"
Q9UKL0,RCOR1_HUMAN,"[152, 214]"
Q04864,REL_HUMAN,"[453, 511]"
Q04864,REL_HUMAN,"[561, 620]"
Q01201,RELB_HUMAN,"[488, 501]"
Q01201,RELB_HUMAN,"[439, 496]"
Q01201,RELB_HUMAN,"[22, 79]"
P48378,RFX2_HUMAN,"[574, 585]"
P48380,RFX3_HUMAN,"[357, 364]"
Q33E94,RFX4_HUMAN,"[385, 402]"
Q8HWS3,RFX6_HUMAN,"[280, 301]"
Q2KHR2,RFX7_HUMAN,"[756, 798]"
Q2KHR2,RFX7_HUMAN,"[780, 796]"
Q2KHR2,RFX7_HUMAN,"[677, 756]"
Q2KHR2,RFX7_HUMAN,"[733, 828]"
Q2KHR2,RFX7_HUMAN,"[1258, 1361]"
Q6ZV50,RFX8_HUMAN,"[414, 470]"
Q6ZV50,RFX8_HUMAN,"[174, 201]"
P0C7M4,RHF2B_HUMAN,"[230, 251]"
Q9NRY4,RHG35_HUMAN,"[977, 1035]"
Q9NRY4,RHG35_HUMAN,"[453, 516]"
Q9BQY4,RHXF2_HUMAN,"[230, 251]"
Q13129,RLF_HUMAN,"[478, 523]"
Q13129,RLF_HUMAN,"[463, 542]"
P35398,RORA_HUMAN,"[388, 425]"
P35398,RORA_HUMAN,"[179, 243]"
Q92753,RORB_HUMAN,"[346, 376]"
P51449,RORG_HUMAN,"[400, 416]"
Q9NR83,S2A4R_HUMAN,"[109, 177]"
Q9BXA9,SALL3_HUMAN,"[52, 58]"
Q01826,SATB1_HUMAN,"[706, 764]"
Q6R2W3,SCND3_HUMAN,"[91, 137]"
Q15047,SETB1_HUMAN,"[836, 875]"
Q14190,SIM2_HUMAN,"[435, 442]"
Q96ST3,SIN3A_HUMAN,"[106, 166]"
Q96ST3,SIN3A_HUMAN,"[328, 403]"
Q96EB6,SIR1_HUMAN,"[105, 163]"
O95343,SIX3_HUMAN,"[99, 106]"
P84022,SMAD3_HUMAN,"[222, 236]"
Q13485,SMAD4_HUMAN,"[314, 323]"
Q92922,SMRC1_HUMAN,"[232, 290]"
Q92922,SMRC1_HUMAN,"[619, 677]"
Q8TAQ2,SMRC2_HUMAN,"[201, 266]"
Q8TAQ2,SMRC2_HUMAN,"[596, 661]"
Q13487,SNPC2_HUMAN,"[191, 248]"
Q5SXM2,SNPC4_HUMAN,"[238, 298]"
Q5JUK2,SOLH1_HUMAN,"[120, 177]"
Q9NX45,SOLH2_HUMAN,"[54, 60]"
P56693,SOX10_HUMAN,"[247, 327]"
P35716,SOX11_HUMAN,"[393, 438]"
P35716,SOX11_HUMAN,"[402, 439]"
P35716,SOX11_HUMAN,"[348, 442]"
O15370,SOX12_HUMAN,"[296, 305]"
O15370,SOX12_HUMAN,"[250, 316]"
Q9H6I2,SOX17_HUMAN,"[203, 266]"
P35713,SOX18_HUMAN,"[313, 332]"
P35713,SOX18_HUMAN,"[276, 342]"
Q06945,SOX4_HUMAN,"[395, 438]"
Q06945,SOX4_HUMAN,"[435, 467]"
Q06945,SOX4_HUMAN,"[381, 475]"
Q9BT81,SOX7_HUMAN,"[284, 358]"
Q9BT81,SOX7_HUMAN,"[169, 235]"
P57073,SOX8_HUMAN,"[271, 281]"
P57073,SOX8_HUMAN,"[237, 317]"
P48436,SOX9_HUMAN,"[280, 289]"
P48436,SOX9_HUMAN,"[248, 325]"
P23497,SP100_HUMAN,"[120, 139]"
Q9HB58,SP110_HUMAN,"[613, 626]"
Q9H930,SP14L_HUMAN,"[121, 133]"
Q3SY56,SP6_HUMAN,"[115, 123]"
Q3SY56,SP6_HUMAN,"[76, 149]"
Q8IXZ3,SP8_HUMAN,"[164, 238]"
O95238,SPDEF_HUMAN,"[51, 69]"
O95238,SPDEF_HUMAN,"[17, 102]"
P17947,SPI1_HUMAN,"[34, 72]"
P17947,SPI1_HUMAN,"[1, 80]"
Q01892,SPIB_HUMAN,"[33, 40]"
Q01892,SPIB_HUMAN,"[10, 67]"
Q8N5J4,SPIC_HUMAN,"[64, 70]"
P63272,SPT4H_HUMAN,"[20, 78]"
Q7KZ85,SPT6H_HUMAN,"[177, 258]"
Q7KZ85,SPT6H_HUMAN,"[1358, 1416]"
Q7KZ85,SPT6H_HUMAN,"[638, 708]"
Q7KZ85,SPT6H_HUMAN,"[1056, 1129]"
Q7KZ85,SPT6H_HUMAN,"[1165, 1245]"
P36956,SRBP1_HUMAN,"[2, 53]"
P36956,SRBP1_HUMAN,"[15, 46]"
P36956,SRBP1_HUMAN,"[1, 81]"
Q12772,SRBP2_HUMAN,"[1, 56]"
Q12772,SRBP2_HUMAN,"[15, 46]"
Q12772,SRBP2_HUMAN,"[1, 83]"
Q12772,SRBP2_HUMAN,"[404, 467]"
Q6ZRS2,SRCAP_HUMAN,"[413, 471]"
P42229,STA5A_HUMAN,"[556, 571]"
P42229,STA5A_HUMAN,"[704, 768]"
P51692,STA5B_HUMAN,"[559, 565]"
P51692,STA5B_HUMAN,"[709, 771]"
Q8WVM7,STAG1_HUMAN,"[467, 529]"
Q8WVM7,STAG1_HUMAN,"[1168, 1259]"
P42224,STAT1_HUMAN,"[47, 73]"
P42224,STAT1_HUMAN,"[689, 751]"
P52630,STAT2_HUMAN,"[698, 768]"
P52630,STAT2_HUMAN,"[47, 78]"
P52630,STAT2_HUMAN,"[692, 787]"
P40763,STAT3_HUMAN,"[18, 40]"
P40763,STAT3_HUMAN,"[710, 771]"
Q14765,STAT4_HUMAN,"[12, 40]"
Q14765,STAT4_HUMAN,"[152, 212]"
P42226,STAT6_HUMAN,"[30, 56]"
P42226,STAT6_HUMAN,"[758, 822]"
Q13285,STF1_HUMAN,"[292, 304]"
Q13033,STRN3_HUMAN,"[290, 356]"
Q13033,STRN3_HUMAN,"[396, 472]"
Q06330,SUH_HUMAN,"[221, 235]"
O75478,TAD2A_HUMAN,"[136, 210]"
O75478,TAD2A_HUMAN,"[42, 118]"
Q86TJ2,TAD2B_HUMAN,"[42, 100]"
Q86TJ2,TAD2B_HUMAN,"[141, 208]"
Q13148,TADBP_HUMAN,"[166, 226]"
P21675,TAF1_HUMAN,"[429, 522]"
P21675,TAF1_HUMAN,"[268, 327]"
P21675,TAF1_HUMAN,"[365, 426]"
Q16514,TAF12_HUMAN,"[40, 98]"
Q8IZX4,TAF1L_HUMAN,"[451, 541]"
Q6SJ96,TBPL2_HUMAN,"[22, 118]"
Q9UL49,TCFL5_HUMAN,"[47, 53]"
Q15562,TEAD2_HUMAN,"[1, 63]"
Q10587,TEF_HUMAN,"[85, 116]"
Q10587,TEF_HUMAN,"[52, 143]"
P54274,TERF1_HUMAN,"[44, 93]"
Q8NFU7,TET1_HUMAN,"[1964, 2005]"
Q8NFU7,TET1_HUMAN,"[369, 429]"
Q8NFU7,TET1_HUMAN,"[1951, 2015]"
O43151,TET3_HUMAN,"[1554, 1657]"
Q9NZI6,TF2L1_HUMAN,"[404, 410]"
Q8IUE1,TF2LX_HUMAN,"[207, 213]"
Q04206,TF65_HUMAN,"[432, 476]"
Q04206,TF65_HUMAN,"[444, 458]"
Q04206,TF65_HUMAN,"[419, 502]"
Q12800,TFCP2_HUMAN,"[1, 68]"
Q14186,TFDP1_HUMAN,"[278, 300]"
Q14188,TFDP2_HUMAN,"[293, 315]"
P15923,TFE2_HUMAN,"[14, 22]"
P15923,TFE2_HUMAN,"[1, 69]"
P19532,TFE3_HUMAN,"[490, 541]"
P19532,TFE3_HUMAN,"[507, 530]"
P19532,TFE3_HUMAN,"[470, 561]"
P19532,TFE3_HUMAN,"[231, 313]"
P19532,TFE3_HUMAN,"[12, 72]"
P19484,TFEB_HUMAN,"[431, 448]"
P19484,TFEB_HUMAN,"[123, 198]"
P19484,TFEB_HUMAN,"[392, 477]"
O14948,TFEC_HUMAN,"[279, 290]"
O14948,TFEC_HUMAN,"[26, 84]"
O14948,TFEC_HUMAN,"[240, 335]"
P10827,THA_HUMAN,"[304, 316]"
Q9P2Z0,THA10_HUMAN,"[222, 230]"
Q8TBB0,THAP6_HUMAN,"[200, 220]"
Q9BT49,THAP7_HUMAN,"[58, 76]"
Q9H5L6,THAP9_HUMAN,"[183, 200]"
P10828,THB_HUMAN,"[353, 370]"
Q96MW7,TIGD1_HUMAN,"[410, 475]"
Q8IY51,TIGD4_HUMAN,"[390, 437]"
Q6NT04,TIGD7_HUMAN,"[407, 446]"
Q07352,TISB_HUMAN,"[217, 278]"
O94900,TOX_HUMAN,"[9, 85]"
O15405,TOX3_HUMAN,"[7, 117]"
O94842,TOX4_HUMAN,"[5, 84]"
Q8N7U7,TPRX1_HUMAN,"[313, 393]"
Q96PN7,TREF1_HUMAN,"[1156, 1200]"
Q96PN7,TREF1_HUMAN,"[1133, 1201]"
Q9UHF7,TRPS1_HUMAN,"[1097, 1104]"
Q6ZSZ6,TSH1_HUMAN,"[518, 556]"
O15391,TYY2_HUMAN,"[71, 123]"
O15391,TYY2_HUMAN,"[1, 59]"
O15391,TYY2_HUMAN,"[60, 124]"
P10074,TZAP_HUMAN,"[62, 72]"
Q9NZI7,UBIP1_HUMAN,"[2, 68]"
Q9NPG3,UBN1_HUMAN,"[262, 362]"
Q9NPG3,UBN1_HUMAN,"[120, 184]"
A6NJT0,UNC4_HUMAN,"[123, 134]"
P11473,VDR_HUMAN,"[195, 236]"
P11473,VDR_HUMAN,"[212, 225]"
O75717,WDHD1_HUMAN,"[1, 66]"
O75717,WDHD1_HUMAN,"[301, 381]"
O95785,WIZ_HUMAN,"[238, 276]"
O95785,WIZ_HUMAN,"[172, 229]"
O95785,WIZ_HUMAN,"[644, 713]"
Q9HBT8,Z286A_HUMAN,"[142, 200]"
P0CG31,Z286B_HUMAN,"[143, 202]"
O75467,Z324A_HUMAN,"[4, 10]"
Q6AW86,Z324B_HUMAN,"[4, 18]"
Q96LW1,Z354B_HUMAN,"[14, 23]"
Q86Y25,Z354C_HUMAN,"[12, 21]"
Q86Y25,Z354C_HUMAN,"[79, 145]"
Q6AHZ1,Z518A_HUMAN,"[1197, 1204]"
Q9C0D4,Z518B_HUMAN,"[1037, 1043]"
O75290,Z780A_HUMAN,"[28, 34]"
Q9Y6R6,Z780B_HUMAN,"[21, 35]"
O96006,ZBED1_HUMAN,"[641, 680]"
O96006,ZBED1_HUMAN,"[387, 401]"
O96006,ZBED1_HUMAN,"[629, 695]"
O75132,ZBED4_HUMAN,"[778, 796]"
O75132,ZBED4_HUMAN,"[46, 106]"
Q49AG3,ZBED5_HUMAN,"[514, 541]"
P86452,ZBED6_HUMAN,"[775, 798]"
Q6R2W3,ZBED9_HUMAN,"[100, 172]"
Q6R2W3,ZBED9_HUMAN,"[165, 228]"
O95625,ZBT11_HUMAN,"[252, 267]"
Q9Y330,ZBT12_HUMAN,"[166, 214]"
O43829,ZBT14_HUMAN,"[76, 87]"
Q05516,ZBT16_HUMAN,"[79, 139]"
Q05516,ZBT16_HUMAN,"[93, 120]"
Q05516,ZBT16_HUMAN,"[62, 119]"
Q99592,ZBT18_HUMAN,"[65, 72]"
Q9ULJ3,ZBT21_HUMAN,"[500, 539]"
Q9ULJ3,ZBT21_HUMAN,"[65, 94]"
O43167,ZBT24_HUMAN,"[65, 85]"
Q8NAP3,ZBT38_HUMAN,"[73, 85]"
Q8NAP3,ZBT38_HUMAN,"[615, 690]"
O15060,ZBT39_HUMAN,"[274, 334]"
O15060,ZBT39_HUMAN,"[100, 107]"
O15060,ZBT39_HUMAN,"[250, 343]"
Q9NUA8,ZBT40_HUMAN,"[60, 74]"
O43298,ZBT43_HUMAN,"[274, 365]"
Q8NCP5,ZBT44_HUMAN,"[508, 553]"
Q8NCP5,ZBT44_HUMAN,"[526, 537]"
Q8NCP5,ZBT44_HUMAN,"[495, 571]"
Q86UZ6,ZBT46_HUMAN,"[523, 566]"
Q6ZSB9,ZBT49_HUMAN,"[83, 97]"
O95365,ZBT7A_HUMAN,"[76, 92]"
O15156,ZBT7B_HUMAN,"[265, 315]"
O15156,ZBT7B_HUMAN,"[91, 105]"
O15156,ZBT7B_HUMAN,"[270, 331]"
A1YPR0,ZBT7C_HUMAN,"[253, 272]"
Q8NAP8,ZBT8B_HUMAN,"[68, 90]"
Q9Y2K1,ZBTB1_HUMAN,"[17, 36]"
Q9Y2K1,ZBTB1_HUMAN,"[460, 524]"
O15062,ZBTB5_HUMAN,"[70, 91]"
A1YPR0,ZBTB7C_HUMAN,"[223, 305]"
A1YPR0,ZBTB7C_HUMAN,"[283, 341]"
Q9UPT8,ZC3H4_HUMAN,"[660, 747]"
Q9UPT8,ZC3H4_HUMAN,"[430, 498]"
P61129,ZC3H6_HUMAN,"[569, 631]"
O60315,ZEB2_HUMAN,"[927, 987]"
P15822,ZEP1_HUMAN,"[1805, 1865]"
Q9P243,ZFAT_HUMAN,"[484, 557]"
Q15911,ZFHX3_HUMAN,"[1462, 1501]"
Q15911,ZFHX3_HUMAN,"[2525, 2585]"
Q15911,ZFHX3_HUMAN,"[883, 940]"
Q86UP3,ZFHX4_HUMAN,"[464, 511]"
Q86UP3,ZFHX4_HUMAN,"[1404, 1443]"
Q86UP3,ZFHX4_HUMAN,"[2443, 2513]"
Q86UP3,ZFHX4_HUMAN,"[1053, 1115]"
Q86UP3,ZFHX4_HUMAN,"[1394, 1459]"
Q6P2D0,ZFP1_HUMAN,"[19, 41]"
Q9HCL3,ZFP14_HUMAN,"[9, 40]"
Q8NHY6,ZFP28_HUMAN,"[209, 228]"
Q8NHY6,ZFP28_HUMAN,"[67, 126]"
Q9Y2G7,ZFP30_HUMAN,"[9, 35]"
Q8N8Y5,ZFP41_HUMAN,"[21, 106]"
Q96MM3,ZFP42_HUMAN,"[60, 98]"
Q96MM3,ZFP42_HUMAN,"[72, 91]"
Q96MM3,ZFP42_HUMAN,"[41, 106]"
Q9NU63,ZFP57_HUMAN,"[26, 44]"
Q49AA0,ZFP69_HUMAN,"[34, 98]"
Q8N141,ZFP82_HUMAN,"[9, 42]"
Q8TF47,ZFP90_HUMAN,"[29, 43]"
P17010,ZFX_HUMAN,"[296, 360]"
P17010,ZFX_HUMAN,"[1, 123]"
P08048,ZFY_HUMAN,"[1, 59]"
P08048,ZFY_HUMAN,"[275, 357]"
Q9NS37,ZHANG_HUMAN,"[74, 132]"
Q9NS37,ZHANG_HUMAN,"[104, 117]"
Q9NS37,ZHANG_HUMAN,"[68, 151]"
Q3SY52,ZIK1_HUMAN,"[38, 77]"
Q3SY52,ZIK1_HUMAN,"[27, 56]"
Q9NZV7,ZIM2_HUMAN,"[160, 189]"
Q9NZV7,ZIM2_HUMAN,"[135, 199]"
P17029,ZKSC1_HUMAN,"[121, 130]"
P17029,ZKSC1_HUMAN,"[113, 182]"
P17029,ZKSC1_HUMAN,"[190, 250]"
Q9Y2L8,ZKSC5_HUMAN,"[34, 47]"
Q15776,ZKSC8_HUMAN,"[90, 134]"
Q15776,ZKSC8_HUMAN,"[92, 100]"
Q15776,ZKSC8_HUMAN,"[186, 252]"
Q9UBW7,ZMYM2_HUMAN,"[968, 1060]"
Q14202,ZMYM3_HUMAN,"[920, 979]"
Q14202,ZMYM3_HUMAN,"[967, 1040]"
Q14202,ZMYM3_HUMAN,"[1, 61]"
Q5VZL5,ZMYM4_HUMAN,"[19, 101]"
Q8IYN0,ZN100_HUMAN,"[38, 54]"
Q8IZC7,ZN101_HUMAN,"[7, 13]"
P58317,ZN121_HUMAN,"[1, 61]"
Q15973,ZN124_HUMAN,"[16, 30]"
Q15973,ZN124_HUMAN,"[1, 66]"
P52740,ZN132_HUMAN,"[40, 58]"
P52742,ZN135_HUMAN,"[113, 139]"
P52737,ZN136_HUMAN,"[14, 31]"
P52738,ZN140_HUMAN,"[20, 28]"
Q15928,ZN141_HUMAN,"[8, 33]"
Q9UQR1,ZN148_HUMAN,"[32, 91]"
Q13106,ZN154_HUMAN,"[16, 43]"
Q12901,ZN155_HUMAN,"[81, 140]"
Q9HCG1,ZN160_HUMAN,"[28, 37]"
P49910,ZN165_HUMAN,"[88, 128]"
Q9Y473,ZN175_HUMAN,"[42, 55]"
Q13360,ZN177_HUMAN,"[29, 42]"
Q2M3W8,ZN181_HUMAN,"[6, 32]"
P17025,ZN182_HUMAN,"[40, 47]"
Q99676,ZN184_HUMAN,"[1, 62]"
Q99676,ZN184_HUMAN,"[70, 159]"
O75820,ZN189_HUMAN,"[17, 43]"
O75820,ZN189_HUMAN,"[3, 67]"
O14628,ZN195_HUMAN,"[18, 33]"
O14709,ZN197_HUMAN,"[220, 247]"
O14709,ZN197_HUMAN,"[261, 327]"
O95125,ZN202_HUMAN,"[253, 270]"
O95125,ZN202_HUMAN,"[237, 306]"
O43345,ZN208_HUMAN,"[8, 32]"
Q13398,ZN211_HUMAN,"[27, 83]"
Q13398,ZN211_HUMAN,"[33, 74]"
Q13398,ZN211_HUMAN,"[1, 65]"
Q9UDV6,ZN212_HUMAN,"[152, 172]"
Q9UDV6,ZN212_HUMAN,"[137, 203]"
Q9UDV6,ZN212_HUMAN,"[217, 278]"
O14771,ZN213_HUMAN,"[213, 225]"
O14771,ZN213_HUMAN,"[174, 255]"
Q9UL59,ZN214_HUMAN,"[53, 79]"
Q9UK12,ZN222_HUMAN,"[125, 133]"
Q9UK11,ZN223_HUMAN,"[84, 144]"
Q9UK10,ZN225_HUMAN,"[82, 139]"
Q9UJW7,ZN229_HUMAN,"[211, 232]"
Q9UJW7,ZN229_HUMAN,"[109, 178]"
Q9UJW7,ZN229_HUMAN,"[10, 98]"
Q9UIE0,ZN230_HUMAN,"[24, 36]"
Q9UIE0,ZN230_HUMAN,"[75, 139]"
A6NK53,ZN233_HUMAN,"[94, 104]"
Q14588,ZN234_HUMAN,"[23, 36]"
Q8NDW4,ZN248_HUMAN,"[12, 38]"
Q8NDW4,ZN248_HUMAN,"[53, 121]"
O75346,ZN253_HUMAN,"[7, 32]"
O75437,ZN254_HUMAN,"[13, 40]"
Q9Y2P7,ZN256_HUMAN,"[24, 34]"
Q9Y2Q1,ZN257_HUMAN,"[14, 33]"
O14978,ZN263_HUMAN,"[178, 250]"
O43296,ZN264_HUMAN,"[36, 43]"
Q14586,ZN267_HUMAN,"[18, 34]"
Q14587,ZN268_HUMAN,"[77, 110]"
Q14593,ZN273_HUMAN,"[37, 65]"
Q96GC6,ZN274_HUMAN,"[14, 33]"
Q96GC6,ZN274_HUMAN,"[47, 113]"
Q96GC6,ZN274_HUMAN,"[249, 345]"
Q9NRM2,ZN277_HUMAN,"[254, 315]"
Q9NRM2,ZN277_HUMAN,"[389, 432]"
Q9NRM2,ZN277_HUMAN,"[279, 302]"
Q9UDV7,ZN282_HUMAN,"[204, 227]"
Q9UDV7,ZN282_HUMAN,"[183, 259]"
Q9UDV7,ZN282_HUMAN,"[326, 395]"
Q8N7M2,ZN283_HUMAN,"[77, 116]"
Q8N7M2,ZN283_HUMAN,"[83, 104]"
Q8N7M2,ZN283_HUMAN,"[38, 95]"
Q8N7M2,ZN283_HUMAN,"[79, 142]"
Q9HBT7,ZN287_HUMAN,"[170, 177]"
Q9HBT7,ZN287_HUMAN,"[133, 191]"
O60281,ZN292_HUMAN,"[1219, 1313]"
Q96RE9,ZN300_HUMAN,"[33, 90]"
Q9NR11,ZN302_HUMAN,"[88, 108]"
Q9HCX3,ZN304_HUMAN,"[17, 45]"
Q9HCX3,ZN304_HUMAN,"[190, 249]"
A6NFI3,ZN316_HUMAN,"[128, 185]"
A6NFI3,ZN316_HUMAN,"[230, 277]"
A6NFI3,ZN316_HUMAN,"[144, 178]"
Q96PQ6,ZN317_HUMAN,"[20, 81]"
A2RRD8,ZN320_HUMAN,"[53, 119]"
Q9NQX6,ZN331_HUMAN,"[17, 46]"
Q9NQX6,ZN331_HUMAN,"[1, 68]"
Q96JL9,ZN333_HUMAN,"[206, 222]"
Q96JL9,ZN333_HUMAN,"[166, 231]"
Q9HCZ1,ZN334_HUMAN,"[32, 39]"
Q9BYN7,ZN341_HUMAN,"[1, 59]"
Q6P1L6,ZN343_HUMAN,"[4, 12]"
Q96SE7,ZN347_HUMAN,"[78, 84]"
Q9GZX5,ZN350_HUMAN,"[8, 37]"
P17032,ZN37A_HUMAN,"[120, 144]"
P17032,ZN37A_HUMAN,"[95, 160]"
Q96SR6,ZN382_HUMAN,"[29, 36]"
Q8NA42,ZN383_HUMAN,"[9, 37]"
Q53GI3,ZN394_HUMAN,"[118, 203]"
Q8NF99,ZN397_HUMAN,"[89, 136]"
Q8NF99,ZN397_HUMAN,"[91, 98]"
Q8TD17,ZN398_HUMAN,"[147, 162]"
Q8TD17,ZN398_HUMAN,"[135, 196]"
Q494X3,ZN404_HUMAN,"[9, 46]"
Q494X3,ZN404_HUMAN,"[1, 62]"
Q9BWM5,ZN416_HUMAN,"[28, 57]"
Q8TAU3,ZN417_HUMAN,"[20, 44]"
Q8TF45,ZN418_HUMAN,"[15, 35]"
Q96HQ0,ZN419_HUMAN,"[8, 46]"
Q96HQ0,ZN419_HUMAN,"[27, 46]"
Q8TAQ5,ZN420_HUMAN,"[19, 35]"
Q8TAQ5,ZN420_HUMAN,"[9, 92]"
Q2M1K9,ZN423_HUMAN,"[52, 136]"
Q6IV72,ZN425_HUMAN,"[10, 27]"
Q6IV72,ZN425_HUMAN,"[1, 66]"
Q9BUY5,ZN426_HUMAN,"[39, 71]"
Q9BUY5,ZN426_HUMAN,"[4, 75]"
Q86V71,ZN429_HUMAN,"[5, 24]"
Q9H8G1,ZN430_HUMAN,"[35, 55]"
Q8TF32,ZN431_HUMAN,"[35, 65]"
O94892,ZN432_HUMAN,"[8, 36]"
Q8N7K0,ZN433_HUMAN,"[9, 21]"
Q9C0F3,ZN436_HUMAN,"[1, 70]"
Q8NDP4,ZN439_HUMAN,"[19, 33]"
Q8N8Z8,ZN441_HUMAN,"[6, 21]"
Q8N0Y2,ZN444_HUMAN,"[49, 117]"
P59923,ZN445_HUMAN,"[244, 263]"
Q9NWS9,ZN446_HUMAN,"[213, 227]"
Q9NWS9,ZN446_HUMAN,"[176, 263]"
Q6P9G9,ZN449_HUMAN,"[156, 235]"
Q9Y4E5,ZN451_HUMAN,"[861, 899]"
Q9Y4E5,ZN451_HUMAN,"[827, 886]"
Q8N9F8,ZN454_HUMAN,"[57, 117]"
Q14592,ZN460_HUMAN,"[168, 177]"
Q14592,ZN460_HUMAN,"[123, 185]"
Q14592,ZN460_HUMAN,"[58, 117]"
Q8TAF7,ZN461_HUMAN,"[30, 36]"
Q7Z7K2,ZN467_HUMAN,"[99, 137]"
Q5VIY5,ZN468_HUMAN,"[56, 113]"
Q96JG9,ZN469_HUMAN,"[2875, 2921]"
Q96JG9,ZN469_HUMAN,"[2861, 2955]"
Q96JG9,ZN469_HUMAN,"[3001, 3074]"
Q96JG9,ZN469_HUMAN,"[642, 700]"
Q96JG9,ZN469_HUMAN,"[814, 883]"
Q96JG9,ZN469_HUMAN,"[1425, 1503]"
Q6ECI4,ZN470_HUMAN,"[26, 42]"
Q9BX82,ZN471_HUMAN,"[110, 135]"
Q9BX82,ZN471_HUMAN,"[76, 150]"
Q8WTR7,ZN473_HUMAN,"[0, 128]"
Q96JC4,ZN479_HUMAN,"[18, 44]"
Q8TF39,ZN483_HUMAN,"[197, 209]"
Q5JVG2,ZN484_HUMAN,"[27, 38]"
Q5JVG2,ZN484_HUMAN,"[64, 133]"
B1APH4,ZN487_HUMAN,"[60, 67]"
Q9ULM2,ZN490_HUMAN,"[59, 74]"
Q9ULM2,ZN490_HUMAN,"[23, 83]"
Q96IT1,ZN496_HUMAN,"[224, 254]"
Q96IT1,ZN496_HUMAN,"[189, 288]"
O60304,ZN500_HUMAN,"[4, 53]"
Q5JVG8,ZN506_HUMAN,"[7, 32]"
Q8TCN5,ZN507_HUMAN,"[363, 375]"
Q8TCN5,ZN507_HUMAN,"[263, 326]"
Q8TCN5,ZN507_HUMAN,"[321, 386]"
Q9Y2H8,ZN510_HUMAN,"[92, 102]"
Q8NB15,ZN511_HUMAN,"[128, 143]"
Q8N8E2,ZN513_HUMAN,"[11, 84]"
Q8N8E2,ZN513_HUMAN,"[32, 40]"
Q96K75,ZN514_HUMAN,"[3, 21]"
Q6ZMY9,ZN517_HUMAN,"[17, 28]"
Q8TB69,ZN519_HUMAN,"[26, 33]"
Q96K83,ZN521_HUMAN,"[31, 93]"
Q8TF50,ZN526_HUMAN,"[97, 157]"
Q8NB42,ZN527_HUMAN,"[86, 110]"
Q6P280,ZN529_HUMAN,"[19, 59]"
Q6P280,ZN529_HUMAN,"[18, 74]"
Q6P9A1,ZN530_HUMAN,"[17, 44]"
Q9HCE3,ZN532_HUMAN,"[9, 21]"
Q9HCE3,ZN532_HUMAN,"[1, 63]"
O15090,ZN536_HUMAN,"[1103, 1112]"
Q9H0D2,ZN541_HUMAN,"[66, 104]"
Q9H0D2,ZN541_HUMAN,"[42, 109]"
Q08ER8,ZN543_HUMAN,"[31, 40]"
Q6NX49,ZN544_HUMAN,"[24, 45]"
Q86UE3,ZN546_HUMAN,"[70, 91]"
Q8IVP9,ZN547_HUMAN,"[14, 31]"
Q8NEK5,ZN548_HUMAN,"[18, 38]"
Q6P9A3,ZN549_HUMAN,"[29, 61]"
Q7Z340,ZN551_HUMAN,"[24, 62]"
Q7Z340,ZN551_HUMAN,"[31, 64]"
Q9H707,ZN552_HUMAN,"[35, 45]"
Q86TJ5,ZN554_HUMAN,"[45, 68]"
Q86TJ5,ZN554_HUMAN,"[11, 69]"
Q8NEP9,ZN555_HUMAN,"[7, 46]"
Q8NEP9,ZN555_HUMAN,"[4, 33]"
Q8NEP9,ZN555_HUMAN,"[1, 64]"
Q9HAH1,ZN556_HUMAN,"[4, 18]"
Q8N988,ZN557_HUMAN,"[36, 56]"
Q96NG5,ZN558_HUMAN,"[38, 55]"
Q9BR84,ZN559_HUMAN,"[14, 35]"
Q96MR9,ZN560_HUMAN,"[13, 42]"
Q8N587,ZN561_HUMAN,"[28, 68]"
Q8N587,ZN561_HUMAN,"[40, 74]"
Q8N587,ZN561_HUMAN,"[7, 70]"
Q6V9R5,ZN562_HUMAN,"[44, 88]"
Q6V9R5,ZN562_HUMAN,"[1, 69]"
Q8N9K5,ZN565_HUMAN,"[125, 153]"
Q969W8,ZN566_HUMAN,"[9, 35]"
Q969W8,ZN566_HUMAN,"[1, 68]"
Q8N184,ZN567_HUMAN,"[19, 36]"
Q5MCW4,ZN569_HUMAN,"[131, 142]"
Q96NI8,ZN570_HUMAN,"[17, 44]"
Q7Z3V5,ZN571_HUMAN,"[10, 48]"
Q7Z3V5,ZN571_HUMAN,"[9, 40]"
Q7Z3I7,ZN572_HUMAN,"[62, 126]"
Q86YE8,ZN573_HUMAN,"[96, 113]"
Q9BSK1,ZN577_HUMAN,"[33, 41]"
Q96NG8,ZN582_HUMAN,"[8, 36]"
Q96NG8,ZN582_HUMAN,"[72, 138]"
Q96ND8,ZN583_HUMAN,"[9, 20]"
Q8IVC4,ZN584_HUMAN,"[16, 26]"
Q9NXT0,ZN586_HUMAN,"[18, 43]"
Q96SQ5,ZN587_HUMAN,"[19, 44]"
Q92610,ZN592_HUMAN,"[1, 60]"
Q8TC21,ZN596_HUMAN,"[7, 35]"
Q96LX8,ZN597_HUMAN,"[338, 348]"
Q96LX8,ZN597_HUMAN,"[1, 107]"
Q96NL3,ZN599_HUMAN,"[22, 28]"
Q86T29,ZN605_HUMAN,"[6, 53]"
Q8WXB4,ZN606_HUMAN,"[160, 182]"
Q96SK3,ZN607_HUMAN,"[9, 37]"
Q8N823,ZN611_HUMAN,"[65, 132]"
Q6PF04,ZN613_HUMAN,"[8, 36]"
Q8N883,ZN614_HUMAN,"[8, 36]"
Q8N8J6,ZN615_HUMAN,"[8, 37]"
Q8N8J6,ZN615_HUMAN,"[1, 61]"
Q5T7W0,ZN618_HUMAN,"[877, 890]"
Q969S3,ZN622_HUMAN,"[306, 389]"
Q9P2J8,ZN624_HUMAN,"[155, 164]"
Q9P2J8,ZN624_HUMAN,"[17, 87]"
Q68DY1,ZN626_HUMAN,"[7, 32]"
Q7L945,ZN627_HUMAN,"[5, 23]"
Q9UID6,ZN639_HUMAN,"[294, 333]"
Q9UID6,ZN639_HUMAN,"[277, 315]"
Q96N77,ZN641_HUMAN,"[123, 141]"
Q96N77,ZN641_HUMAN,"[150, 213]"
Q96N77,ZN641_HUMAN,"[203, 269]"
Q9H582,ZN644_HUMAN,"[851, 947]"
Q9H582,ZN644_HUMAN,"[915, 931]"
Q9H582,ZN644_HUMAN,"[873, 954]"
Q9H582,ZN644_HUMAN,"[218, 288]"
Q9H582,ZN644_HUMAN,"[1105, 1166]"
O15015,ZN646_HUMAN,"[961, 1019]"
Q9BS31,ZN649_HUMAN,"[9, 36]"
Q9BS31,ZN649_HUMAN,"[1, 80]"
Q8IZM8,ZN654_HUMAN,"[132, 177]"
Q8IZM8,ZN654_HUMAN,"[848, 864]"
Q8IZM8,ZN654_HUMAN,"[293, 355]"
Q8IZM8,ZN654_HUMAN,"[73, 162]"
Q8N720,ZN655_HUMAN,"[155, 212]"
Q6ZS27,ZN662_HUMAN,"[106, 115]"
Q5HYK9,ZN667_HUMAN,"[17, 45]"
Q96BR6,ZN669_HUMAN,"[100, 107]"
Q96BR6,ZN669_HUMAN,"[54, 143]"
Q9BS34,ZN670_HUMAN,"[14, 22]"
Q8TAW3,ZN671_HUMAN,"[50, 79]"
Q2M3X9,ZN674_HUMAN,"[8, 33]"
Q2M3X9,ZN674_HUMAN,"[51, 122]"
Q8TD23,ZN675_HUMAN,"[5, 17]"
Q86XU0,ZN677_HUMAN,"[18, 38]"
Q8IYX0,ZN679_HUMAN,"[18, 44]"
Q8NEM1,ZN680_HUMAN,"[13, 26]"
Q96N22,ZN681_HUMAN,"[7, 31]"
O95780,ZN682_HUMAN,"[4, 24]"
Q5T5D7,ZN684_HUMAN,"[10, 39]"
Q8N1G0,ZN687_HUMAN,"[7, 23]"
Q8IW36,ZN695_HUMAN,"[7, 33]"
Q32M78,ZN699_HUMAN,"[23, 49]"
Q9H0M5,ZN700_HUMAN,"[27, 50]"
Q9NV72,ZN701_HUMAN,"[119, 181]"
P17019,ZN708_HUMAN,"[4, 24]"
Q8N1W2,ZN710_HUMAN,"[594, 657]"
Q8N1W2,ZN710_HUMAN,"[23, 94]"
Q9Y462,ZN711_HUMAN,"[48, 110]"
Q8N859,ZN713_HUMAN,"[129, 155]"
Q8N859,ZN713_HUMAN,"[66, 152]"
A6NP11,ZN716_HUMAN,"[30, 41]"
Q9BY31,ZN717_HUMAN,"[22, 52]"
A8MTY0,ZN724_HUMAN,"[6, 24]"
A6NNF4,ZN726_HUMAN,"[5, 24]"
A8MUV8,ZN727_HUMAN,"[18, 35]"
A6NN14,ZN729_HUMAN,"[14, 43]"
Q6ZMV8,ZN730_HUMAN,"[6, 33]"
B4DXR9,ZN732_HUMAN,"[196, 223]"
P0CB33,ZN735_HUMAN,"[30, 46]"
B4DX44,ZN736_HUMAN,"[19, 35]"
O75373,ZN737_HUMAN,"[14, 24]"
Q6NUN9,ZN746_HUMAN,"[169, 243]"
O43361,ZN749_HUMAN,"[8, 28]"
Q96N20,ZN75A_HUMAN,"[7, 25]"
Q92670,ZN75C_HUMAN,"[182, 251]"
P51815,ZN75D_HUMAN,"[234, 264]"
P51815,ZN75D_HUMAN,"[229, 295]"
Q7L2R6,ZN765_HUMAN,"[54, 111]"
Q68DY9,ZN772_HUMAN,"[22, 56]"
Q68DY9,ZN772_HUMAN,"[73, 138]"
Q6PK81,ZN773_HUMAN,"[18, 34]"
Q6NX45,ZN774_HUMAN,"[79, 163]"
Q68DI1,ZN776_HUMAN,"[25, 45]"
Q9ULD5,ZN777_HUMAN,"[453, 495]"
Q9ULD5,ZN777_HUMAN,"[296, 303]"
Q9ULD5,ZN777_HUMAN,"[279, 338]"
Q96MU6,ZN778_HUMAN,"[38, 83]"
Q96MU6,ZN778_HUMAN,"[32, 71]"
Q96MU6,ZN778_HUMAN,"[9, 89]"
Q6ZMW2,ZN782_HUMAN,"[53, 67]"
Q8N393,ZN786_HUMAN,"[10, 29]"
Q8N393,ZN786_HUMAN,"[7, 67]"
Q8N393,ZN786_HUMAN,"[42, 141]"
Q5FWF6,ZN789_HUMAN,"[15, 31]"
Q6PG37,ZN790_HUMAN,"[8, 48]"
Q3KQV3,ZN792_HUMAN,"[15, 44]"
Q5CZA5,ZN805_HUMAN,"[23, 33]"
Q6ZN06,ZN813_HUMAN,"[52, 116]"
B7Z6K7,ZN814_HUMAN,"[17, 46]"
O75541,ZN821_HUMAN,"[354, 413]"
Q3KNS6,ZN829_HUMAN,"[43, 65]"
Q3KNS6,ZN829_HUMAN,"[4, 69]"
Q6ZNA1,ZN836_HUMAN,"[20, 38]"
Q08AG5,ZN844_HUMAN,"[7, 21]"
Q08AG5,ZN844_HUMAN,"[1, 58]"
Q96IR2,ZN845_HUMAN,"[87, 97]"
Q96IR2,ZN845_HUMAN,"[53, 115]"
Q147U1,ZN846_HUMAN,"[11, 36]"
Q6ZMS4,ZN852_HUMAN,"[65, 126]"
P0CG23,ZN853_HUMAN,"[294, 350]"
A6NHJ4,ZN860_HUMAN,"[66, 132]"
P10072,ZN875_HUMAN,"[224, 289]"
C9JN71,ZN878_HUMAN,"[14, 21]"
B4DU55,ZN879_HUMAN,"[18, 28]"
A8MT65,ZN891_HUMAN,"[46, 63]"
P21506,ZNF10_HUMAN,"[116, 128]"
P17014,ZNF12_HUMAN,"[58, 98]"
P17014,ZNF12_HUMAN,"[39, 99]"
P17017,ZNF14_HUMAN,"[6, 24]"
P17017,ZNF14_HUMAN,"[1, 58]"
P17021,ZNF17_HUMAN,"[8, 38]"
P17022,ZNF18_HUMAN,"[82, 88]"
P17022,ZNF18_HUMAN,"[199, 285]"
P17023,ZNF19_HUMAN,"[442, 453]"
Q9BSG1,ZNF2_HUMAN,"[24, 33]"
P17024,ZNF20_HUMAN,"[10, 24]"
P17024,ZNF20_HUMAN,"[1, 60]"
P17027,ZNF23_HUMAN,"[26, 104]"
P17030,ZNF25_HUMAN,"[73, 82]"
P17031,ZNF26_HUMAN,"[12, 43]"
P51814,ZNF41_HUMAN,"[164, 175]"
P51814,ZNF41_HUMAN,"[132, 196]"
P17038,ZNF43_HUMAN,"[3, 31]"
P15621,ZNF44_HUMAN,"[52, 59]"
P15621,ZNF44_HUMAN,"[13, 76]"
Q96MX3,ZNF48_HUMAN,"[32, 89]"
Q68EA5,ZNF57_HUMAN,"[4, 32]"
Q68EA5,ZNF57_HUMAN,"[1, 65]"
Q6ZN08,ZNF66_HUMAN,"[8, 32]"
Q9UC07,ZNF69_HUMAN,"[26, 43]"
P17097,ZNF7_HUMAN,"[82, 143]"
Q9UC06,ZNF70_HUMAN,"[25, 67]"
Q9UC06,ZNF70_HUMAN,"[1, 76]"
Q16587,ZNF74_HUMAN,"[66, 72]"
Q16587,ZNF74_HUMAN,"[8, 69]"
Q15935,ZNF77_HUMAN,"[6, 24]"
Q15935,ZNF77_HUMAN,"[38, 102]"
P17098,ZNF8_HUMAN,"[41, 52]"
P51508,ZNF81_HUMAN,"[119, 130]"
P51508,ZNF81_HUMAN,"[85, 142]"
P51523,ZNF84_HUMAN,"[8, 28]"
P51523,ZNF84_HUMAN,"[113, 197]"
Q03938,ZNF90_HUMAN,"[5, 33]"
Q05481,ZNF91_HUMAN,"[16, 26]"
P35789,ZNF93_HUMAN,"[7, 32]"
A6NK75,ZNF98_HUMAN,"[13, 40]"
A8MXY4,ZNF99_HUMAN,"[3, 32]"
O43309,ZSC12_HUMAN,"[83, 133]"
O43309,ZSC12_HUMAN,"[88, 96]"
O43309,ZSC12_HUMAN,"[93, 153]"
Q8TBC5,ZSC18_HUMAN,"[123, 198]"
P17040,ZSC20_HUMAN,"[321, 329]"
P17040,ZSC20_HUMAN,"[266, 323]"
P17040,ZSC20_HUMAN,"[646, 714]"
Q9Y5A6,ZSC21_HUMAN,"[84, 131]"
P10073,ZSC22_HUMAN,"[90, 98]"
Q6NSZ9,ZSC25_HUMAN,"[208, 269]"
Q8IWY8,ZSC29_HUMAN,"[59, 97]"
Q8IWY8,ZSC29_HUMAN,"[243, 250]"
Q86W11,ZSC30_HUMAN,"[89, 132]"
Q86W11,ZSC30_HUMAN,"[90, 97]"
Q96LW9,ZSC31_HUMAN,"[79, 118]"
Q9NX65,ZSC32_HUMAN,"[79, 89]"
Q8NBB4,ZSCA1_HUMAN,"[124, 185]"
Q96AP4,ZUP1_HUMAN,"[180, 218]"
P98168,ZXDA_HUMAN,"[643, 715]"
P98169,ZXDB_HUMAN,"[69, 139]"
P98169,ZXDB_HUMAN,"[647, 719]"
P98169,ZXDB_HUMAN,"[724, 791]"
Q8IYH5,ZZZ3_HUMAN,"[808, 904]"