UniProtKB_ID,UniProtKB_Gene_Name,IDR_START,IDR_END
Q9H2P0,ADNP_HUMAN,"261,689,845","444,764,1102"
Q6IQ32,ADNP2_HUMAN,"260,938","729,1032"
Q6ZN18,AEBP2_HUMAN,0,257
P35869,AHR_HUMAN,387,848
A9YTQ3,AHRR_HUMAN,247,697
O43918,AIRE_HUMAN,"101,341,474","298,430,545"
Q15699,ALX1_HUMAN,"0,205","138,326"
O95076,ALX3_HUMAN,"0,217","156,343"
Q9H161,ALX4_HUMAN,"0,295","219,411"
P10275,ANDR_HUMAN,0,531
A6NJG6,ARGFX_HUMAN,"0,136,257","80,205,315"
Q68CP9,ARID2_HUMAN,607,1629
Q99856,ARI3A_HUMAN,"0,344,489","219,423,593"
Q8IVW6,ARI3B_HUMAN,"0,313,467","199,417,560"
A6NKF2,ARI3C_HUMAN,"0,216","95,412"
Q03989,ARI5A_HUMAN,"0,145","53,594"
Q14865,ARI5B_HUMAN,"242,408","312,1188"
P27540,ARNT_HUMAN,"0,461","91,789"
Q9HBZ2,ARNT2_HUMAN,"0,453","72,717"
O00327,BMAL1_HUMAN,"0,207,450","65,307,626"
Q8WYA1,BMAL2_HUMAN,"0,474","101,636"
Q96QS3,ARX_HUMAN,"0,389","325,562"
P50553,ASCL1_HUMAN,"0,185","123,236"
Q99929,ASCL2_HUMAN,"0,118","56,193"
Q9NQ33,ASCL3_HUMAN,0,85
Q6XD76,ASCL4_HUMAN,,
Q7RTU5,ASCL5_HUMAN,"0,141","56,206"
P18846,ATF1_HUMAN,0,211
P15336,ATF2_HUMAN,"52,419","354,505"
P18847,ATF3_HUMAN,,
P18848,ATF4_HUMAN,0,268
Q9Y2D1,ATF5_HUMAN,0,218
P18850,ATF6A_HUMAN,"0,363","299,670"
Q99941,ATF6B_HUMAN,"0,412,521","319,484,703"
P17544,ATF7_HUMAN,"82,401","333,483"
Q92858,ATOH1_HUMAN,"0,216","153,354"
Q8N100,ATOH7_HUMAN,,
Q96SQ7,ATOH8_HUMAN,0,219
O14867,BACH1_HUMAN,"131,646","529,736"
Q9BYV9,BACH2_HUMAN,"143,730","625,841"
Q9BZE3,BARH1_HUMAN,"0,256","179,327"
Q9NY43,BARH2_HUMAN,"0,308","236,387"
Q9HBU1,BARX1_HUMAN,"93,204","143,254"
Q9UMQ3,BARX2_HUMAN,"52,193","136,279"
Q16520,BATF_HUMAN,,
Q8N1L9,BATF2_HUMAN,84,274
Q9NR55,BATF3_HUMAN,0,55
Q8WY36,BBX_HUMAN,"0,149,384","82,347,941"
Q9C0K0,BC11B_HUMAN,"0,89,480","52,428,796"
P41182,BCL6_HUMAN,131,520
Q8N143,BCL6B_HUMAN,138,321
Q7RTS1,BHA15_HUMAN,"0,136","75,189"
Q7RTU4,BHA09_HUMAN,"0,123","61,235"
Q8NFJ8,BHE22_HUMAN,"0,315","238,381"
Q8NDY6,BHE23_HUMAN,"0,189","114,241"
O14503,BHE40_HUMAN,184,412
Q9C0J9,BHE41_HUMAN,176,482
Q01954,BNC1_HUMAN,"209,398,752","355,695,923"
Q6ZN30,BNC2_HUMAN,"0,266,482,894","95,440,830,1035"
Q3C1V8,BSH_HUMAN,"0,166","124,233"
Q86V15,CASZ1_HUMAN,"0,681,1056,1330,1588","458,988,1159,1418,1759"
Q99459,CDC5L_HUMAN,204,504
P47902,CDX1_HUMAN,"0,212","153,265"
Q99626,CDX2_HUMAN,"0,248","182,313"
O14627,CDX4_HUMAN,0,164
P49715,CEBPA_HUMAN,0,306
P17676,CEBPB_HUMAN,0,273
P49716,CEBPD_HUMAN,0,200
Q15744,CEBPE_HUMAN,0,201
P53567,CEBPG_HUMAN,0,68
Q96RK0,CIC_HUMAN,"0,295,1180,2429","198,1114,2354,2517"
O15516,CLOCK_HUMAN,"388,560","520,846"
P16220,CREB1_HUMAN,0,266
O43889,CREB3_HUMAN,"0,245","108,371"
Q96BA8,CR3L1_HUMAN,"0,391","281,519"
Q70SY1,CR3L2_HUMAN,"0,395","288,473"
Q68CJ9,CR3L3_HUMAN,"0,338","210,461"
Q8TEY5,CR3L4_HUMAN,"0,312","208,395"
Q02930,CREB5_HUMAN,"0,442","376,508"
O60519,CRBL2_HUMAN,,
Q9NS37,ZHANG_HUMAN,"0,296","213,354"
Q03060,CREM_HUMAN,0,235
O43186,CRX_HUMAN,97,299
Q96S65,CSRN1_HUMAN,"0,307","79,589"
Q9H175,CSRN2_HUMAN,"0,279","102,543"
Q8WYN3,CSRN3_HUMAN,"0,278","101,585"
P49711,CTCF_HUMAN,"0,572","266,727"
Q8NI51,CTCFL_HUMAN,"0,566","286,663"
P39880,CUX1_HUMAN,"364,626,1308","553,1117,1505"
O14529,CUX2_HUMAN,"107,379,634,925,1227","169,554,883,1045,1486"
Q10586,DBP_HUMAN,0,251
A6NMT0,DBX1_HUMAN,"0,241","181,343"
Q6ZNG2,DBX2_HUMAN,"0,245","186,339"
P35638,DT3UO_HUMAN,0,125
O75398,DEAF1_HUMAN,"0,301","194,448"
P56177,DLX1_HUMAN,"0,190","127,255"
Q07687,DLX2_HUMAN,"0,213","148,328"
O60479,DLX3_HUMAN,"0,191","131,287"
Q92988,DLX4_HUMAN,"0,178","120,240"
P56178,DLX5_HUMAN,"0,197","139,289"
P56179,DLX6_HUMAN,"0,228","165,293"
Q8NFW5,DMBX1_HUMAN,131,377
Q9Y5R6,DMRT1_HUMAN,"0,129","74,373"
Q9Y5R5,DMRT2_HUMAN,"0,169,265","121,230,561"
Q9NQL9,DMRT3_HUMAN,"87,286","251,472"
Q5VZB9,DMRTA_HUMAN,"0,161,366","93,329,504"
Q96SC8,DMTA2_HUMAN,"0,145,356","50,317,542"
Q96MA1,DMRTB_HUMAN,65,342
Q8IXT2,DMRTD_HUMAN,101,367
Q9Y222,DMTF1_HUMAN,"0,411","145,760"
A6NFQ7,DPRX_HUMAN,,
A6NNA5,DRGX_HUMAN,90,263
Q9UBX2,DUX4_HUMAN,142,424
A6NLW8,DUXA_HUMAN,,
Q01094,E2F1_HUMAN,"0,270","129,437"
Q14209,E2F2_HUMAN,"0,304","73,437"
O00716,E2F3_HUMAN,"0,350","178,465"
Q16254,E2F4_HUMAN,200,413
Q15329,E2F5_HUMAN,"0,228","54,346"
O75461,E2F6_HUMAN,,
Q96AV8,E2F7_HUMAN,"0,408","144,911"
A0AVK6,E2F8_HUMAN,"0,335","116,867"
Q66K89,E4F1_HUMAN,"0,264,602","181,460,784"
Q9UH73,COE1_HUMAN,"0,415","56,591"
Q9HAK2,COE2_HUMAN,405,575
Q9H4W6,COE3_HUMAN,"0,415","60,629"
Q9BQW3,COE4_HUMAN,"0,407","57,602"
P18146,EGR1_HUMAN,"0,420","340,543"
P11161,EGR2_HUMAN,"0,422","346,476"
Q06889,EGR3_HUMAN,0,286
Q05215,EGR4_HUMAN,0,368
Q9NZC4,EHF_HUMAN,,
P32519,ELF1_HUMAN,"0,298","203,619"
Q15723,ELF2_HUMAN,"0,295","204,593"
P78545,ELF3_HUMAN,155,254
Q99607,ELF4_HUMAN,"0,295","204,663"
Q9UKW6,ELF5_HUMAN,,
P19419,ELK1_HUMAN,91,428
P41970,ELK3_HUMAN,103,407
P28324,ELK4_HUMAN,94,431
Q04741,EMX1_HUMAN,0,180
Q04743,EMX2_HUMAN,0,119
Q05925,HME1_HUMAN,0,305
P19622,HME2_HUMAN,0,247
O95936,EOMES_HUMAN,"0,452","263,705"
Q99814,EPAS1_HUMAN,374,870
P50548,ERF_HUMAN,120,548
P11308,ERG_HUMAN,"0,204,396","125,306,479"
P03372,ESR1_HUMAN,0,181
Q92731,ESR2_HUMAN,0,144
P11474,ERR1_HUMAN,0,70
P62508,ERR3_HUMAN,0,97
Q8N693,ESX1_HUMAN,"0,237","141,406"
P14921,ETS1_HUMAN,"0,216","82,348"
P15036,ETS2_HUMAN,"0,174","69,345"
P50549,ETV1_HUMAN,0,299
O00321,ETV2_HUMAN,0,231
P41162,ETV3_HUMAN,123,512
Q6ZN32,ETV3L_HUMAN,133,361
P43268,ETV4_HUMAN,0,305
P41161,ETV5_HUMAN,0,353
P41212,ETV6_HUMAN,129,308
Q9Y603,ETV7_HUMAN,,
P49640,EVX1_HUMAN,"0,246","179,407"
Q03828,EVX2_HUMAN,"0,252","187,476"
Q96RJ6,FER3L_HUMAN,0,92
Q99581,FEV_HUMAN,134,238
A0PJY2,FEZF1_HUMAN,0,256
Q8TBJ5,FEZF2_HUMAN,0,275
Q6QHK4,FIGLA_HUMAN,124,219
Q96SL8,FIZ1_HUMAN,"131,247","199,329"
Q01543,FLI1_HUMAN,"0,200,366","124,276,452"
P01100,FOS_HUMAN,"0,203","137,380"
P53539,FOSB_HUMAN,"0,220","158,338"
P15407,FOSL1_HUMAN,"0,171","103,271"
P55317,FOXA1_HUMAN,"0,266","168,472"
Q9Y261,FOXA2_HUMAN,"0,271","159,463"
P55318,FOXA3_HUMAN,"0,213","112,350"
Q99853,FOXB1_HUMAN,142,325
Q5VYV0,FOXB2_HUMAN,115,432
Q12948,FOXC1_HUMAN,"0,173","75,553"
Q99958,FOXC2_HUMAN,"0,165","70,501"
Q16676,FOXD1_HUMAN,"0,219","124,465"
O60548,FOXD2_HUMAN,"0,209","126,495"
Q9UJU5,FOXD3_HUMAN,"0,259","140,478"
Q12950,FOXD4_HUMAN,"0,162","107,439"
Q9NU39,FX4L1_HUMAN,"0,169","108,408"
Q6VB84,FX4L3_HUMAN,"0,153","111,417"
Q8WXT5,FX4L4_HUMAN,"0,153","112,416"
Q5VV16,FX4L5_HUMAN,"0,153","112,416"
Q3SYB3,FX4L6_HUMAN,"0,154","111,417"
O00358,FOXE1_HUMAN,"0,172","52,373"
Q13461,FOXE3_HUMAN,"0,168","70,319"
Q12946,FOXF1_HUMAN,154,379
Q12947,FOXF2_HUMAN,"0,212","99,444"
P55316,FOXG1_HUMAN,"0,260","182,489"
O75593,FOXH1_HUMAN,148,365
Q12951,FOXI1_HUMAN,"0,207","110,378"
Q6ZQN5,FOXI2_HUMAN,"0,161","84,318"
A8MTJ6,FOXI3_HUMAN,"0,230","130,420"
Q92949,FOXJ1_HUMAN,"0,216","119,421"
Q9P0K8,FOXJ2_HUMAN,"0,147,475","63,414,574"
Q9UPW0,FOXJ3_HUMAN,"0,139,516","79,459,622"
P85037,FOXK1_HUMAN,"0,207,399","137,306,733"
Q01167,FOXK2_HUMAN,"0,156,348","107,259,660"
Q12952,FOXL1_HUMAN,137,345
P58012,FOXL2_HUMAN,"0,145","54,376"
Q08050,FOXM1_HUMAN,"0,327","236,763"
O15353,FOXN1_HUMAN,"0,370","271,648"
P32314,FOXN2_HUMAN,"0,203","113,431"
O00409,FOXN3_HUMAN,"0,206","113,468"
Q96NZ1,FOXN4_HUMAN,"0,308","189,517"
Q12778,FOXO1_HUMAN,"0,198","159,655"
O43524,FOXO3_HUMAN,"0,196","155,673"
P98177,FOXO4_HUMAN,"0,140","100,505"
A8MYZ6,FOXO6_HUMAN,"0,165","83,492"
Q9H334,FOXP1_HUMAN,"0,203,370,542","119,305,447,677"
O15409,FOXP2_HUMAN,"0,239,410,583","114,345,494,715"
Q9BZS1,FOXP3_HUMAN,0,196
Q8IVH2,FOXP4_HUMAN,"0,159,372,545","124,307,451,680"
Q9C009,FOXQ1_HUMAN,"0,213","118,403"
Q6PIV2,FOXR1_HUMAN,0,174
Q6PJQ5,FOXR2_HUMAN,55,173
O43638,FOXS1_HUMAN,110,330
Q06546,GABPA_HUMAN,,
P15976,GATA1_HUMAN,"0,104,299","57,194,413"
P23769,GATA2_HUMAN,"0,388","290,480"
P23771,GATA3_HUMAN,"0,355","265,444"
P43694,GATA4_HUMAN,"0,307","201,443"
Q9BWX5,GATA5_HUMAN,"0,279","139,397"
Q92908,GATA6_HUMAN,"0,479","386,595"
Q86YP4,P66A_HUMAN,"0,172,479","137,375,634"
Q14549,GBX1_HUMAN,0,265
P52951,GBX2_HUMAN,0,251
Q9NP62,GCM1_HUMAN,170,436
O75603,GCM2_HUMAN,156,506
Q99684,GFI1_HUMAN,0,240
Q5VTD9,GFI1B_HUMAN,0,159
P08151,GLI1_HUMAN,"0,344","236,1106"
P10070,GLI2_HUMAN,"0,564","405,1569"
P10071,GLI3_HUMAN,"0,592","476,1580"
P10075,GLI4_HUMAN,0,186
Q8NBF1,GLIS1_HUMAN,"0,478","362,795"
Q9BZE0,GLIS2_HUMAN,"0,318","160,524"
Q8NEA6,GLIS3_HUMAN,"0,610","497,930"
Q9Y692,GMEB1_HUMAN,"0,342","52,563"
Q9UKD1,GMEB2_HUMAN,"0,348","63,530"
Q9NZI5,GRHL1_HUMAN,0,242
Q6ISB3,GRHL2_HUMAN,0,223
Q8TE85,GRHL3_HUMAN,"73,448","222,505"
P56915,GSC_HUMAN,0,138
O15499,GSC2_HUMAN,0,127
Q9H4S2,GSX1_HUMAN,"0,200","149,264"
Q9BZM3,GSX2_HUMAN,0,205
Q92664,TF3A_HUMAN,301,365
Q9H116,GZF1_HUMAN,"143,598","318,711"
O96004,HAND1_HUMAN,0,106
P61296,HAND2_HUMAN,0,111
O60381,HBP1_HUMAN,"0,373","201,437"
Q7Z353,HDX_HUMAN,"0,498","428,601"
A6NFD8,HELT_HUMAN,130,242
Q14469,GAL3B_HUMAN,152,280
Q9Y543,HES2_HUMAN,,
Q5TGS1,HES3_HUMAN,57,186
Q9HCC6,HES4_HUMAN,151,221
Q5TA89,HES5_HUMAN,,
Q96HZ4,HES6_HUMAN,135,224
Q9BYE0,HES7_HUMAN,131,230
Q9UBX0,HESX1_HUMAN,0,84
Q9Y5J3,HEY1_HUMAN,167,304
Q9UBP5,HEY2_HUMAN,164,337
Q9NQ87,HEYL_HUMAN,159,328
Q03014,HHEX_HUMAN,"0,196","142,270"
Q14526,HIC1_HUMAN,90,490
Q96JB3,HIC2_HUMAN,140,504
Q16665,HIF1A_HUMAN,379,826
Q9Y2N7,HIF3A_HUMAN,"144,351","213,669"
Q9BQA5,HINFP_HUMAN,406,517
P15822,ZEP1_HUMAN,"0,455,2134","385,2067,2718"
P31629,ZEP2_HUMAN,"0,232,1405,1858","189,1344,1619,2446"
Q5T1R4,ZEP3_HUMAN,"0,244,1652,1808","190,1601,1731,2406"
Q16534,HLF_HUMAN,0,213
Q14774,HLX_HUMAN,"0,335","258,488"
Q6NT76,HMBX1_HUMAN,"56,350","158,420"
Q9NP66,HM20A_HUMAN,0,108
Q9P0W2,HM20B_HUMAN,0,70
P17096,HMGA1_HUMAN,0,107
P52926,HMGA2_HUMAN,0,109
Q9NP08,HMX1_HUMAN,"0,282","209,348"
A2RU54,HMX2_HUMAN,0,155
A6NHT5,HMX3_HUMAN,0,236
P20823,HNF1A_HUMAN,"0,127","84,631"
P35680,HNF1B_HUMAN,"37,188","88,557"
P41235,HNF4A_HUMAN,"0,375","52,474"
Q14541,HNF4G_HUMAN,"0,373","53,455"
Q8IX15,HOMEZ_HUMAN,"142,423","359,550"
P49639,HXA1_HUMAN,0,222
P31260,HXA10_HUMAN,0,342
P31270,HXA11_HUMAN,0,247
P31271,HXA13_HUMAN,0,327
O43364,HXA2_HUMAN,"0,199","146,376"
O43365,HXA3_HUMAN,"0,248","194,443"
Q00056,HXA4_HUMAN,0,216
P20719,HXA5_HUMAN,0,196
P31267,HXA6_HUMAN,0,160
P31268,HXA7_HUMAN,0,133
P31269,HXA9_HUMAN,0,211
P14653,HXB1_HUMAN,0,207
Q92826,HXB13_HUMAN,0,218
P14652,HXB2_HUMAN,"0,198","146,356"
P14651,HXB3_HUMAN,"0,248","192,431"
P17483,HXB4_HUMAN,0,165
P09067,HXB5_HUMAN,0,193
P17509,HXB6_HUMAN,0,152
P09629,HXB7_HUMAN,0,141
P17481,HXB8_HUMAN,0,153
P17482,HXB9_HUMAN,0,190
Q9NYD6,HXC10_HUMAN,0,274
O43248,HXC11_HUMAN,0,238
P31275,HXC12_HUMAN,0,219
P31276,HXC13_HUMAN,0,263
P09017,HXC4_HUMAN,"0,214","159,264"
Q00444,HXC5_HUMAN,0,160
P09630,HXC6_HUMAN,0,144
P31273,HXC8_HUMAN,0,155
P31274,HXC9_HUMAN,0,194
Q9GZZ0,HXD1_HUMAN,0,232
P28358,HXD10_HUMAN,0,273
P31277,HXD11_HUMAN,0,271
P35452,HXD12_HUMAN,0,207
P35453,HXD13_HUMAN,0,188
P31249,HXD3_HUMAN,"0,255","196,432"
P09016,HXD4_HUMAN,0,156
P13378,HXD8_HUMAN,0,203
P28356,HXD9_HUMAN,0,288
Q00613,HSF1_HUMAN,208,529
Q03933,HSF2_HUMAN,198,536
Q9ULV5,HSF4_HUMAN,196,492
Q4G112,HSF5_HUMAN,0,596
Q9UBD0,HSFX1_HUMAN,"0,204","96,423"
Q96LI6,HSFY1_HUMAN,197,401
Q13422,IKZF1_HUMAN,"0,228","114,414"
Q9UKS7,IKZF2_HUMAN,"0,226","109,450"
Q9UKT9,IKZF3_HUMAN,"0,261","118,431"
Q9H2S9,IKZF4_HUMAN,"0,279","156,515"
Q9H5V7,IKZF5_HUMAN,"0,158","68,357"
Q01101,INSM1_HUMAN,"0,313","260,365"
Q96T92,INSM2_HUMAN,"0,309,501","259,424,566"
P10914,IRF1_HUMAN,93,325
P14316,IRF2_HUMAN,112,349
Q14653,IRF3_HUMAN,91,189
Q15306,IRF4_HUMAN,131,238
Q13568,IRF5_HUMAN,122,248
O14896,IRF6_HUMAN,116,215
Q92985,IRF7_HUMAN,67,287
Q02556,IRF8_HUMAN,,
Q00978,IRF9_HUMAN,117,206
P78414,IRX1_HUMAN,"0,189","136,480"
Q9BZI1,IRX2_HUMAN,"0,177","108,471"
P78415,IRX3_HUMAN,"0,189","138,501"
P78413,IRX4_HUMAN,"0,204","154,519"
P78411,IRX5_HUMAN,"0,176","113,483"
P78412,IRX6_HUMAN,"0,209","122,446"
P61371,ISL1_HUMAN,"135,243","185,349"
Q96A47,ISL2_HUMAN,257,359
Q2M1V0,ISX_HUMAN,"0,140","86,245"
Q8WYK2,JDP2_HUMAN,0,75
P05412,JUN_HUMAN,0,246
P17275,JUNB_HUMAN,0,263
P17535,JUND_HUMAN,0,261
Q13351,KLF1_HUMAN,0,289
Q13118,KLF10_HUMAN,0,374
O14901,KLF11_HUMAN,0,396
Q9Y4X4,KLF12_HUMAN,0,318
Q9Y2Y9,KLF13_HUMAN,0,168
Q8TD94,SP6_HUMAN,0,196
Q9UIH9,KLF15_HUMAN,0,313
Q9BXK1,KLF16_HUMAN,0,128
Q5JT82,KLF17_HUMAN,0,282
Q9Y5W3,KLF2_HUMAN,0,274
P57682,KLF3_HUMAN,0,259
O43474,KLF4_HUMAN,0,399
Q13887,KLF5_HUMAN,0,368
Q99612,KLF6_HUMAN,73,200
O75840,KLF7_HUMAN,103,218
O95600,KLF8_HUMAN,0,272
Q13886,KLF9_HUMAN,0,146
P52954,LBX1_HUMAN,196,281
Q6XYB7,LBX2_HUMAN,0,88
Q9UJU2,LEF1_HUMAN,0,299
A8MZ59,LEUTX_HUMAN,68,143
P48742,LHX1_HUMAN,"118,248","185,406"
P50458,LHX2_HUMAN,"191,327","273,406"
Q9UBR4,LHX3_HUMAN,225,397
Q969G2,LHX4_HUMAN,219,390
Q9H2C1,LHX5_HUMAN,"119,247","186,402"
Q9UPM6,LHX6_HUMAN,0,98
Q68G74,LHX8_HUMAN,"0,270","60,346"
Q9NQ69,LHX9_HUMAN,"0,200,328","69,274,397"
Q8TE12,LMX1A_HUMAN,"154,261","223,382"
O60663,LMX1B_HUMAN,"171,288","246,402"
P12980,LYL1_HUMAN,"0,213","149,280"
O75444,MAF_HUMAN,0,260
Q8NHW3,MAFA_HUMAN,0,226
Q9Y5Q3,MAFB_HUMAN,0,212
Q9ULX9,MAFF_HUMAN,,
O15525,MAFG_HUMAN,,
O60675,MAFK_HUMAN,,
P61244,MAX_HUMAN,110,160
P56270,MAZ_HUMAN,0,274
Q9UIS9,MBD1_HUMAN,"0,387","131,605"
Q03112,MECOM_HUMAN,"0,430,996","116,915,1239"
Q02078,MEF2A_HUMAN,73,505
Q02080,MEF2B_HUMAN,91,368
Q06413,MEF2C_HUMAN,73,473
Q14814,MEF2D_HUMAN,91,521
O00470,MEIS1_HUMAN,"0,183,332","113,279,390"
O14770,MEIS2_HUMAN,"0,186,338","115,282,477"
Q99687,MEIS3_HUMAN,"0,175,321","103,268,375"
P50221,MEOX1_HUMAN,0,173
P50222,MEOX2_HUMAN,"0,246","189,304"
Q9BRJ9,MESP1_HUMAN,"0,150","89,268"
Q0VG99,MESP2_HUMAN,"0,147","88,397"
Q8IWI9,MGA_HUMAN,"255,1094,2529","997,2407,3065"
O75030,MITF_HUMAN,"0,435","287,526"
Q9H2W2,MIXL1_HUMAN,"0,139","91,232"
Q8IYA7,MKX_HUMAN,"0,152","77,352"
Q9UH92,MLX_HUMAN,0,62
Q9HAP2,MLXIP_HUMAN,"0,239","106,715"
Q9NP71,MLXPL_HUMAN,"0,194","81,656"
Q99583,MNT_HUMAN,"50,317","222,582"
P50219,MNX1_HUMAN,"0,302","204,401"
O60682,MUSC_HUMAN,0,109
A6NI15,MSGN1_HUMAN,0,121
P28360,MSX1_HUMAN,"0,244","177,303"
P35548,MSX2_HUMAN,"0,213","149,267"
Q14872,MYT1_HUMAN,"0,307","133,753"
Q05195,MAD1_HUMAN,143,221
Q9BW11,MAD3_HUMAN,"0,150","61,206"
Q14582,MAD4_HUMAN,138,209
P50539,MXI1_HUMAN,"0,220","53,295"
P10242,MYB_HUMAN,190,761
P10243,MYBA_HUMAN,170,712
P10244,MYBB_HUMAN,181,700
P01106,MYC_HUMAN,"0,169","114,371"
P12524,MYCL_HUMAN,0,291
P04198,MYCN_HUMAN,0,386
P13349,MYF5_HUMAN,"0,147","62,255"
P23409,MYF6_HUMAN,"0,162","70,242"
Q9NPC7,MYNN_HUMAN,"119,517","302,610"
P15172,MYOD1_HUMAN,"0,168","89,320"
P15173,MYOG_HUMAN,"0,147","58,224"
Q9Y2G1,MYRF_HUMAN,"0,713","347,1151"
Q01538,MYT1_HUMAN,0,1000
Q9UL68,MYT1L_HUMAN,0,1062
P28698,MZF1_HUMAN,98,360
Q9H9S0,NANOG_HUMAN,"0,152","104,305"
Q7Z5D8,NANGN_HUMAN,0,106
Q6NSW7,NANP8_HUMAN,"0,152","104,305"
Q15788,NCOA1_HUMAN,366,1441
Q13562,NDF1_HUMAN,"0,179","90,356"
Q15784,NDF2_HUMAN,"0,199","113,382"
Q9HD90,NDF4_HUMAN,"0,178","76,331"
Q96NK8,NDF6_HUMAN,"0,183","83,337"
Q92886,NGN1_HUMAN,"0,153","77,237"
Q9H2A3,NGN2_HUMAN,"0,173","99,272"
Q9Y4Z2,NGN3_HUMAN,"0,148","86,214"
O94916,NFAT5_HUMAN,"0,604","286,1549"
O95644,NFAC1_HUMAN,"0,696","457,943"
Q13469,NFAC2_HUMAN,"0,662","439,921"
Q12968,NFAC3_HUMAN,"0,688","461,1075"
Q14934,NFAC4_HUMAN,"0,690","402,902"
Q16621,NFE2_HUMAN,0,240
Q14494,NF2L1_HUMAN,103,629
Q16236,NF2L2_HUMAN,75,450
Q9Y4A8,NF2L3_HUMAN,0,536
Q12857,NFIA_HUMAN,185,509
O00712,NFIB_HUMAN,185,494
P08651,NFIC_HUMAN,187,508
Q16649,NFIL3_HUMAN,"0,150","67,462"
Q14938,NFIX_HUMAN,184,502
P19838,NFKB1_HUMAN,"354,892","483,969"
Q00653,NFKB2_HUMAN,"0,312,696,844","73,435,772,900"
Q12986,NFX1_HUMAN,"0,963","342,1120"
Q6ZNB6,NFXL1_HUMAN,0,121
P23511,NFYA_HUMAN,0,258
P25208,NFYB_HUMAN,0,53
Q13952,NFYC_HUMAN,122,335
Q02575,HEN1_HUMAN,0,60
Q02577,HEN2_HUMAN,0,63
Q15270,NKX11_HUMAN,"0,351","298,448"
Q9UD57,NKX12_HUMAN,"0,218","163,310"
P43699,NKX21_HUMAN,"0,257","193,401"
O95096,NKX22_HUMAN,"0,188","132,273"
Q8TAU0,NKX23_HUMAN,"0,205","154,364"
Q9H2Z4,NKX24_HUMAN,"0,255","190,354"
P52952,NKX25_HUMAN,"0,204","140,324"
A6NCS4,NKX26_HUMAN,"0,193","135,301"
O15522,NKX28_HUMAN,"0,141","85,239"
Q99801,NKX31_HUMAN,0,134
P78367,NKX32_HUMAN,0,212
P78426,NKX61_HUMAN,"0,302","200,367"
Q9C056,NKX62_HUMAN,"0,213","153,277"
A6NJ46,NKX63_HUMAN,"0,194","145,265"
O60393,NOBOX_HUMAN,"0,364","267,691"
A8MTQ0,NOTO_HUMAN,0,91
Q99742,NPAS1_HUMAN,"0,408","60,590"
Q99743,NPAS2_HUMAN,"364,542","496,824"
Q8IXF0,NPAS3_HUMAN,"446,881","797,938"
Q8IUM7,NPAS4_HUMAN,325,802
P51843,NR0B1_HUMAN,153,247
P20393,NR1D1_HUMAN,"0,228","123,424"
Q14995,NR1D2_HUMAN,"0,198","93,328"
P55055,NR1H2_HUMAN,"0,170","80,258"
Q13133,NR1H3_HUMAN,"0,182","93,246"
Q96RI1,NR1H4_HUMAN,0,120
O75469,NR1I2_HUMAN,,
Q14994,NR1I3_HUMAN,,
P13056,NR2C1_HUMAN,181,371
P49116,NR2C2_HUMAN,186,353
Q9Y466,NR2E1_HUMAN,109,168
Q9Y5X4,NR2E3_HUMAN,114,218
P10589,COT1_HUMAN,0,85
P24468,COT2_HUMAN,0,80
P10588,NR2F6_HUMAN,0,53
P04150,GCR_HUMAN,0,418
P08235,MCR_HUMAN,"0,677","600,738"
P22736,NR4A1_HUMAN,0,266
P43354,NR4A2_HUMAN,0,262
Q92570,NR4A3_HUMAN,0,292
Q13285,STF1_HUMAN,113,218
O00482,NR5A2_HUMAN,"0,203","71,298"
Q15406,NR6A1_HUMAN,"0,130","50,220"
Q16656,NF2L1_HUMAN,0,102
P54845,NRL_HUMAN,0,122
Q8TAK6,OLIG1_HUMAN,0,101
Q13516,OLIG2_HUMAN,"0,177","102,323"
Q7RTU3,OLIG3_HUMAN,"0,151","68,272"
Q9UBC0,HNF6_HUMAN,0,292
O95948,ONEC2_HUMAN,0,330
O60422,ONEC3_HUMAN,0,321
Q8TAX0,OXSR1_HUMAN,0,172
Q8N2R0,OSR2_HUMAN,0,170
Q5XKR4,OTP_HUMAN,"0,164","111,325"
P32242,OTX1_HUMAN,92,354
P32243,OTX2_HUMAN,"0,103","50,297"
O14753,OVOL1_HUMAN,0,112
Q9BRP0,OVOL2_HUMAN,0,109
O00110,OVOL3_HUMAN,0,70
Q9HBE1,PATZ1_HUMAN,"167,516","353,687"
P15863,PAX1_HUMAN,"0,225","95,457"
Q02962,PAX2_HUMAN,142,394
P23760,PAX3_HUMAN,"94,287","222,484"
O43316,PAX4_HUMAN,133,351
Q02548,PAX5_HUMAN,138,391
P26367,PAX6_HUMAN,"163,288","213,436"
P23759,PAX7_HUMAN,"94,282","221,505"
Q06710,PAX8_HUMAN,133,450
P55771,PAX9_HUMAN,133,341
P40424,PBX1_HUMAN,"92,306","147,430"
P40425,PBX2_HUMAN,"0,97,320","51,157,430"
P40426,PBX3_HUMAN,"92,320","148,434"
Q9BYU1,PBX4_HUMAN,269,374
P52945,ODPX_HUMAN,"0,203","145,283"
Q9GZU2,PEG3_HUMAN,"127,582,1355","450,1106,1504"
P06401,PRGR_HUMAN,0,559
O14813,PHX2A_HUMAN,"0,152","87,284"
Q99453,PHX2B_HUMAN,"0,164","79,314"
P78337,PITX1_HUMAN,"0,184","92,314"
Q99697,PITX2_HUMAN,"0,161","95,324"
O75364,PITX3_HUMAN,"0,130","64,302"
P55347,PKNX1_HUMAN,"0,155,318","108,273,436"
Q96KN3,PKNX2_HUMAN,"0,172,350","69,300,472"
Q6DJT9,PLAG1_HUMAN,236,500
Q9UM63,PLAL1_HUMAN,208,463
Q9UPG8,PLAL2_HUMAN,"0,242","67,496"
P28069,PIT1_HUMAN,0,102
P14859,PO2F1_HUMAN,"0,456","305,766"
P09086,PO2F2_HUMAN,"0,374","219,624"
Q9UKI9,PO2F3_HUMAN,"0,336","186,436"
Q03052,PO3F1_HUMAN,"0,394","253,451"
P20265,PO3F2_HUMAN,0,267
P20264,PO3F3_HUMAN,0,319
P49335,PO3F4_HUMAN,0,190
Q01851,PO4F1_HUMAN,0,261
Q12837,PO4F2_HUMAN,0,253
Q15319,PO4F3_HUMAN,0,181
Q01860,PO5F1_HUMAN,"0,282","133,360"
Q06416,P5F1B_HUMAN,"0,281","133,359"
Q8N7G0,PO5F2_HUMAN,,
Q14863,PO6F1_HUMAN,0,449
P78424,PO6F2_HUMAN,0,506
Q07869,PPARA_HUMAN,0,97
Q03181,PPARD_HUMAN,0,64
P37231,PPARG_HUMAN,0,101
O75626,PRDM1_HUMAN,"0,212,711","95,571,825"
Q9NQV6,PRD10_HUMAN,"0,376,788","167,503,1156"
Q9H4Q3,PRD13_HUMAN,"165,653","572,707"
Q9GZV8,PRD14_HUMAN,0,252
P57071,PRD15_HUMAN,"0,865","358,1141"
Q9HAZ2,PRD16_HUMAN,"0,443,1028","119,948,1192"
Q13029,PRDM2_HUMAN,"154,409,1224","356,1127,1718"
Q9UKN5,PRDM4_HUMAN,"0,750","369,801"
Q9NQX1,PRDM5_HUMAN,123,173
Q9NQX0,PRDM6_HUMAN,"0,399","236,465"
Q9NQV8,PRDM8_HUMAN,181,615
Q9NQV7,PRDM9_HUMAN,"0,373","302,542"
O75360,PROP1_HUMAN,"0,128","79,226"
Q92786,PROX1_HUMAN,"0,96,261","53,221,585"
Q3B8N5,PROX2_HUMAN,0,410
P54821,PRRX1_HUMAN,"0,170","96,245"
Q99811,PRRX2_HUMAN,"0,182","108,253"
Q7RTS3,PTF1A_HUMAN,"0,222","143,328"
Q00577,PURA_HUMAN,0,63
Q96QR8,PURB_HUMAN,151,222
Q9UJV8,PURG_HUMAN,0,56
P10276,RARA_HUMAN,0,82
P10826,RARB_HUMAN,0,75
P13631,RARG_HUMAN,0,85
Q9Y2V3,PRKRA_HUMAN,"0,198","141,346"
Q96IS3,RAX2_HUMAN,86,184
Q9NYW8,RBAK_HUMAN,0,258
Q06330,SUH_HUMAN,434,487
Q9UBG7,RBPJL_HUMAN,,
Q04864,REL_HUMAN,310,587
Q04206,TF65_HUMAN,273,551
Q01201,RELB_HUMAN,"0,395","163,579"
Q13127,REST_HUMAN,"0,411","214,1050"
P22670,RFX1_HUMAN,"0,914","435,979"
P48378,RFX2_HUMAN,"0,256","192,338"
P48380,RFX3_HUMAN,"0,273,646","156,341,749"
Q33E94,RFX4_HUMAN,"0,489","59,735"
P48382,RFX5_HUMAN,251,616
Q8HWS3,RFX6_HUMAN,"0,561","101,928"
Q2KHR2,RFX7_HUMAN,266,1460
Q6ZV50,RFX8_HUMAN,333,390
Q8NHV9,RHXF1_HUMAN,0,106
Q9BQY4,RHXF2_HUMAN,"0,220","140,288"
P0C7M4,RHF2B_HUMAN,"0,219","140,288"
Q13129,INSL3_HUMAN,"0,483,601,819,1183,1477,1592","50,547,656,1116,1299,1533,1855"
P35398,RORA_HUMAN,"0,162","67,266"
Q92753,RORB_HUMAN,119,191
P51449,RORG_HUMAN,125,263
Q92766,RREB1_HUMAN,"0,142,337,478,816,1621","68,204,436,599,1568,1742"
Q01196,RUNX1_HUMAN,"0,199","70,480"
Q13950,RUNX2_HUMAN,"0,222","94,521"
Q13761,RUNX3_HUMAN,176,415
P19793,RXRA_HUMAN,"0,206","125,262"
P28702,RXRB_HUMAN,"0,275","199,337"
P48443,RXRG_HUMAN,"0,212","132,267"
Q9NSC2,SALL1_HUMAN,"0,260,499,788,1053,1187","198,445,686,980,1133,1324"
Q9Y467,SALL2_HUMAN,"0,426,711","367,629,1005"
Q9BXA9,SALL3_HUMAN,"0,231,470,761,1034,1222","200,413,660,961,1116,1300"
Q9UJQ4,SALL4_HUMAN,"0,279,446,649,944","209,374,548,873,1053"
Q01826,SATB1_HUMAN,"0,257,560","59,369,649"
Q9UPW6,SATB2_HUMAN,"0,241,425,550,678","51,362,476,619,733"
Q9BWW7,SCRT1_HUMAN,0,202
Q9NQ03,SCRT2_HUMAN,0,158
Q7RTU7,SCX_HUMAN,"0,135","92,201"
Q9HB31,SEBOX_HUMAN,79,190
O60902,SHOX2_HUMAN,"0,226","141,319"
P81133,SIM1_HUMAN,343,766
Q14190,SIM2_HUMAN,348,667
Q15475,SIX1_HUMAN,158,284
Q9NPC8,SIX2_HUMAN,159,291
O95343,SIX3_HUMAN,"0,243","79,332"
Q9UIU6,SIX4_HUMAN,"0,271","104,781"
Q8N196,SIX5_HUMAN,"0,250","83,739"
O95475,SIX6_HUMAN,195,246
Q15797,SMAD1_HUMAN,130,257
P84022,SMAD3_HUMAN,131,222
Q13485,SMAD4_HUMAN,141,315
Q99717,SMAD5_HUMAN,135,262
O15198,SMAD9_HUMAN,134,251
O95863,SNAI1_HUMAN,0,129
O43623,SNAI2_HUMAN,0,121
Q3KNW1,SNAI3_HUMAN,0,152
Q5SXM2,SNPC4_HUMAN,"0,499,811,1380","83,772,1345,1469"
Q5JUK2,SOLH1_HUMAN,"0,137","58,387"
Q9NX45,SOLH2_HUMAN,278,425
O00570,SOX1_HUMAN,"0,116","78,391"
P56693,SOX10_HUMAN,"0,166","67,466"
P35716,SOX11_HUMAN,115,441
O15370,SOX12_HUMAN,106,315
Q9UN79,SOX13_HUMAN,"0,222,524","103,428,622"
O95416,SOX14_HUMAN,72,240
O60248,SOX15_HUMAN,"0,114","77,233"
Q9H6I2,SOX17_HUMAN,"0,132","69,414"
P35713,SOX18_HUMAN,"0,149","87,321"
P48431,SOX2_HUMAN,"0,106","68,317"
Q9Y651,SOX21_HUMAN,73,276
P41225,SOX3_HUMAN,"0,207","161,446"
O94993,SOX30_HUMAN,"0,400","341,753"
Q06945,SOX4_HUMAN,"0,125","59,474"
P35711,SOX5_HUMAN,"0,272,485,667","141,449,557,763"
P35712,SOX6_HUMAN,"0,260,728","128,589,828"
Q9BT81,SOX7_HUMAN,113,388
P57073,SOX8_HUMAN,"0,162","61,446"
P48436,SOX9_HUMAN,"0,165","66,509"
P08047,SP1_HUMAN,"0,707","623,785"
P23497,SP100_HUMAN,150,606
Q9HB58,SP110_HUMAN,109,459
Q13342,SP140_HUMAN,139,586
Q9H930,SP14L_HUMAN,154,300
Q02086,SP2_HUMAN,0,526
Q02447,SP3_HUMAN,"0,705","619,781"
Q02446,SP4_HUMAN,"0,728","646,784"
Q6BEB4,SP5_HUMAN,0,232
Q3SY56,SP6_HUMAN,0,225
Q8TDD2,SP7_HUMAN,"0,368","270,431"
Q8IXZ3,SP8_HUMAN,"0,452","348,508"
P0CG40,SP9_HUMAN,"0,410","308,484"
O95238,SPDEF_HUMAN,0,110
P17947,SPI1_HUMAN,0,165
Q01892,SPIB_HUMAN,0,164
Q8N5J4,SPIC_HUMAN,,
P36956,SRBP1_HUMAN,"0,399,986","328,542,1085"
Q12772,SRBP2_HUMAN,"0,406","338,533"
P11831,SRF_HUMAN,"0,216","141,508"
Q05066,SRY_HUMAN,"0,125","67,204"
O60284,ST18_HUMAN,"0,340","299,872"
P42224,STAT1_HUMAN,,
P52630,STAT2_HUMAN,707,851
P40763,STAT3_HUMAN,686,770
Q14765,STAT4_HUMAN,669,748
P42229,STA5A_HUMAN,706,794
P51692,STA5B_HUMAN,710,787
P42226,STAT6_HUMAN,620,847
P17542,TAL1_HUMAN,"0,247","175,331"
Q16559,TAL2_HUMAN,,
Q16650,TBR1_HUMAN,"0,407","195,682"
O43435,TBX1_HUMAN,"0,314","112,504"
O75333,TBX10_HUMAN,"0,253","61,385"
Q96SF7,TBX15_HUMAN,"0,334","107,602"
O95935,TBX18_HUMAN,"0,358","139,607"
O60806,TBX19_HUMAN,247,448
Q13207,TBX2_HUMAN,"0,285","102,712"
Q9UMR3,TBX20_HUMAN,"0,307","90,447"
Q9UL17,TBX21_HUMAN,"0,331","118,535"
Q9Y458,TBX22_HUMAN,"0,304","90,520"
O15119,TBX3_HUMAN,"0,281","101,723"
P57082,TBX4_HUMAN,"0,244","58,546"
Q99593,TBX5_HUMAN,234,518
O95947,TBX6_HUMAN,"0,273","88,436"
O15178,TBXT_HUMAN,222,436
Q99081,HTF4_HUMAN,"0,441","390,594"
Q12870,TCF15_HUMAN,"0,132","85,199"
O43680,TCF21_HUMAN,0,81
Q7RTU1,TCF23_HUMAN,"0,151","84,214"
P15923,TFE2_HUMAN,0,545
P15884,ITF2_HUMAN,0,565
P36402,TCF7_HUMAN,0,268
Q9HCS4,TF7L1_HUMAN,"0,412","347,588"
Q9NQB0,TF7L2_HUMAN,"0,416","351,602"
Q9UL49,TCFL5_HUMAN,0,318
P28347,TEAD1_HUMAN,125,209
Q15562,TEAD2_HUMAN,126,226
Q99594,TEAD3_HUMAN,123,214
Q15561,TEAD4_HUMAN,140,219
Q10587,TEF_HUMAN,0,227
P05549,AP2A_HUMAN,0,206
Q92481,AP2B_HUMAN,0,229
Q92754,AP2C_HUMAN,0,185
Q7Z6R9,AP2D_HUMAN,0,182
Q6VUC0,AP2E_HUMAN,0,208
Q01664,TFAP4_HUMAN,223,338
Q12800,TFCP2_HUMAN,238,332
Q9NZI6,TF2L1_HUMAN,218,308
Q14186,TFDP1_HUMAN,"39,339","117,410"
Q14188,TFDP2_HUMAN,"0,367","134,446"
P19532,TFE3_HUMAN,"0,437","327,575"
P19484,TFEB_HUMAN,"41,326","219,476"
O14948,TFEC_HUMAN,"0,231","129,347"
Q15583,TGIF1_HUMAN,99,272
Q9GZN2,TGIF2_HUMAN,82,237
Q8IUE1,TF2LX_HUMAN,"0,116","56,241"
Q8IUE0,TF2LY_HUMAN,"0,115","57,185"
Q9NVV9,THAP1_HUMAN,,
Q9P2Z0,THA10_HUMAN,85,257
Q96EK4,THA11_HUMAN,83,251
O43422,P52K_HUMAN,87,155
Q9H0W7,THAP2_HUMAN,178,228
Q8WTV1,THAP3_HUMAN,76,178
Q8WY91,THAP4_HUMAN,0,328
Q7Z6K1,THAP5_HUMAN,81,311
Q8TBB0,THAP6_HUMAN,,
Q9BT49,THAP7_HUMAN,99,230
Q8NA92,THAP8_HUMAN,79,174
Q9H5L6,THAP9_HUMAN,"0,850","129,903"
P10827,THA_HUMAN,,
P10828,THB_HUMAN,0,93
P31314,TLX1_HUMAN,0,207
O43763,TLX2_HUMAN,0,164
O43711,TLX3_HUMAN,0,173
P04637,P53_HUMAN,"0,280","101,393"
Q9H3D4,P63_HUMAN,"0,348,446,609","190,400,544,680"
O15350,P73_HUMAN,"0,299","139,489"
Q8N7U7,TPRX1_HUMAN,"0,123","64,508"
Q96PN7,TREF1_HUMAN,"0,973,1152","798,1105,1220"
Q9UHF7,TRPS1_HUMAN,"0,371,726,943","226,531,906,1226"
Q15714,T22D1_HUMAN,0,978
Q6ZSZ6,TSH1_HUMAN,"0,267,445","218,402,891"
Q9NRE2,TSH2_HUMAN,"0,407,966","369,848,1034"
Q63HK5,TSH3_HUMAN,"0,235,415","189,375,899"
Q15672,TWST1_HUMAN,0,104
Q8WVJ9,TWST2_HUMAN,0,59
Q9NZI7,UBIP1_HUMAN,235,369
A6NJT0,UNC4_HUMAN,"0,162","109,531"
P22415,USF1_HUMAN,71,242
Q15853,USF2_HUMAN,0,278
Q5SQQ9,VAX1_HUMAN,"0,153","70,334"
Q9UIW0,VAX2_HUMAN,"0,157","75,290"
P11473,VDR_HUMAN,148,218
O95231,VENTX_HUMAN,"0,148","94,258"
Q14119,VEZF1_HUMAN,"0,324","171,521"
Q9NZR4,VSX1_HUMAN,"0,276","166,365"
P58304,VSX2_HUMAN,"0,261","148,361"
O95785,WIZ_HUMAN,"0,389,864,1200,1328,1693","352,649,1144,1278,1630,1820"
P19544,WT1_HUMAN,0,399
P17861,XBP1_HUMAN,"0,139","67,376"
P67809,YBOX1_HUMAN,"0,98","54,324"
Q9Y2T7,YBOX2_HUMAN,"0,131","88,364"
P16989,YBOX3_HUMAN,0,372
P25490,TYY1_HUMAN,0,292
O15391,TYY2_HUMAN,0,255
O96006,ZBED1_HUMAN,623,694
Q9BTP6,ZBED2_HUMAN,0,52
Q96IU2,ZBED3_HUMAN,0,125
O75132,ZBED4_HUMAN,"0,341,505","292,447,561"
Q49AG3,ZBED5_HUMAN,0,111
P86452,ZBED6_HUMAN,"0,290,806","245,406,857"
Q9Y2K1,ZBTB1_HUMAN,110,498
O95625,ZBT11_HUMAN,"123,319","190,575"
Q9Y330,ZBT12_HUMAN,130,331
O43829,ZBT14_HUMAN,125,261
Q05516,ZBT16_HUMAN,126,421
Q13105,ZBT17_HUMAN,114,302
Q99592,ZBT18_HUMAN,127,418
Q8N680,ZBTB2_HUMAN,"146,429","359,514"
Q9HC78,ZBT20_HUMAN,"0,193,683","75,578,741"
Q9ULJ3,ZBT21_HUMAN,"118,794,960","544,909,1066"
O15209,ZBT22_HUMAN,"150,569","483,634"
O43167,ZBT24_HUMAN,"127,514","297,697"
P24278,ZBT25_HUMAN,118,346
Q9HCK0,ZBT26_HUMAN,"128,379","246,441"
Q9Y2Y4,ZBT32_HUMAN,112,372
Q86T24,KAISO_HUMAN,"118,598","479,672"
Q8NCN2,ZBT34_HUMAN,132,369
Q5TC79,ZBT37_HUMAN,"137,452","349,503"
Q8NAP3,ZBT38_HUMAN,"127,392,530","341,451,1009"
O15060,ZBT39_HUMAN,121,346
Q9P1Z0,ZBTB4_HUMAN,"56,420","290,1013"
Q9NUA8,ZBT40_HUMAN,"120,675,1149","237,734,1239"
Q5SVQ8,ZBT41_HUMAN,"0,176,742","60,384,909"
B2RXF5,ZBT42_HUMAN,119,292
O43298,ZBT43_HUMAN,129,373
Q8NCP5,ZBT44_HUMAN,"126,518","399,570"
Q96K62,ZBT45_HUMAN,126,402
Q86UZ6,ZBT46_HUMAN,"135,496","363,589"
Q9UFB7,ZBT47_HUMAN,"111,688","437,747"
P10074,TZAP_HUMAN,"111,609","293,688"
Q6ZSB9,ZBT49_HUMAN,"119,586","421,765"
O15062,ZBTB5_HUMAN,123,589
Q15916,ZBTB6_HUMAN,133,300
O95365,ZBT7A_HUMAN,"167,488","347,584"
O15156,ZBT7B_HUMAN,"168,459","349,539"
A1YPR0,ZBT7C_HUMAN,"127,476","384,537"
Q8NAP8,ZBT8B_HUMAN,"143,425","336,495"
P37275,ZEB1_HUMAN,"0,277,988","169,904,1125"
O60315,ZEB2_HUMAN,"0,314,697,1091","211,652,1002,1214"
Q9P243,ZFAT_HUMAN,"0,497,1151","265,708,1243"
Q9C0A1,ZFHX2_HUMAN,"0,524,926,1052,1218,1526,1650,1909,2187","444,712,978,1173,1477,1598,1861,2068,2572"
Q15911,ZFHX3_HUMAN,"0,317,738,1126,1287,1463,1576,2028,2299,2758,3095,3499","269,641,910,1221,1357,1534,1981,2248,2646,2949,3455,3703"
Q86UP3,ZFHX4_HUMAN,"0,325,712,1101,1270,1462,1573,1993,2286,2695,3072,3488","274,638,765,1212,1391,1529,1945,2103,2610,2932,3393,3616"
Q6P2D0,ZFP1_HUMAN,0,169
Q9HCL3,ZFP14_HUMAN,0,156
Q6ZN57,ZFP2_HUMAN,0,99
Q8NHY6,ZFP28_HUMAN,"0,240,807","170,416,868"
Q96NJ6,ZFP3_HUMAN,0,142
Q9Y2G7,ZFP30_HUMAN,0,158
Q9Y6Q3,ZFP37_HUMAN,0,292
Q8N8Y5,ZFP41_HUMAN,0,77
Q96MM3,ZFP42_HUMAN,,
Q9NU63,ZFP57_HUMAN,"110,278,485","165,380,536"
Q8NB50,ZFP62_HUMAN,0,165
Q9NTW7,ZF64B_HUMAN,"0,381","146,681"
Q49AA0,ZFP69_HUMAN,0,264
Q9UJL9,ZF69B_HUMAN,0,278
Q8N141,ZFP82_HUMAN,0,163
Q8TF47,ZFP90_HUMAN,0,255
Q96JP5,ZFP91_HUMAN,"0,460","306,570"
A6NM28,ZFP92_HUMAN,62,151
Q8IX07,FOG1_HUMAN,"0,375,880","134,812,1006"
Q8WW38,FOG2_HUMAN,"0,381","138,1151"
P17010,ZFX_HUMAN,0,415
P08048,ZFY_HUMAN,0,412
P0C6A0,ZGLP1_HUMAN,0,208
Q8N5A5,ZGPAT_HUMAN,363,428
Q9UKY1,ZHX1_HUMAN,"0,129,368,515","69,276,467,568"
Q9Y6X8,ZHX2_HUMAN,"0,144,337,698","78,273,446,837"
Q9H4I2,ZHX3_HUMAN,"0,129,386,889","72,323,768,956"
Q15915,ZIC1_HUMAN,"0,380","214,447"
O95409,ZIC2_HUMAN,"0,410","244,532"
O60481,ZIC3_HUMAN,"0,407","241,467"
Q8N9L1,ZIC4_HUMAN,0,85
Q96T25,ZIC5_HUMAN,"0,551","408,639"
Q3SY52,ZIK1_HUMAN,62,149
Q9NZV7,ZIM2_HUMAN,"0,256","196,359"
Q96PE6,ZIM3_HUMAN,0,171
P17029,ZKSC1_HUMAN,"0,122","63,379"
Q63HK3,ZKSC2_HUMAN,"108,407,583","338,492,763"
Q9BRR0,ZKSC3_HUMAN,"0,128","59,315"
Q969J2,ZKSC4_HUMAN,"0,135","68,321"
Q9Y2L8,ZKSC5_HUMAN,"140,452","350,551"
Q9P0L1,ZKSC7_HUMAN,"0,115","61,384"
Q15776,ZKSC8_HUMAN,"0,137","50,327"
P21506,ZNF10_HUMAN,73,261
Q8IYN0,ZN100_HUMAN,88,204
Q8IZC7,ZN101_HUMAN,71,169
Q9UII5,ZN107_HUMAN,"57,601","172,655"
Q9UJU3,ZN112_HUMAN,57,519
Q8NC26,ZN114_HUMAN,0,305
Q03924,ZN117_HUMAN,,
P58317,ZN121_HUMAN,0,137
Q15973,ZN124_HUMAN,0,84
P52739,ZN131_HUMAN,"125,443","245,623"
P52740,ZN132_HUMAN,73,285
P52736,ZN133_HUMAN,52,223
P52741,ZN134_HUMAN,0,174
P52742,ZN135_HUMAN,72,210
P52737,ZN136_HUMAN,0,160
P52744,ZN138_HUMAN,,
P17017,ZNF14_HUMAN,0,140
P52738,ZN140_HUMAN,52,120
Q15928,ZN141_HUMAN,0,178
P52746,ZN142_HUMAN,"0,266,795,1092","220,360,1002,1305"
P52747,ZN143_HUMAN,434,638
Q15072,OZF_HUMAN,,
Q9UQR1,ZN148_HUMAN,"0,290","168,794"
Q13106,ZN154_HUMAN,0,151
Q12901,ZN155_HUMAN,0,174
P51786,ZN157_HUMAN,0,161
P17020,ZNF16_HUMAN,0,212
Q9HCG1,ZN160_HUMAN,62,278
P49910,ZN165_HUMAN,112,340
Q14929,ZN169_HUMAN,64,235
P17021,ZNF17_HUMAN,0,195
Q15697,ZN174_HUMAN,146,327
Q9Y473,ZN175_HUMAN,80,255
Q13360,ZN177_HUMAN,63,283
P17022,ZNF18_HUMAN,138,409
Q9UJW8,ZN180_HUMAN,0,329
Q2M3W8,ZN181_HUMAN,60,232
P17025,ZN182_HUMAN,81,191
Q99676,ZN184_HUMAN,0,223
O75820,ZN189_HUMAN,0,143
P17023,ZNF19_HUMAN,69,157
O14628,ZN195_HUMAN,61,119
O14709,ZN197_HUMAN,"0,138,251,978","50,205,362,1029"
Q9BSG1,ZNF2_HUMAN,0,199
P17024,ZNF20_HUMAN,0,180
P98182,ZN200_HUMAN,130,216
O95125,ZN202_HUMAN,"0,103","55,395"
O95201,ZN205_HUMAN,0,308
O43345,ZN208_HUMAN,,
Q13398,ZN211_HUMAN,79,237
Q9UDV6,ZN212_HUMAN,128,421
O14771,ZN213_HUMAN,104,347
Q9UL59,ZN214_HUMAN,0,192
Q9UL58,ZN215_HUMAN,208,379
O75362,ZN217_HUMAN,"0,176,524,739","54,469,702,1048"
Q9P2Y4,ZN219_HUMAN,"0,202,328,548","56,272,500,722"
P17026,ZNF22_HUMAN,0,55
Q9UK13,ZN221_HUMAN,85,155
Q9UK12,ZN222_HUMAN,0,182
Q9UK11,ZN223_HUMAN,70,174
Q9NZL3,ZN224_HUMAN,70,179
Q9UK10,EGR1_HUMAN,44,177
Q9NYT6,ZN226_HUMAN,0,300
Q86WZ6,ZN227_HUMAN,130,331
Q9UJW7,ZN229_HUMAN,"0,252","189,349"
P17027,ZNF23_HUMAN,0,241
Q9UIE0,RN141_HUMAN,65,168
Q9UNY5,ZN232_HUMAN,"0,140","79,302"
A6NK53,ZN233_HUMAN,128,447
Q14588,ZN234_HUMAN,0,145
Q14590,ZN235_HUMAN,71,320
Q9UL36,ZN236_HUMAN,"304,774,1073,1268","479,971,1168,1660"
Q16600,ZN239_HUMAN,0,203
P17028,ZNF24_HUMAN,114,249
Q8NDW4,ZN248_HUMAN,"63,320","268,378"
P17030,ZNF25_HUMAN,,
P15622,ZN250_HUMAN,0,192
Q9BRH9,ZN251_HUMAN,0,205
O75346,ZN253_HUMAN,50,194
O75437,ZN254_HUMAN,64,212
Q9Y2P7,ZN256_HUMAN,0,224
Q9Y2Q1,ZN257_HUMAN,51,169
P17031,ZNF26_HUMAN,108,167
Q3ZCT1,ZN260_HUMAN,,
O14978,ZN263_HUMAN,"0,99","52,380"
O43296,ZN264_HUMAN,"59,555","205,627"
Q14584,ZN266_HUMAN,"0,92","50,246"
Q14586,ZN267_HUMAN,53,348
Q14587,ZN268_HUMAN,0,59
Q14593,ZN273_HUMAN,0,206
Q96GC6,ZN274_HUMAN,"0,240","172,497"
Q9NSD4,ZN275_HUMAN,0,98
Q8N554,ZN276_HUMAN,"0,262","109,424"
Q9NRM2,ZN277_HUMAN,"0,400","57,450"
P17035,ZNF28_HUMAN,0,247
P59817,Z280A_HUMAN,"0,471","293,542"
Q86YH2,Z280B_HUMAN,"0,489","303,543"
Q8ND82,Z280C_HUMAN,"0,490","232,607"
Q6N043,Z280D_HUMAN,"0,500,732","240,614,979"
Q9Y2X9,ZN281_HUMAN,"0,371","259,895"
Q9UDV7,ZN282_HUMAN,"0,236","91,521"
Q8N7M2,ZN283_HUMAN,0,203
Q2VY69,ZN284_HUMAN,"0,543","170,593"
Q96NJ3,ZN285_HUMAN,146,309
Q9HBT8,Z286A_HUMAN,0,246
Q9HBT7,ZN287_HUMAN,"0,108,232","60,175,357"
O60281,ZN292_HUMAN,"589,819,1982,2284,2430","679,1908,2167,2366,2723"
Q8WUU4,ZN296_HUMAN,"0,276","80,388"
P17036,ZNF3_HUMAN,76,203
P17039,ZNF30_HUMAN,0,199
Q96RE9,ZN300_HUMAN,0,262
Q9NR11,ZN302_HUMAN,72,196
Q9HCX3,ZN304_HUMAN,56,263
Q5JNZ3,ZN311_HUMAN,0,256
A6NFI3,ZN316_HUMAN,"0,201,500,935","156,344,691,1004"
Q96PQ6,ZN317_HUMAN,0,216
Q9P2F9,ZN319_HUMAN,0,77
P17041,ZNF32_HUMAN,0,73
A2RRD8,ZN320_HUMAN,0,157
Q6U7Q0,ZN322_HUMAN,,
O75467,Z324A_HUMAN,39,254
Q6AW86,Z324B_HUMAN,37,253
Q86UD4,ZN329_HUMAN,0,205
Q9NQX6,ZN331_HUMAN,0,137
Q96JL9,ZN333_HUMAN,0,364
Q9HCZ1,ZN334_HUMAN,0,239
Q9H4Z2,ZN335_HUMAN,"0,266,706,1124","231,452,1019,1342"
Q9Y3M9,ZN337_HUMAN,64,186
Q06730,ZN33A_HUMAN,0,325
Q06732,ZN33B_HUMAN,0,324
Q8IZ26,ZNF34_HUMAN,0,224
Q9BYN7,ZN341_HUMAN,"0,369,732","322,440,854"
Q6P1L6,ZN343_HUMAN,"0,139","61,267"
Q14585,ZN345_HUMAN,0,60
Q96SE7,ZN347_HUMAN,100,290
P13682,ZNF35_HUMAN,0,221
Q9GZX5,ZN350_HUMAN,"92,426","202,478"
O60765,Z354A_HUMAN,56,217
Q96LW1,Z354B_HUMAN,60,237
Q86Y25,Z354C_HUMAN,62,195
Q9NW07,ZN358_HUMAN,"0,407","175,568"
Q5T0B9,ZN362_HUMAN,0,223
Q8N895,ZN366_HUMAN,"0,557","251,744"
P17032,ZN37A_HUMAN,59,244
Q96SR6,ZN382_HUMAN,57,294
Q8NA42,ZN383_HUMAN,0,68
Q8TF68,ZN384_HUMAN,"0,509","262,608"
Q9UJN7,ZN391_HUMAN,0,107
Q53GI3,ZN394_HUMAN,"0,176","74,359"
Q96N95,ZN396_HUMAN,"0,134","63,251"
Q8NF99,ZN397_HUMAN,112,262
Q8TD17,ZN398_HUMAN,"184,585","399,642"
Q494X3,ZN404_HUMAN,0,137
Q9C0G0,ZN407_HUMAN,"0,271,625,749,896,1065,1794,2157","175,526,705,850,1022,1414,2065,2248"
Q9H9D4,ZN408_HUMAN,"0,621","352,720"
P51814,ZNF41_HUMAN,"0,187","127,323"
Q86VK4,ZN410_HUMAN,"0,362","217,478"
Q96IQ9,ZN414_HUMAN,"0,200","112,390"
Q09FC8,ZN415_HUMAN,0,240
Q9BWM5,ZN416_HUMAN,69,231
Q8TAU3,ZN417_HUMAN,0,237
Q8TF45,ZN418_HUMAN,0,202
Q96HQ0,ZN419_HUMAN,65,203
Q8TAQ5,ZN420_HUMAN,0,137
Q2M1K9,ZN423_HUMAN,"0,345,549,840,1106","147,410,642,894,1174"
Q6IV72,ZN425_HUMAN,65,246
Q9BUY5,ZN426_HUMAN,0,259
Q86V71,ZN429_HUMAN,50,171
P17038,ZNF43_HUMAN,51,145
Q9H8G1,ZN430_HUMAN,,
Q8TF32,ZN431_HUMAN,0,204
O94892,ZN432_HUMAN,52,207
Q8N7K0,ZN433_HUMAN,66,136
Q9C0F3,ZN436_HUMAN,0,125
Q7Z4V0,ZN438_HUMAN,"0,677","504,761"
Q8NDP4,ZN439_HUMAN,0,192
P15621,ZNF44_HUMAN,0,125
Q8IYI8,ZN440_HUMAN,"45,490","176,595"
Q8N8Z8,ZN441_HUMAN,0,142
Q9H7R0,ZN442_HUMAN,0,123
Q9Y2A4,ZN443_HUMAN,0,165
Q8N0Y2,ZN444_HUMAN,78,247
P59923,ZN445_HUMAN,"0,136,288,915","51,247,483,969"
Q9NWS9,ZN446_HUMAN,123,394
Q6P9G9,ZN449_HUMAN,113,324
Q02386,ZNF45_HUMAN,0,270
Q8N9F8,ZN454_HUMAN,0,207
Q14592,ZN460_HUMAN,"0,490","191,562"
Q8TAF7,ZN461_HUMAN,0,238
Q96JM2,ZN462_HUMAN,"0,967,1412,1602,1735,2107,2367","844,1019,1469,1653,1839,2188,2506"
Q7Z7K2,ZN467_HUMAN,"0,320","159,433"
Q5VIY5,ZN468_HUMAN,0,223
Q96JG9,ZN469_HUMAN,"0,759,3205,3437","719,3113,3337,3953"
Q6ECI4,ZN470_HUMAN,167,230
Q9BX82,ZN471_HUMAN,66,199
Q96JC4,ZN479_HUMAN,58,191
Q96MX3,ZNF48_HUMAN,"0,380","193,453"
Q8WV37,ZN480_HUMAN,68,227
Q8TF39,ZN483_HUMAN,"0,252","53,490"
Q5JVG2,ZN484_HUMAN,0,379
Q8NCK3,ZN485_HUMAN,57,133
B1APH4,ZN487_HUMAN,0,113
Q9ULM2,ZN490_HUMAN,0,155
Q8N8L2,ZN491_HUMAN,0,106
Q9P255,ZN492_HUMAN,0,60
Q6ZR52,ZN493_HUMAN,"61,227","183,320"
Q96IT1,ZN496_HUMAN,104,408
Q6ZNH5,ZN497_HUMAN,0,105
O60304,ZN500_HUMAN,108,327
Q96CX3,ZN501_HUMAN,,
Q8TBZ5,ZN502_HUMAN,0,153
Q5JVG8,ZN506_HUMAN,112,193
Q8TCN5,ZN507_HUMAN,"0,817","638,902"
Q9Y2H8,ZN510_HUMAN,"0,90","50,404"
Q8NB15,ZN511_HUMAN,175,252
Q96ME7,ZN512_HUMAN,"0,486","146,567"
Q96KM6,Z512B_HUMAN,"0,163,554,812","85,498,683,892"
Q8N8E2,ZN513_HUMAN,"0,224","146,359"
Q96K75,ZN514_HUMAN,50,205
Q92618,ZN516_HUMAN,"85,357,456","173,410,1052"
Q6ZMY9,ZN517_HUMAN,69,178
Q6AHZ1,Z518A_HUMAN,316,1326
Q9C0D4,Z518B_HUMAN,211,914
Q8TB69,ZN519_HUMAN,0,286
Q96K83,ZN521_HUMAN,"0,293,833,1098","119,401,886,1194"
Q96C55,ZN524_HUMAN,0,113
Q8N782,ZN525_HUMAN,0,237
Q8TF50,ZN526_HUMAN,"0,407","306,468"
Q8NB42,ZN527_HUMAN,61,297
Q3MIS6,ZN528_HUMAN,0,210
Q6P280,ZN529_HUMAN,68,194
Q6P9A1,ZN530_HUMAN,0,209
Q9HCE3,ZN532_HUMAN,"0,684,964,1111,1227","465,746,1023,1162,1301"
Q76KX8,ZN534_HUMAN,0,278
O15090,ZN536_HUMAN,"0,212,399,531,803","132,273,496,752,1300"
Q8NDQ6,ZN540_HUMAN,0,187
Q9H0D2,ZN541_HUMAN,"0,225,1214","140,1020,1346"
Q08ER8,ZN543_HUMAN,72,194
Q6NX49,ZN544_HUMAN,65,330
Q86UE3,ZN546_HUMAN,0,214
Q8IVP9,ZN547_HUMAN,0,145
Q8NEK5,ZN548_HUMAN,0,210
Q6P9A3,ZN549_HUMAN,0,270
Q7Z398,ZN550_HUMAN,71,201
Q7Z340,ZN551_HUMAN,0,245
Q9H707,ZN552_HUMAN,49,261
Q86TJ5,ZN554_HUMAN,0,313
Q8NEP9,ZN555_HUMAN,0,167
Q9HAH1,ZN556_HUMAN,"44,336","140,456"
Q8N988,ZN557_HUMAN,80,185
Q96NG5,ZN558_HUMAN,85,173
Q9BR84,ZN559_HUMAN,"0,179","114,275"
Q96MR9,ZN560_HUMAN,204,339
Q8N587,ZN561_HUMAN,0,178
Q6V9R5,ZN562_HUMAN,0,180
Q8TA94,ZN563_HUMAN,0,169
Q8TBZ8,ZN564_HUMAN,,
Q8N9K5,ZN565_HUMAN,103,167
Q969W8,ZN566_HUMAN,0,188
Q8N184,ZN567_HUMAN,0,258
Q3ZCX4,ZN568_HUMAN,0,209
Q5MCW4,ZN569_HUMAN,51,181
Q68EA5,ZNF57_HUMAN,0,139
Q96NI8,ZN570_HUMAN,63,234
Q7Z3V5,ZN571_HUMAN,0,189
Q7Z3I7,ZN572_HUMAN,0,131
Q86YE8,ZN573_HUMAN,,
Q6ZN55,ZN574_HUMAN,"0,658","465,739"
Q86XF7,ZN575_HUMAN,0,64
Q9H609,SRRM5_HUMAN,,
Q9BSK1,ZN577_HUMAN,"0,376","146,439"
Q96N58,ZN578_HUMAN,63,261
Q8NAF0,ZN579_HUMAN,"0,243,477","203,384,562"
Q9UK33,ZN580_HUMAN,0,90
Q9P0T4,ZN581_HUMAN,0,84
Q96NG8,ZN582_HUMAN,"59,457","174,517"
Q96ND8,ZN583_HUMAN,0,231
Q8IVC4,ZN584_HUMAN,0,212
Q6P3V2,Z585A_HUMAN,"0,289","129,353"
Q52M93,Z585B_HUMAN,"0,288","138,351"
Q9NXT0,ZN586_HUMAN,0,124
Q96SQ5,ZN587_HUMAN,0,238
Q86UQ0,ZN589_HUMAN,76,250
Q92610,ZN592_HUMAN,"0,907,1045","543,982,1267"
Q96JF6,ZN594_HUMAN,0,164
Q8IYB9,ZN595_HUMAN,59,168
Q8TC21,ZN596_HUMAN,,
Q96LX8,ZN597_HUMAN,"0,258","110,336"
Q96NL3,ZN599_HUMAN,69,199
Q6ZNG1,ZN600_HUMAN,0,256
Q86T29,ZN605_HUMAN,0,155
Q8WXB4,ZN606_HUMAN,"0,113","70,406"
Q96SK3,ZN607_HUMAN,0,175
Q8N9Z0,ZN610_HUMAN,89,172
Q8N823,ZN611_HUMAN,0,256
Q6PF04,ZN613_HUMAN,"104,543","201,617"
Q8N883,ZN614_HUMAN,0,284
Q8N8J6,ZN615_HUMAN,0,216
Q08AN1,ZN616_HUMAN,0,180
Q5T7W0,ZN618_HUMAN,"0,214","127,463"
Q8N2I2,ZN619_HUMAN,"70,484","197,576"
Q6ZNG0,ZN620_HUMAN,64,192
Q6ZSS3,ZN621_HUMAN,340,439
O75123,ZN623_HUMAN,0,66
Q9P2J8,ZN624_HUMAN,0,279
Q96I27,ZN625_HUMAN,0,130
Q68DY1,ZN626_HUMAN,,
Q7L945,ZN627_HUMAN,0,166
Q5EBL2,ZN628_HUMAN,"221,642","453,1059"
Q9UEG4,ZN629_HUMAN,"0,536","147,869"
Q9UID6,ZN639_HUMAN,0,177
Q96N77,ZN641_HUMAN,0,247
Q9H582,ZN644_HUMAN,"0,559,1109","411,1040,1252"
O15015,ZN646_HUMAN,"0,310,520,671,891,1100,1349,1604","237,372,618,843,1051,1204,1536,1676"
Q5T619,ZN648_HUMAN,0,278
Q9BS31,ZN649_HUMAN,"0,451","180,505"
Q9Y2D9,ZN652_HUMAN,"0,493","243,606"
Q96CK0,ZN653_HUMAN,"0,168","120,462"
Q8IZM8,ZN654_HUMAN,"0,473,603,865","53,543,742,1128"
Q8N720,ZN655_HUMAN,"0,439","210,491"
Q5TYW1,ZN658_HUMAN,0,516
Q6ZN08,ZNF66_HUMAN,51,136
Q6AZW8,ZN660_HUMAN,,
Q6ZS27,ZN662_HUMAN,0,215
Q8N3J9,ZN664_HUMAN,,
Q9H7R5,ZN665_HUMAN,0,179
Q5HYK9,ZN667_HUMAN,"67,271","148,332"
Q96K58,ZN668_HUMAN,"0,408","108,515"
Q96BR6,ZN669_HUMAN,0,96
Q9BS34,ZN670_HUMAN,0,100
Q8TAW3,ZN671_HUMAN,93,280
Q499Z4,ZN672_HUMAN,,
Q2M3X9,ZN674_HUMAN,,
Q8TD23,ZN675_HUMAN,48,167
Q8N7Q3,ZN676_HUMAN,0,180
Q86XU0,ZN677_HUMAN,0,282
Q5SXM1,ZN678_HUMAN,0,95
Q8IYX0,ZN679_HUMAN,62,187
Q8NEM1,ZN680_HUMAN,63,181
Q96N22,ZN681_HUMAN,"52,244","182,331"
O95780,ZN682_HUMAN,50,172
Q8IZ20,ZN683_HUMAN,0,317
Q5T5D7,ZN684_HUMAN,58,138
Q8N1G0,ZN687_HUMAN,"0,605,879,1048","391,669,963,1201"
Q96CS4,SEHBP_HUMAN,0,159
Q9UC07,ZNF69_HUMAN,0,192
Q5VV52,ZN691_HUMAN,0,110
Q9BU19,ZN692_HUMAN,"93,460","328,519"
Q8IW36,ZN695_HUMAN,63,154
Q9H7X3,ZN696_HUMAN,0,150
Q5TEC3,ZN697_HUMAN,0,261
Q32M78,ZN699_HUMAN,0,196
P17097,ZNF7_HUMAN,55,209
Q9UC06,ZNF70_HUMAN,0,139
Q9H0M5,ZN700_HUMAN,0,196
Q9NV72,ZN701_HUMAN,0,240
Q6ZN79,Z705A_HUMAN,71,168
P0CH99,Z705D_HUMAN,68,169
A8MUZ8,Z705G_HUMAN,71,165
Q96C28,ZN707_HUMAN,0,200
P17019,ZN708_HUMAN,57,138
Q8N972,ZN709_HUMAN,0,102
Q9NQZ8,ZNF71_HUMAN,0,192
Q8N1W2,ZN710_HUMAN,"0,592","301,664"
Q9Y462,ZN711_HUMAN,0,421
Q8N859,ZN713_HUMAN,90,281
Q96N38,ZN714_HUMAN,0,145
A6NP11,ZN716_HUMAN,62,197
Q9BY31,ZN717_HUMAN,"115,663","305,752"
Q3SXZ3,ZN718_HUMAN,0,164
Q8TF20,ZN721_HUMAN,,
A8MTY0,ZN724_HUMAN,"50,206","170,264"
A6NNF4,ZN726_HUMAN,53,251
A8MUV8,ZN727_HUMAN,56,144
A6NN14,ZN729_HUMAN,64,370
Q6ZMV8,ZN730_HUMAN,110,173
B4DXR9,ZN732_HUMAN,,
P0CB33,ZN735_HUMAN,68,191
B4DX44,ZN736_HUMAN,55,139
O75373,ZN737_HUMAN,50,172
Q16587,ZNF74_HUMAN,0,250
Q8NDX6,ZN740_HUMAN,0,91
Q6NUN9,ZN746_HUMAN,"165,602","526,660"
O43361,ZN749_HUMAN,0,295
Q96N20,ZN75A_HUMAN,"0,101","63,380"
P51815,ZN75D_HUMAN,"0,127,277","60,198,364"
P36508,ZNF76_HUMAN,"74,366","127,514"
Q86XN6,ZN761_HUMAN,0,265
Q0D2J5,ZN763_HUMAN,0,172
Q96H86,ZN764_HUMAN,84,174
Q7L2R6,ZN765_HUMAN,0,235
Q5HY98,ZN766_HUMAN,54,213
Q9H5H4,ZN768_HUMAN,0,266
Q15935,ZNF77_HUMAN,44,209
Q6IQ21,ZN770_HUMAN,"249,519","446,619"
Q7L3S4,ZN771_HUMAN,0,68
Q68DY9,ZN772_HUMAN,"0,146","104,216"
Q6PK81,ZN773_HUMAN,54,191
Q6NX45,ZN774_HUMAN,0,150
Q96BV0,ZN775_HUMAN,"0,386","107,444"
Q68DI1,ZN776_HUMAN,0,263
Q9ULD5,ZN777_HUMAN,"0,325","182,549"
Q96MU6,ZN778_HUMAN,113,275
O75290,Z780A_HUMAN,0,158
Q9Y6R6,Z780B_HUMAN,0,163
Q8N8C0,ZN781_HUMAN,,
Q6ZMW2,ZN782_HUMAN,0,391
Q8NCA9,ZN784_HUMAN,271,323
A8K8V0,ZN785_HUMAN,0,177
Q8N393,ZN786_HUMAN,0,392
Q6DD87,ZN787_HUMAN,"0,217","65,278"
Q5FWF6,ZN789_HUMAN,73,183
Q15937,ZNF79_HUMAN,0,194
Q6PG37,ZN790_HUMAN,"0,579","215,636"
Q3KP31,ZN791_HUMAN,0,101
Q3KQV3,ZN792_HUMAN,63,280
Q6ZN11,ZN793_HUMAN,88,223
Q96GE5,ZN799_HUMAN,0,164
P17098,ZNF8_HUMAN,"0,445","256,575"
P51504,ZNF80_HUMAN,,
Q2TB10,ZN800_HUMAN,"141,265","227,477"
Q5CZA5,ZN805_HUMAN,"59,554","202,627"
Q8N4W9,ZN808_HUMAN,0,257
P51508,ZNF81_HUMAN,0,304
Q6ZN06,ZN813_HUMAN,0,241
B7Z6K7,ZN814_HUMAN,0,213
Q0VGE8,ZN816_HUMAN,0,253
P16415,ZN823_HUMAN,0,163
Q17R98,ZN827_HUMAN,"0,461,946","374,807,1017"
Q3KNS6,ZN829_HUMAN,0,206
P51522,ZNF83_HUMAN,0,107
Q9Y2P0,ZN835_HUMAN,0,112
Q6ZNA1,ZN836_HUMAN,50,218
Q96EG3,ZN837_HUMAN,0,267
P51523,ZNF84_HUMAN,0,257
Q6ZN19,ZN841_HUMAN,75,301
Q08AG5,ZN844_HUMAN,"0,361","161,622"
Q96IR2,ZN845_HUMAN,0,245
Q147U1,ZN846_HUMAN,83,196
Q03923,ZNF85_HUMAN,55,171
P0CG23,ZN853_HUMAN,"0,378","172,493"
A6NHJ4,ZN860_HUMAN,0,248
P10072,ZN875_HUMAN,51,276
C9JN71,ZN878_HUMAN,0,141
B4DU55,ZN879_HUMAN,61,221
Q6PDB4,ZN880_HUMAN,0,210
A8MT65,ZN891_HUMAN,103,320
Q03938,ZNF90_HUMAN,54,169
Q05481,ZNF91_HUMAN,64,149
Q03936,ZNF92_HUMAN,106,177
P35789,ZNF93_HUMAN,51,168
A6NK75,ZNF98_HUMAN,61,182
A8MXY4,ZNF99_HUMAN,54,234
Q8NBB4,ZSCA1_HUMAN,"128,342","288,408"
Q96SZ4,ZSC10_HUMAN,"102,453","343,522"
O43309,ZSC12_HUMAN,106,278
Q9H4T2,ZSC16_HUMAN,121,261
Q7Z7L9,ZSCA2_HUMAN,0,219
P17040,ZSC20_HUMAN,"0,111,413,549,813","60,320,483,702,875"
Q9Y5A6,ZSC21_HUMAN,124,275
P10073,ZSC22_HUMAN,"0,106","60,267"
Q3MJ62,ZSC23_HUMAN,"0,111","58,246"
Q6NSZ9,ZSC25_HUMAN,127,372
Q16670,ZSC26_HUMAN,"0,109","61,279"
Q8IWY8,ZSC29_HUMAN,"78,311,470","243,411,674"
Q86W11,ZSC30_HUMAN,"0,127","59,298"
Q96LW9,ZSC31_HUMAN,101,242
Q9NX65,ZSC32_HUMAN,"98,319","256,515"
Q8NAM6,ZSCA4_HUMAN,0,313
Q9BUG6,ZSA5A_HUMAN,"0,120","55,355"
A6NJL1,ZSA5B_HUMAN,"0,140","55,354"
A6NGD5,ZSA5C_HUMAN,"0,122","55,350"
O15535,ZSC9_HUMAN,132,252
P98168,ZXDA_HUMAN,"0,577","259,799"
P98169,ZXDB_HUMAN,"0,581","266,803"
Q2QGD7,ZXDC_HUMAN,"0,443","177,858"