SEQid,Name,PRDscore,PRDstart,PRDend,PRDlen,PRDaa,FractionAromatic
ENSP00000371861.4,DAZ2,59.193,132,530,399,NPPPPPQFQNVWRNPNTETYLQPQITPNPVTQHVQAYSAYPHSPGQVITGCQLLVYNYQEYPTYPDSAFQVTTGYQLPVYNYQPFPAYPRSPFQVTAGYQLPVYNYQAFPAYPNSPFQVATGYQFPVYNYQPFPAYPSSPFQVTAGYQLPVYNYQAFPAYPNSPFQVATGYQFPVYNYQAFPAYPNSPVQVTTGYQLPVYNYQAFPAYPNSPVQVTTGYQLPVYNYQAFPAYPSSPFQVTTGYQLPVYNYQAFPAYPSSPFQVTTGYQLPVYNYQAFPAYPSSPFQVTTGYQLPVYNYQAFPAYPSSPFQVTTGYQLPVYNYQAFPAYPSSPFQVTTGYQLPVYNYQAFPAYPSSPFQVTTGYQLPVYNYQAFPAYPNSAVQVTTGYQFHVYNYQMPPQ,0.22807017543859648
ENSP00000498344.1,AMELY,20.533,92,152,61,QQPRVRQQALMPVPGQQSMTPTQHHQPNLPLPAQQPFQPQPVQPQPHQPMQPQPPVQPMQP,0.01639344262295082
ENSP00000508087.1,DAZ4,61.467,297,695,399,NPPPPPQFQNVWRNPNTETYLQPQITPNPVTQHVQAYSAYPHSPGQVITGCQLLVYNYQEYPTYPDSAFQVTTGYQLPVYNYQPFPAYPRSPFQVTAGYQLPVYNYQAFPAYPNSPFQVATGYQFPVYNYQPFPAYPSSPFQVTAGYQLPVYNYQAFPAYPNSPFQVATGYQFPVYNYQAFPAYPNSPVQVTTGYQLPVYNYQAFPAYPNSPFQVATGYQFPVYNYQAFPAYPNSPVQVTTGYQLPVYNYQAFPAYPSSPFQVTTGYQLPVYNYQAFPAYPSSPFQVTTGYQLPVYNYQAFPAYPSSPFQVTTGYQLPVYNYQAFPAYPSSPFQVTTGYQLPVYNYQAFPAYPSSPFQVTTGYQLPVYNYQAFPAYPNSAVQVTTGYQFHVYNYQMPPQ,0.23057644110275688
ENSP00000384573.1,DAZ1,38.025,462,716,255,NPPPPPQFQNVWRNPNTETYLQPQITPNPVTQHVQAYSAYPHSPGQVITGCQLLVYNYQEYPTYPDSAFQVTTGYQLPVYNYQPFPAYPRSPFQVTAGYQLPVYNYQAFPAYPNSPFQVATGYQFPVYNYQPFPAYPSSPFQVTAGYQLPVYNYQAFPAYPNSPFQVATGYQFPVYNYQAFPAYPNSPVQVTTGYQLPVYNYQAFPAYPSSPFQVTTGYQLPVYNYQAFPAYPNSAVQVTTGYQFHVYNYQMPPQ,0.2196078431372549
ENSP00000371802.2,DAZ3,44.618,132,410,279,NPPPPPQFQNVWRNPNTETYLQPQITPNPVTQHVQAYSAYPHSPGQVITGCQLLVYNYQEYPTYPDSAFQVTTGYQLPVYNYQPFPAYPRSPFQVTAGYQLPVYNYQAFPAYPNSPFQVATGYQFPVYNYQAFPAYPNSPVQVTTGYQLPVYNYQAFPAYPNSPFQVATGYQFPVYNYQAFPAYPNSPVQVTTGYQLPVYNYQAFPAYPNSPFQVATGYQFPVYNYQAFPAYPNSPVQVTTGYQLPVYNYQAFPAYPNSAVQVTTGYQFHVYNYQMPPQ,0.21863799283154123
ENSP00000286835.7,SCAF4,17.321,312,402,91,SPPPPQAPFGFPGDGMQQPAYTQHQNMDQFQPRMMGIQQDPMHHQVPLPPNGQMPGFGLLPTPPFPPMAQPVIPPTPPVQQPFQASFQAQN,0.08791208791208792
ENSP00000334985.2,KRTAP19-5,6.506,1,72,72,MNYYGNYYGGLGYGYGGFDDLGYGYGCGCGSFRRLGYGGGYGGYGYGSGFGGYGYRSCRPSCYGGYGFSGFY,0.3055555555555556
ENSP00000397435.2,TSC22D1,40.943,497,787,291,QQQQQQQQQQQQQPALQGVTLQQMDFGSTGPQSIPAVSIPQSISQSQISQVQLQSQELSYQQKQGLQPVPLQATMSAATGIQPSPVNVVGVTSALGQQPSISSLAQPQLPYSQAAPPVQTPLPGAPPPQQLQYGQQQPMVSTQMAPGHVKSVTQNPASEYVQQQPILQTAMSSGQPSSAGVGAGTTVIPVAQPQGIQLPVQPTAVPAQPAGASVQPVGQAPAAVSAVPTGSQIANIGQQANIPTAVQQPSTQVPPSVIQQGAPPSSQVVPPAQTGIIHQGVQTSAPSLPQQ,0.01718213058419244
ENSP00000263205.7,MED15,121.156,81,378,298,PMNALQSLTGGPAAGAAGIGMPPRGPGQSLGGMGSLGAMGQPMSLSGQPPPGTSGMAPHSMAVVSTATPQTQLQLQQVALQQQQQQQQFQQQQQAALQQQQQQQQQQQFQAQQSAMQQQFQAVVQQQQQLQQQQQQQQHLIKLHHQNQQQIQQQQQQLQRIAQLQLQQQQQQQQQQQQQQQQALQAQPPIQQPPMQQPQPPPSQALPQQLQQMHHTQHHQPPPQPQQPPVAQNQPSQLPPQSQTQPLVSQAQALPGQMLYTQPPLKFVRAPMVVQQPPVQPQVQQQQTAVQTAQAAQM,0.016778523489932886
ENSP00000375108.2,KRTAP19-1,8.886,1,90,90,MSHYGSYYGGLGYSCGGFGGLGYGYGCGCGSFCRRGSGCGYGGYGYGSGFGSYGYGSGFGGYGYGSGFGGYGYGCCRPSYNGGYGFSGFY,0.2777777777777778
ENSP00000482245.1,DACH1,22.557,74,163,90,GGGGGGGGSGGGGGSSGNGGGGGGGGGGSNCNPNLAAASNGSGGGGGGISAGGGVASSTPINASTGSSSSSSSSSSSSSSSSSSSSSSSS,0.0
ENSP00000343966.4,PSPC1,17.166,403,523,121,NMGDAFSPAPAGNQGPPPMMGMNMNNRATIPGPPMGPGPAMGPEGAANMGTPMMPDNGAVHNDRFPQGPPSQMGSPMGSRTGSETPQAPMSGVGPVSGGPGGFGRGSQGGNFEGPNKRRRY,0.04132231404958678
ENSP00000386376.2,KRTAP19-3,9.042,1,81,81,MSYYGSYYGGLGYGCGGFGGLGYGYGCGCGSFRRLGSGCGYGGYGYGSGFGGYGYGSGFGGYGYGCYRPSYYGGYGFSGFY,0.30864197530864196
ENSP00000410584.2,CELF4,27.545,241,414,174,MQQMAGQMGMFNPMAIPFGAYGAYAQALMQQQAALMASVAQGGYLNPMAAFAAAQMQQMAALNMNGLAAAPMTPTSGGSTPPGITAPAVPSIPSPIGVNGFTGLPPQANGQPAAEAVFANGIHPYPAQSPTAADPLQQAYAGVQQYAGPAAYPAAYGQISQAFPQPPPMIPQQQ,0.08045977011494253
ENSP00000414516.2,SS18,160.071,67,418,352,SNQNMQSLLPAPPTQNMPMGPGGMNQSGPPPPPRSHNMPSDGMVGGGPPAPHMQNQMNGQMPGPNHMPMQGPGPNQLNMTNSSMNMPSSSHGSMGGYNHSVPSSQSMPVQNQMTMSQGQPMGNYGPRPNMSMQPNQGPMMHQQPPSQQYNMPQGGGQHYQGQQPPMGMMGQVNQGNHMMGQRQIPPYRPPQQGPPQQYSGQEDYYGDQYSHGGQGPPEGMNQQYYPDGHNDYGYQQPSYPEQGYDRPYEDSSQHYYEGGNSQYGQQQDAYQGPPPQQGYPPQQQQYPGQQGYPGQQQGYGPSQGGPGPQYPNYPQGQGQQYGGYRPTQPGPPQPPQQRPYGYDQGQYGNYQQ,0.09090909090909091
ENSP00000351614.2,SYN3,31.596,419,523,105,SPGQAQLGPQLGQPQPRPPPQGGPRQAQSPQPQRSGSPSQQRLSPQGQQPLSPQSGSPQQQRSPGSPQLSRASSGSSPNQASKPGATLASQPRPPVQGRSTSQQG,0.0
ENSP00000401946.2,TNRC6B,23.642,1186,1333,148,NPQNFAARQGGSHGLFGNSTAQSRGLHTPVQPLNSSPSLRAQVPPQFISPQVSASMLKQFPNSGLSPGLFNVGPQLSPQQIAMLSQLPQIPQFQLACQLLLQQQQQQQLLQNQRKISQAVRQQQEQQLARMVSALQQQQQQQQRQPGM,0.04054054054054054
ENSP00000368880.4,FOXO1,15.806,392,456,65,QSSPGTMMQQTPCYSFAPPNTSLNSPSPNYQKYTYGQSSMSPLPQMPIQTLQDNKSSYGGMSQYN,0.1076923076923077
ENSP00000351894.2,NCOA6,203.321,227,873,647,QQQSHPSGSLAPPHHPMQPVSVNRQMNPANFPQLQQQQQQQQQQQQQQQQQQQQQQQQQLQARPPQQHQQQQPQGIRPQFTAPTQVPVPPGWNQLPSGALQPPPAQGSLGTMTANQGWKKAPLPGPMQQQLQARPSLATVQTPSHPPPPYPFGSQQASQAHTNFPQMSNPGQFTAPQMKSLQGGPSRVPTPLQQPHLTNKSPASSPSSFQQGSPASSPTVNQTQQQMGPRPPQNNPLPQGFQQPVSSPGRNPMVQQGNVPPNFMVMQQQPPNQGPQSLHPGLGGMPKRLPPGFSAGQANPNFMQGQVPSTTATTPGNSGAPQLQANQNVQHAGGQGAGPPQNQMQVSHGPPNMMQPSLMGIHGNMNNQQAGTSGVPQVNLSNMQGQPQQGPPSQLMGMHQQIVPSQGQMVQQQGTLNPQNPMILSRAQLMPQGQMMVNPPSQNLGPSPQRMTPPKQMLSQQGPQMMAPHNQMMGPQGQVLLQQNPMIEQIMTNQMQGNKQQFNTQNQSNVMPGPAQIMRGPTPNMQGNMVQFTGQMSGQMLPQQGPVNNSPSQVMGIQGQVLRPPGPSPHMAQQHGDPATTANNDVSLSQMMPDVSIQQTNMVPPHVQAMQGNSASGNHFSGHGMSFNAPFSGAPNGNQMSCGQNPG,0.027820710973724884
ENSP00000370090.3,AMELX,22.851,91,166,76,QQPVIPQQPMMPVPGQHSMTPIQHHQPNLPPPAQQPYQPQPVQPQPHQPMQPQPPVHPMQPLPPQPPLPPMFPMQP,0.02631578947368421
ENSP00000330218.1,SOX1,15.563,172,295,124,SPGGAAGGGYAHVNGWANGAYPGSVAAAAAAAAMMQEAQLAYGQHPGAGGAHPHAHPAHPHPHHPHAHPHNPQPMHRYDMGALQYSPISNSQGYMSASPSGYGGLPYGAAAAAAAAAGGAHQNS,0.07258064516129033
ENSP00000269499.4,ZCCHC2,16.94,1024,1130,107,NGNLQLNSYYYPNPMPGPMYRVPSFFTLPSICNGSYLNQAHQSNGNQLPFFLPQTPYANGLVHDPVMGSQANYGMQQMAGFGRFYPVYPAPNVVANTSGSGPKKNGN,0.14018691588785046
ENSP00000333640.5,EYA2,23.724,61,186,126,QPSTAMAAYGQTQYSAGIQQATPYTAYPPPAQAYGIPSYSIKTEDSLNHSPGQSGFLSYGSSFSTSPTGQSPYTYQMHGTTGFYQGGNGLGNAAGFGSVHQDYPSYPGFPQSQYPQYYGSSYNPPY,0.1746031746031746
ENSP00000494572.1,DYRK1A,12.536,584,673,90,PQQNALHHHHGNSSHHHHHHHHHHHHHGQQALGNRTRPRVYNSPTNSSSTQDSMEVGHSHHSMTSLSSSTTSSSTSSSSTGNQGNQAYQN,0.022222222222222223
ENSP00000365950.3,RBM3,12.447,91,157,67,GGGFGAHGRGRSYSRGGGDQGYGSGRYYDSRPGGYGYGYGRSRDYNGRNQGGYDRYSGGNYRDNYDN,0.19402985074626866
ENSP00000218894.10,SUPT20H,22.814,636,754,119,QQQQQQLSQFTPQQPQQPTTCSPQQPGEQGSEQGSTSQEQALSAQQAAVINLTGVGSFMQSQAAVLSQLGSAENRPEQSLPQQRFQLSSAFQQQQQQIQQLRFLQHQMAMAAAAAQTAQ,0.04201680672268908
ENSP00000361066.3,NCOA3,89.385,1111,1424,314,YGQTYPAQGPPMQGGFHLQGQSPSFNSMMNQMNQQGNFPLQGMHPRANIMRPRTNTPKQLRMQLQQRLQGQQFLNQSRQALELKMENPTAGGAAVMRPMMQPQVSSQQGFLNAQMVAQRSRELLSHHFRQQRVAMMMQQQQQQQQQQQQQQQQQQQQQQQQQQQQQTQAFSPPPNVTASPSMDGLLAGPTMPQAPPQQFPYQPNYGMGQQPDPAFGRVSSPPNAMMSSRMGPSQNPMMQHPQAASIYQSSEMKGWPSGNLARNSSFSQQQFAHQGNPAVYSMVHMNGSSGHMGQMNMNPMPMSGMPMGPDQKYC,0.06050955414012739
ENSP00000362272.2,HDX,14.981,337,421,85,NQSTTLPGPGRNMPNSQMVNIRDMSDNVLYQNRNYHLTPRTSLHTASSTMYSNTNPLRSNFSPHFASSNQLRLSQNQNNYQISGN,0.07058823529411765
ENSP00000263253.7,EP300,102.599,2092,2384,293,YANSNPQPIPGQPGMPQGQPGLQPPTMPGQQGVHSNPAMQNMNPMQAGVQRAGLPQQQPQQQLQPPMGGMSPQAQQMNMNHNTMPSQFRDILRRQQMMQQQQQQGAGPGIGPGMANHNQFQQPQGVGYPPQQQQRMQHHMQQMQQGNMGQIGQLPQALGAEAGASLQAYQQRLLQQQMGSPVQPNPMSPQQHMLPNQAQSPHLQGQQIPNSLSNQVRSPQPVPSPRPQSQPPHSSPSPRMQPQPSPHHVSPQTSSPHPGLVAAQANPMEQGHFASPDQNSMLSQLASNPGMAN,0.020477815699658702
ENSP00000250448.3,FOXA1,23.438,32,147,116,SNMNSGLGSMNSMNTYMTMNTMTTSGNMTPASFNMSYANPGLGAGLSPGAVAGMPGGSAGAMNSMTAAGVTAMGTALSPSGMGAMGAQQAASMNGLGPYAAAMNPCMSPMAYAPSN,0.04310344827586207
ENSP00000162391.3,FOXJ2,44.53,282,405,124,PPSNNYYMYQQQQPPPPQQQQQQQQPPQPPPQQSQPQQQQAPAQGPSAVGGAPPLHTPSTDGCTPPGGKQAGAEGYGPPPVMAMHPPPLQHGGYHPHQHHPHSHPAQQPPPPQPQAQGQAPINN,0.04032258064516129
ENSP00000388620.1,EOMES,13.818,164,251,88,PYQAAAGAPHGPVYPAPNGARYPYGSMLPPGGFPAAVCPPGRAQFGPGAGAGSGAGGSSGGGGGPGTYQYSQGAPLYGPYPGAAAAGS,0.11363636363636363
ENSP00000340329.4,CAPRIN1,41.785,537,709,173,QQNQYQASYNQSFSSQPHQVEQTELQQEQLQTVVGTYHGSPDQSHQVTGNHQQPPQQNTGFPRSNQPYYNSRGVSRGGSRGARGLMNGYRGPANGFRGGYDGYRPSFSNTPNSGYTQSQFSAPRDYSGYQRDGYQQNFKRGSGQSGPRGAPRGRGGPPRPNRGMPQMNTQQVN,0.10404624277456648
ENSP00000222584.3,SP4,27.063,373,453,81,QSSSQLQPNGMQNAQDQSNSLQQVQIVGQPILQQIQIQQPQQQIIQAIPPQSFQLQSGQTIQTIQQQPLQNVQLQAVNPTQ,0.012345679012345678
ENSP00000265872.6,CCAR1,16.902,1,103,103,MAQFGGQKNPPWATQFTATAVSQPAALGVQQPSLLGASPTIYTQQTALAAAGLTTQTPANYQLTQTAALQQQAAAAAAALQQQYSQPQQALYSVQQQLQQPQQ,0.06796116504854369
ENSP00000442127.2,PRB1,85.857,34,330,297,GNPQGPSPQGGNKPQGPPPPPGKPQGPPPQGGNKPQGPPPPGKPQGPPPQGDKSRSPRSPPGKPQGPPPQGGNQPQGPPPPPGKPQGPPPQGGNRPQGPPPPGKPQGPPPQGDKSRSPSPPGKPQGPPPQGGNQPQGPPPPPGKPQGPPPQGGKKPQGPPPPGKPQGPPPQGDKSRSSQSPPGKPQGPPPQGGNQPQGPPPPPGKPQGPPPQGGNKPQGPPPPGKPQGPPAQGGSKSQSARSPPGKPQGPPQQEGNNPQGPPPPAGGNPQQPQAPPAGQPQGPPRPPQGGRPSRPPQ,0.0
ENSP00000333012.3,SS18L1,100.03,67,396,330,SNQNMQSLLPAPPTQNMNLGPGALTQSGSSQGLHSQGSLSDAISTGLPPSSLLQGQIGNGPSHVSMQQTAPNTLPTTSMSISGPGYSHAGPASQGVPMQGQGTIGNYVSRTNINMQSNPVSMMQQQAATSHYSSAQGGSQHYQGQSSIAMMGQGSQGSSMMGQRPMAPYRPSQQGSSQQYLGQEEYYGEQYSHSQGAAEPMGQQYYPDGHGDYAYQQSSYTEQSYDRSFEESTQHYYEGGNSQYSQQQAGYQQGAAQQQTYSQQQYPSQQSYPGQQQGYGSAQGAPSQYPGYQQGQGQQYGSYRAPQTAPSAQQQRPYGYEQGQYGNYQQ,0.09696969696969697
ENSP00000350359.2,CREB5,22.271,247,364,118,MSNGNMNTMGHMMEMMGSRQDQTPHHHMHSHPHQHQTLPPHHPYPHQHQHPAHHPHPQPHHQQNHPHHHSHSHLHAHPAHHQTSPHPPLHTGNQAQVSPATQQMQPTQTIQPPQPTGG,0.00847457627118644
ENSP00000404412.2,ANXA11,38.536,1,177,177,MSYPGYPPPPGGYPPAAPGGGPWGGAAYPPPPSMPPIGLDNVATYAGQFNQDYLSGMAANMSGTFGGANMPNLYPGAPGAGYPPVPPGGFGQPPSAQQPVPPYGMYPPPGGNPPSRMPSYPPYPGAPVPGQPMPPPGQQPPGAYPGQPPVTYPGQPPVPLPGQQQPVPSYPGYPGSG,0.11299435028248588
ENSP00000262961.3,ZFR2,12.225,1,246,246,MATSQYFDFAQGGGPQYSAQPPTLPLPTVGASYTAQPTPGMDPAVNPAFPPAAPAGYGGYQPHSGQDFAYGSRPQEPVPTATTMATYQDSYSYGQSAAARSYEDRPYFQSAALQSGRMTAADSGQPGTQEACGQPSPHGSHSHAQPPQQAPIVESGQPASTLSSGYTYPTATGVQPESSASIVTSYPPPSYNPTCTAYTAPSYPNYDASVYSAASPFYPPAQPPPPPGPPQQLPPPPAPAGSGSSP,0.10569105691056911
ENSP00000286523.5,MIDEAS,30.318,207,319,113,PPNQSLPLQPFQLAFGHQVNRQVFRQGPPPPNPVAAFPPQKQQQQQQPQQQQQQQQAALPQMPLFENFYSMPQQPSQQPQDFGLQPAGPLGQSHLAHHSMAPYPFPPNPDMNP,0.08849557522123894
ENSP00000430241.1,EBF2,20.358,408,509,102,NPSQLPALSSSPAHSGMMGINSYGSQLGVSISESTQGNNQGYIRNTSSISPRGYSSSSTPQQSNYSTSSNSMNGYSNVPMANLGVPGSPGFLNGSPTGSPYG,0.06862745098039216
ENSP00000506851.1,ADPRHL1,29.503,1134,1238,105,GQVQGHAQEQAQWQTQIEAQGQAQEQAQGGTQGHSQGQAQKQFQNWAQGQAQGHAQEQAQWQTQIEAQGQAQEPAQGGAQGQVQGQAQKWAQGQIQGQAQKQVQG,0.047619047619047616
ENSP00000379682.3,PRH2,54.679,47,166,120,QGPPLGGQQSQPSAGDGNQNDGPQQGPPQQGGQQQQGPPPPQGKPQGPPQQGGHPPPPQGRPQGPPQQGGHPRPPRGRPQGPPQQGGHQQGPPPPPPGKPQGPPPQGGRPQGPPQGQSPQ,0.0
ENSP00000350090.2,HNRNPA1L2,32.765,186,320,135,MASASSSQRGRRGSGNFGGGRGDGFGGNDNFGRGGNFSGRGGFGGSCGGGGYGGSGDGYNGFGNDGSNFGGGGSYNDFGNYNNQSSNFGPMKGGNFGGRSSGPYGGGGQYFAKPQNQGGYGVSSSSSSYGSGRRF,0.14814814814814814
ENSP00000479168.1,PRH1,64.435,47,187,141,QGPPLGGQQSQPSAGDGNQDDGPQQGPPQQGGQQQQGPPPPQGKPQGPPQQGGQQQQGPPPPQGKPQGPPQQGGHPPPPQGRPQGPPQQGGHPRPPRGRPQGPPQQGGHQQGPPPPPPGKPQGPPPQGGRPQGPPQGQSPQ,0.0
ENSP00000374013.4,PRB2,114.161,34,416,383,GNPQGAPPQGGNKPQGPPSPPGKPQGPPPQGGNQPQGPPPPPGKPQGPPPQGGNKPQGPPPPGKPQGPPPQGDKSRSPRSPPGKPQGPPPQGGNQPQGPPPPPGKPQGPPPQGGNKPQGPPPPGKPQGPPPQGDNKSRSSRSPPGKPQGPPPQGGNQPQGPPPPPGKPQGPPPQGGNKPQGPPPPGKPQGPPPQGDNKSQSARSPPGKPQGPPPQGGNQPQGPPPPPGKPQGPPPQGGNKPQGPPPPGKPQGPPPQGGSKSRSSRSPPGKPQGPPPQGGNQPQGPPPPPGKPQGPPPQGGNKPQGPPPPGKPQGPPPQGGSKSRSARSPPGKPQGPPQQEGNNPQGPPPPAGGNPQQPQAPPAGQPQGPPRPPQGGRPSRPPQ,0.0
ENSP00000262367.5,CREBBP,102.512,2111,2386,276,NQPGMQPQPGLQSQPGMQPQPGMHQQPSLQNLNAMQAGVPRPGVPPQQQAMGGLNPQGQALNIMNPGHNPNMASMNPQYREMLRRQLLQQQQQQQQQQQQQQQQQQGSAGMAGGMAGHGQFQQPQGPGGYPPAMQQQQRMQQHLPLQGSSMGQMAAQMGQLGQMGQPGLGADSTPNIQQALQQRILQQQQMKQQIGSPGQPNPMSPQQHMLSGQPQASHLPGQQIATSLSNQVRSPAPVQSPRPQSQPPHSSPSPRIQPQPSPHHVSPQTGSPHPG,0.010869565217391304
ENSP00000279575.1,PRB4,49.447,41,247,207,PQGGNQPQRPPPPPGKPQGPPPQGGNQSQGPPPPPGKPEGRPPQGGNQSQGPPPHPGKPERPPPQGGNQSQGTPPPPGKPERPPPQGGNQSHRPPPPPGKPERPPPQGGNQSQGPPPHPGKPEGPPPQEGNKSRSARSPPGKPQGPPQQEGNKPQGPPPPGKPQGPPPAGGNPQQPQAPPAGKPQGPPPPPQGGRPPRPAQGQQPPQ,0.0
ENSP00000307387.3,PDCD6IP,33.916,786,868,83,PSQTPGSAPPPQAQGPPYPTYPGYPGYCQMPMPMGYNPYAYGQYNMPYPPVYHQSPGQAPYPGPQQPSYPFPQPPQQSYYPQQ,0.18072289156626506
ENSP00000363228.3,RBM12,17.507,716,837,122,NNGPPFNFPGNFGGSNAFGPPIPPPGLGGGAFGDARPGMPSVGNSGLPGLGLDVPGFGGGPNNLSGPSGFGGGPQNFGNGPGSLGGPPGFGSGPPGLGSAPGHLGGPPAFGPGPGPGPGPGP,0.08196721311475409
ENSP00000442626.2,PRB3,72.032,41,351,311,PQGGNQPQRTPPPPGKPEGRPPQGGNQSQGPPPRPGKPEGPPPQGGNQSQGPPPRPGKPEGQPPQGGNQSQGPPPRPGKPEGPPPQGGNQSQGPPPRPGKPEGPPPQGGNQSQGPPPRPGKPEGPPPQGGNQSQGPPPHPGKPEGPPPQGGNQSQGPPPRPGKPEGPPPQGGNQSQGPPPRPGKPEGPPPQGGNKPQGPPPRPGKPEGPPPQGGNQSQGPPPRPGKPEGPPSQGGNKPQGPPPHPGKPQGPPPQEGNKPQRPPPPGRPQGPPPPGGNPQQPLPPPAGKPQGPPPPPQGGRPHRPPQGQPPQ,0.0
ENSP00000370746.3,SNRPB,8.608,167,231,65,QYPPGRGGPPPPMGRGAPPPGMMGPPPGMRPPMGPPMGIPPGRGTPMGMPPPGMRPPPPGMRGLL,0.015384615384615385
ENSP00000287239.4,KAT6B,44.151,1940,2073,134,QSQIYGRSQTVAMQGPARTLTMQRGMNMSVNLMPAPAYNVNSVNMNMNTLNAMNGYSMSQPMMNSGYHSNHGYMNQTPQYPMQMQMGMMGTQPYAQQPMQTPPHGNMMYTAPGHHGYMNTGMSKQSLNGSYMRR,0.07462686567164178
ENSP00000359364.3,YTHDF1,22.581,286,361,76,PQQAPSPQAAPQPQQVAQPLPAQPPALAQPQYQSPQQPPQTRWVAPRNRNAAFGQSGGAGSDSNSPGNVQPNSAPS,0.039473684210526314
ENSP00000365576.4,UBQLN1,18.983,326,471,146,PQTSQSSSASSGTASTVGGTTGSTASGTSGQSTTAPNLVPGVGASMFNTPGMQSLLQQITENPQLMQNMLSAPYMRSMMQSLSQNPDLAAQMMLNNPLFAGNPQLQEQMRQQLPTFLQQMQNPDTLSAMSNPRAMQALLQIQQGLQ,0.0273972602739726
ENSP00000453793.1,MEIS2,11.454,373,477,105,GQQHMGIRPAGLQSMPGDYVSQGGPMGMSMAQPSYTPPQMTPHPTQLRHGPPMHSYLPSHPHHPAMMMHGGPPTHPGMTMSAQSPTMLNSVDPNVGGQVMDIHAQ,0.02857142857142857
ENSP00000379144.3,TNRC6A,48.418,64,127,64,SQPQPANSNNGTSTATSTNNNAKRATANNQQPQQQQQQQQPQQQQPQQQPQPQPQQQQPQQQPQ,0.0
ENSP00000439694.1,SYT7,15.416,224,295,72,QQSLQQPLSQHQRGRQPSQPTTSQSLGQLQAHMASAPGPNPRAYGRGQARQGTSAGSKYRAAGGRSRSNPGS,0.027777777777777776
ENSP00000383700.2,RERE,24.488,727,913,187,SSAQQQMLQAQPPALQAPTGVTPAPSSAPPGTPQLPTPGPTPSATAVPPQGSPTASQAPNQPQAPTAPVPHTHIQQAPALHPQRPPSPHPPPHPSPHPPLQPLTGSAGQPSAPSHAQPPLHGQGPPGPHSLQAGPLLQHPGPPQPFGLPPQASQGQAPLGTSPAAAYPHTSLQLPASQSALQSQQPP,0.0106951871657754
ENSP00000380734.2,FAM98B,21.194,339,433,95,GGGGGGGGRGGGGGGGGRGGWGGGGGGWGGGGGGGGGWGGGGGGGRGGFQGRGDYGGRGGYGGRGGYGGRGYGDPYGGGGGGGGGGGGGGGYRRY,0.11578947368421053
ENSP00000313933.4,BICRAL,25.72,131,467,337,GSSQQFAQAQLHPSSSASFTQASNVSNYSGQTLQPIGVTHVPVGASFASNTVGVQHGFMQHVGISVPSQHLSNSSQISGSGQIQLIGSFGNHPSMMTINNLDGSQIILKGSGQQAPSNVSGGLLVHRQTPNGNSLFGNSSSSPVAQPVTVPFNSTNFQTSLPVHNIIIQRGLAPNSNKVPINIQPKPIQMGQQNTYNVNNLGIQQHHVQQGISFASASSPQGSVVGPHMSVNIVNQQNTRKPVTSQAVSSTGGSIVIHSPMGQPHAPQSQFLIPTSLSVSSNSVHHVQTINGQLLQTQPSQLISGQVASEHVMLNRNSSNMLRTNQPYTGPMLNNQN,0.03857566765578635
ENSP00000295987.7,SYN1,41.035,447,630,184,QTSQQPAGPPAQQRPPPQGGPPQPGPGPQRQGPPLQQRPPPQGQQHLSGLGPPAGSPLPQRLPSPTSAPQQPASQAAPPTQGQGRQSRPVAGGPGAPPAARPPASPSPQRQAGPPQATRQTSVSGPAPPKASGAPPGGQQRQGPPQKPPGPAGPTRQASQAGPVPRTGPPTTQQPRPSGPGPAG,0.0
ENSP00000332444.4,CSTF2T,24.823,469,568,100,GPMTGGIQGPGPINIGAGGPPQGPRQVPGISGVGNPGAGMQGTGIQGTGMQGAGIQGGGMQGAGIQGVSIQGGGIQGGGIQGASKQGGSQPSSFSPGQSQ,0.01
ENSP00000334319.8,PCLO,21.8,442,554,113,QQPGPGKIPAQQAGPGKTSAQQTGPTKPPSQLPGPAKPPPQQPGPAKPPPQQPGSAKPPSQQPGSTKPPPQQPGPAKPSPQQPGSTKPPSQQPGSAKPSAQQPSPAKPSAQQS,0.0
ENSP00000323332.7,CRTC1,16.367,348,475,128,QQLPYAFFTQAGSQQPPPQPQPPPPPPPASQQPPPPPPPQAPVRLPPGGPLLPSASLTRGPQPPPLAVTVPSSLPQSPPENPGQPSMGIDIASAPALQQYRTSAGSPANQSPTSPVSNQGFSPGSSPQ,0.0390625
ENSP00000359215.6,TLX1,13.439,52,124,73,GGAYTYGGGGSAAATGAGGAGAYGTGGPGGPGGPAGGGGACSMGPLTGSYNVNMALAGGPGPGGGGGSSGGAG,0.0547945205479452
ENSP00000254480.5,SMARCC1,28.987,956,1105,150,QQMEQQQHGQNPQQAHQHSGGPGLAPLGAAGHPGMMPHQQPPPYPLMHHQMPPPHPPQPGQIPGPGSMMPGQHMPGRMIPTVAANIHPSGSGPTPPGMPPMPGNILGPRVPLTAPNGMYPPPPQQQPPPPPPADGVPPPPAPGPPASAAP,0.013333333333333334
ENSP00000330101.2,KRT76,13.124,530,638,109,SGSGSGGYKGGSSSSSSSGYGVSGGSGSGYGGVSSGSTGGRGSSGSYQSSSSGSRLGGAGSISVSHSGMGSSSGSIQTSGGSGYKSGGGGSTSIRFSQTTSSSQHSSTK,0.05504587155963303
ENSP00000335044.6,ARID2,39.311,816,1055,240,SQGQQLITTSPQPVQTSSQQTSAGSQSQDTVIIAPPQYVTTSASNIVSATSVQNFQVATGQMVTIAGVPSPQASRVGFQNIAPKPLPSQQVSSTVVQQPIQQPQQPTQQSVVIVSQPAQQGQTYAPAIHQIVLANPAALPAGQTVQLTGQPNITPSSSPSPVPATNNQVPTAMSSSSTPQSQGPPPTVSQMLSVKRQQQQQHSPAPPPQQVQVQVQQPQQVQMQVQPQQSNAGVGQPASG,0.016666666666666666
ENSP00000364346.1,ZNF341,13.808,153,216,64,QPMPQGPPPVQSSLNMHSVPSYLTQPPPPPPPPPPLPPPPPPQPPPPPPQSLGPPGRPNPGGNG,0.015625
ENSP00000374529.5,CCNK,24.817,258,332,75,YSQGKQQMPHHTPHQLQQPPSLQPTPQVPQVQQSQPSQSSEPSQPQQKDPQQPAQQQQPAQQPKKPSPQPSSPRQ,0.013333333333333334
ENSP00000493805.1,HNRNPA1P48,32.714,141,275,135,MASASSSQRGRSGSGNFGGGRGGGFGGNDNFGRGGNFSGRGGFGGSRGGGGYGGSGDGYNGFGNDGSNFGGGGSYNDFGNYNNQSSNFGPMKGGNFEGRSSGPHGGGGQYFAKPRNQGGYGGSSSSSSYGSGRRF,0.14074074074074075
ENSP00000400341.3,FOXA2,25.963,30,147,118,GYSSVSNMNAGLGMNGMNTYMSMSAAAMGSGSGNMSAGSMNMSSYVGAGMSPSLAGMSPGAGAMAGMGGSAGAAGVAGMGPHLSPSLSPLGGQAAGAMGGLAPYANMNSMSPMYGQAG,0.0423728813559322
ENSP00000342012.3,DMKN,49.017,152,325,174,GSQGGLGGQGQGNPGGLGTPWVHGYPGNSAGSFGMNPQGAPWGQGGNGGPPNFGTNTQGAVAQPGYGSVRASNQNEGCTNPPPSGSGGGSSNSGGGSGSQSGSSGSGSNGDNNNGSSSGGSSSGSSSGGSSGGSSGGSSGNSGGSRGDSGSESSWGSSTGSSSGNHGGSGGGNG,0.040229885057471264
ENSP00000368752.4,PRNP,16.834,32,98,67,NTGGSRYPGQGSPGGNRYPPQGGGGWGQPHGGGWGQPHGGGWGQPHGGGWGQPHGGGWGQGGGTHSQ,0.1044776119402985
ENSP00000378414.4,SMARCD1,19.299,1,122,122,MAARAGFQSVAPSGGAGASGGAGAAAALGPGGTPGPPVRMGPAPGQGLYRSPMPGAAYPRPGMLPGSRMTPQGPSMGPPGYGGNPSVRPGLAQSGMDQSRKRPAPQQIQQVQQQAVQNRNHN,0.03278688524590164
ENSP00000434552.1,MAML2,127.544,374,752,379,QGPSGSPQLRPPSAGPAFSMANSALSTSSPIPSVPQSQAQPQTGSGASRALPSWQEVSHAQQLKQIAANRQQHARMQQHQQQHQPTNWSALPSSAGPSPGPFGQEKIPSPSFGQQTFSPQSSPMPGVAGGSGQSKVMANYMYKAGPSAQGGHLDVLMQQKPQDLSRSFINNPHPAMEPRQGNTKPLFHFNSDQANQQMPSVLPSQNKPSLLHYTQQQQQQQQQQQQQQQQQQQQQQQQQQQQQQQQQQSSISAQQQQQQQSSISAQQQQQQQQQQQQQQQQQQQQQQQQQQQPSSQPAQSLPSQPLLRSPLPLQQKLLLQQMQNQPIAGMGYQVSQQQRQDQHSVVGQNTGPSPSPNPCSNPNTGSGYMNSQQSLLNQQ,0.036939313984168866
ENSP00000381031.2,EWSR1,77.584,1,328,328,MASTDYSTYSQAAAQQGYSAYTAQPTQGYAQTTQAYGQQSYGTYGQPTDVSYTQAQTTATYGQTAYATSYGQPPTGYTTPTAPQAYSQPVQGYGTGAYDTTTATVTTTQASYAAQSAYGTQPAYPAYGQQPAATAPTRPQDGNKPTETSQPQSSTGGYNQPSLGYGQSNYSYPQVPGSYPMQPVTAPPSYPPTSYSSTQPTSYDQSSYSQQNTYGQPSSYGQQSSYGQQSSYGQQPPTSYPPQTGSYSQAPSQYSQQSSSYGQQSSFRQDHPSSMGVYGQESGGFSGPGENRSMSGPDNRGRGRGGFDRGGMSRGGRGGGRGGMGSAG,0.125
ENSP00000426983.1,CLOCK,29.359,554,689,136,QLQMVHGQGLQMFLQQSNPGLNFGSVQLSSGNSSNIQQLAPINMQGQVVPTNQIQSGMNTGHIGTTQHMIQQQTLQSTSTQSQQNVLSGHSQQTSLPSQTQSTLTAPLYNTMVISQPAAGSMVQIPSSMPQNSTQS,0.022058823529411766
ENSP00000219746.9,TOX3,71.342,425,576,152,GSAPSTQVSPSVQTQQHQMQLQQQQQQQQQQMQQMQQQQLQQHQMHQQIQQQMQQQHFQHHMQQHLQQQQQHLQQQINQQQLQQQLQQRLQLQQLQHMQHQSQPSPRQHSPVASQITSPIPAIGSPQPASQQHQSQIQSQTQTQVLSQVSIF,0.013157894736842105
ENSP00000310861.3,KRT2,25.291,519,621,103,GGSGGRGSSSGGGYSSGSSSYGSGGRQSGSRGGSGGGGSISGGGYGSGGGSGGRYGSGGGSKGGSISGGGYGSGGGKHSSGGGSRGGSSSGGGYGSGGGGSSS,0.05825242718446602
ENSP00000289968.6,ARHGAP17,21.928,593,739,147,NNSQIASGQNQPQAAAGSHQLSMGQPHNAAGPSPHTLRRAVKKPAPAPPKPGNPPPGHPGGQSSSGTSQHPPSLSPKPPTRSPSPPTQHTGQPPGQPSAPSQLSAPRRYSSSLSPIQAPNHPPPQPPTQATPLMHTKPNSQGPPNPM,0.006802721088435374
ENSP00000312379.3,KMT2E,36.261,1469,1649,181,PPSQQLGSPYRPHHSQSPQVGTPQREPQRNFYPAAQNLPANTQQATSGTLFTQTPSGQSSATYSQFNQQSLNSTAPPPPPPPPPSSSYYQNQQPSANFQNYNQLKGSLSQQTVFTSGPNQALPGTTSQQTVPGHHVTPGHFLPSQNPTIHHQTAAAVVPPPPPPPPAPGPHLVQQPNSHQQ,0.06629834254143646
ENSP00000338806.3,NFAT5,114.492,1017,1528,512,QIQNSVFQTMVQMQHSGDNQPQVNLFSSTKSMMSVQNSGTQQQGNGLFQQGNEMMSLQSGNFLQQSSHSQAQLFHPQNPIADAQNLSQETQGSLFHSPNPIVHSQTSTTSSEQMQPPMFHSQSTIAVLQGSSVPQDQQSTNIFLSQSPMNNLQTNTVAQEAFFAAPNSISPLQSTSNSEQQAAFQQQAPISHIQTPMLSQEQAQPPQQGLFQPQVALGSLPPNPMPQSQQGTMFQSQHSIVAMQSNSPSQEQQQQQQQQQQQQQQQQQSILFSNQNTMATMASPKQPPPNMIFNPNQNPMANQEQQNQSIFHQQSNMAPMNQEQQPMQFQSQSTVSSLQNPGPTQSESSQTPLFHSSPQIQLVQGSPSSQEQQVTLFLSPASMSALQTSINQQDMQQSPLYSPQNNMPGIQGATSSPQPQATLFHNTAGGTMNQLQNSPGSSQQTSGMFLFGIQNNCSQLLTSGPATLPDQLMAISQPGQPQNEGQPPVTTLLSQQMPENSPLASSINTNQN,0.044921875
ENSP00000298281.4,PCF11,23.029,1130,1253,124,NQTGPYNDPPGNAFNAPSQGLQFQRHEQIFDSPQGPNFNGPHGPGNQSFSNPLNRASGHYFDEKNLQSSQFGNFGNIPAPMTVGNIQASQQVLSGVAQPVAFGQGQQFLPVHPQNPGFVQNPSG,0.10483870967741936
ENSP00000364860.3,ROR2,13.954,750,855,106,GNLSNYNSSAQTSGASNTTQTSSLSTSPVSNVSNARYVGPKQKAPPFPQPQFIPMKGQIRPMVPPPQLYVPVNGYQPVPAYGAYLPNFYPVQIPMQMAPQQVPPQM,0.09433962264150944
ENSP00000282516.8,NIPBL,25.603,111,205,95,SMQNRYVQSGMMMSQYKLSQNSMHSSPASSNYQQTTISHSPSSRFVPPQTSSGNRFMPQQNSPVPSPYAPQSPAGYMPYSHPSSYTTHPQMQQAS,0.09473684210526316
ENSP00000396620.2,NFYC,31.912,150,284,135,QQPTAVQVQGQQQGQQTTSSTTTIQPGQIIIAQPQQGQTTPVTMQVGEGQQVQIVQAQPQGQAQQAQSGTGQTMQVMQQIITNTGEIQQIPVQLNAGQLQYIRLAQPVSGTQVVQGQIQTLATNAQQGQRNASQG,0.007407407407407408
ENSP00000359484.3,SMAP1,24.652,315,459,145,QQQSTPGVFMGPTNIPFTSQAPAAFQGFPSMGVPVPAAPGLIGNVMGQSPSMMVGMPMPNGFMGNAQTGVMPLPQNVVGPQGGMVGQMGAPQSKFGLPQAQQPQWSLSQMNQQMAGMSISSATPTAGFGQPSSTTAGWSGSSSGQ,0.06206896551724138
ENSP00000413479.2,KRT3,16.425,91,171,81,GGYGGGFGSGYGGGFGGGFGGGRGMGGGFGGAGGFGGAGGFGGAGGFGGPGGFGGSGGFGGPGSLGSPGGFGPGGFPGGIQ,0.16049382716049382
ENSP00000362012.4,ANXA7,37.453,1,146,146,MSYPGYPPTGYPPFPGYPPAGQESSFPPSGQYPYPSGFPPMGGGAYPQVPSSGYPGAGGYPAPGGYPAPGGYPGAPQPGGAPSYPGVPPGQGFGVPPGGAGFSGYPQPPSQSYGGGPAQVPLPGGFPGGQMPSQYPGGQPTYPSQP,0.1506849315068493
ENSP00000370395.4,SGTB,12.31,220,281,62,NNPAFISMAASLMQNPQVQQLMSGMMTNAIGGPAAGVGGLTDLSSLIQAGQQFAQQIQQQNP,0.03225806451612903
ENSP00000221801.2,FBL,9.851,1,83,83,MKPGFSPRGGGFGGRGGFGDRGGRGGRGGFGGGRGRGGGFRGRGRGGGGGGGGGGGGGRGGGGFHSGGNRGRGRGGKRGNQSG,0.07228915662650602
ENSP00000362013.4,TRERF1,63.801,201,401,201,YQQVPQQPHPGFTGGLSKPALQVGQHPTQGHLYYDYQQPLAQVPVQGGQPLQAPQMLSQHMQQMQQHQYYPPQQQQQAGQQRISMQEIQTQPQQIRPSQPQPPPQQQQPQQLQLQQRQGSMQIPQYYQPQPMMQHLQEQQQQQMHLQPPSYHRDPHQYTPEQAHTVQLIPLGSMSQYYYQEPQQPYSHPLYQQSHLSQHQQ,0.07960199004975124
ENSP00000435634.1,C1orf94,19.096,480,598,119,QYQGLYPQQAARMPYQQALHPQLGCYSQQVMPYNPQQMGQQIFRSSYTPLLSYIPFVQPNYPYPQRTPPKMSANPRDPPLMAGDGPQYLFPQGYGFGSTSGGPLMHSPYFSSSGNGINF,0.15126050420168066
ENSP00000252244.3,KRT1,33.402,513,622,110,SGGGSRGGGGGGYGSGGSSYGSGGGSYGSGGGGGGGRGSYGSGGSSYGSGGGSYGSGGGGGGHGSYGSGSSSGGYRGGSGGGGGGSSGGRGSGGGSSGGSIGGRGSSSGG,0.07272727272727272
ENSP00000305687.6,DERPC,16.528,286,396,111,GANSASFSQASGNMGTSPSSMARVPGPMGPNSGPSSRGIGLPGPNPSPMSRAPGPIGPNSAHFSRPVGPMGVNANPFPRGAGSSAFSQSSGTLASNPATFQRSAGLQGSNP,0.04504504504504504
ENSP00000490609.1,CCDC200,17.42,73,168,96,QPQPSQQQPSVQPPSQPPPQPSTLPQAQVWPGPQPPQPQPPPQPTQPSAQARCTQHTSKCNLQDSQRPGLMNPCQSSPIRNTGYSQLKSTNYIQQW,0.041666666666666664
ENSP00000287322.4,BAG4,14.497,92,166,75,QPPYPSYNSNYWNSTARSRAPYPSTYPVRPELQGQSLNSYTNGAYGPTYPPGPGANTASYSGAYYAPGYTQTSYS,0.18666666666666668
ENSP00000361927.2,HNRNPH2,19.309,382,449,68,NSTAGASGGAYGSQMMGGMGLSNQSSYGGPASQQLSGGYGGGYGGQSSMSGYDQVLQENSSDYQSNLA,0.08823529411764706
ENSP00000363193.3,MED12,118.367,1900,2177,278,QQQPAVPQGQRLRQQLQQSQGMLGQSSVHQMTPSSSYGLQTSQGYTPYVSHVGLQQHTGPAGTMVPPSYSSQPYQSTHPSTNPTLVDPTRHLQQRPSGYVHQQAPTYGHGLTSTQRFSHQTLQQTPMISTMTPMSAQGVQAGVRSTAILPEQQQQQQQQQQQQQQQQQQQQQQQQQQYHIRQQQQQQILRQQQQQQQQQQQQQQQQQQQQQQQQQQHQQQQQQQAAPPQPQPQSQPQFQRQGLQQTQQQQQTAALVRQLQQQLSNTQPQPSTNIFGRY,0.04316546762589928
ENSP00000264645.6,CASC3,18.279,575,676,102,QPGMNLPHPGLHPHQTPAPLPNPGLYPPPVSMSPGQPPPQQLLAPTYFSAPGVMNFGNPSYPYAPGALPPPPPPHLYPNTQAPSQVYGGVTYYNPAQQQVQP,0.09803921568627451
ENSP00000313199.7,HNRNPD,36.027,262,355,94,QYQQQQQWGSRGGFAGRARGRGGGPSQNWNQGYSNYWNQGYGNYGYNSQGYGGYGGYDYTGYNNYYGYGDYSNQQSGYGKVSRRGGHQNSYKPY,0.23404255319148937
ENSP00000385839.1,R3HDM2,73.714,418,740,323,QQQQQQQQQQLPALPPTPQQQPPLNNHMISQADDLSNPFGQMSLSRQGSTEAADPSAALFQTPLISQHPQQTSFIMASTGQPLPTSNYSTSSHAPPTQQVLPPQGYMQPPQQIQVSYYPPGQYPNSNQQYRPLSHPVAYSPQRGQQLPQPSQQPGLQPMMPNQQQAAYQGMIGVQQPQNQGLLSSQRSSMGGQMQGLVVQYTPLPSYQVPVGSDSQNVVQPPFQQPMLVPVSQSVQGGLPAAGVPVYYSMIPPAQQNGTSPSVGFLQPPGSEQYQMPQSPSPCSPPQMPQQYSGVSPSGPGVVVMQLNVPNGPQPPQNPSMVQ,0.058823529411764705
ENSP00000305976.3,SIK2,13.87,727,847,121,QSQLQAYFNQMQIAESSYPQPSQQLPLPRQETPPPSQQAPPFSLTQPLSPVLEPSSEQMQYSPFLSQYQEMQLQPLPSTSGPRAAPPLPTQLQQQQPPPPPPPPPPRQPGAAPAPLQFSYQ,0.0743801652892562
ENSP00000342828.7,NKX2-3,13.214,241,346,106,PSAQAYGAPYSVGASAYSYNSFPAYGYGNSAAAAAAAAAAAAAAAAYSSSYGCAYPAGGGGGGGGTSAATTAMQPACSAAGGGPFVNVSNLGGFGSGGSAQPLHQG,0.11320754716981132
ENSP00000362063.2,CSTF2,24.656,203,289,87,GNPQPVHGAGPGSGSNVSMNQQNPQAPQAQSLGGMHVNGAPPLMQASMQGGVPAPGQMPAAVTGPGPGSLAPGGGMQAQVGMPGSGP,0.0
ENSP00000320485.7,ARID1A,142.061,79,601,523,SNGGGGGGGAGSGGGPGAEPDLKNSNGNAGPRPALNNNLTEPPGGGGGGSSDGVGAPPHSAAAALPPPAYGFGQPYGRSPSAVAAAAAAVFHQQHGGQQSPGLAALQSGGGGGLEPYAGPQQNSHDHGFPNHQYNSYYPNRSAYPPPAPAYALSSPRGGTPGSGAAAAAGSKPPPSSSASASSSSSSFAQQRFGAMGGGGPSAAGGGTPQPTATPTLNQLLTSPSSARGYQGYPGGDYSGGPQDGGAGKGPADMASQCWGAAAAAAAAAAASGGAQQRSHHAPMSPGSSGGGGQPLARTPQPSSPMDQMGKMRPQPYGGTNPYSQQQGPPSGPQQGHGYPGQPYGSQTPQRYPMTMQGRAQSAMGGLSYTQQIPPYGQQGPSGYGQQGQTPYYNQQSPHPQQQQPPYSQQPPSQTPHAQPSYQQQPQSQPPQLQSSQPPYSQQPSQPPHQQSPAPYPSQQSTTQQHPQSQPPYSQPQAQSPYQQQQPQQPAPSTLSQQAAYPQPQSQQSQQTAYSQQRFPPPQ,0.06883365200764818
ENSP00000494345.1,SATL1,67.877,1,526,526,MNQSGTNQSSLSDSNQAGINQPSTNSLGMNQMDMNQGSASLYEMNQVDMKQPSMSQAGMRQSGTNLPDINQPDMKQPDTWQLGRSQPGMLQQELSQLVLSKAGISQPDPSQPGPSQSGPSQSRMRQIGTNQSGMSQPVMQQLDSQSGGSQPSMRQVGTSQLGTSQIGMSQPGTWQTGLSQPVLRQPNMSPPGMWQPGVQQPGISQQVPSHPDMSQPGMSQQVPSQPGIRQPDTSQSCKNQTDMSQPDANQSSLSDSNQTGIIQPSPSLLGMNQMDMNQWSASLYEMNQVDMKQPSMSQAGMRQSGTNLPDINQPGMKQPGTWQLGRSQPGMWPQSLSELVLSEASISQPGPPQRAPSQSGPRQSSTSQAGTNQSGISQPVMWQLDMRQSGGSQPSMRQVGTSQSGTSQIGMSQPGTWQTGLSQPVPRQPNKSPPGMWQRGMWQPGMSQQVPSQLGMRQPGTSQSSKNQTGMSHPGRGQPGIWEPGPSQPGLSQQDLNQLVLSQPGLSQPGRSQPSVSQMGMRQTSM,0.024714828897338403
ENSP00000345195.5,UBQLN2,16.109,339,463,125,GSGSGNSSSNATGNTVAAANYVASIFSTPGMQSLLQQITENPQLIQNMLSAPYMRSMMQSLSQNPDLAAQMMLNSPLFTANPQLQEQMRPQLPAFLQQMQNPDTLSAMSNPRAMQALMQIQQGLQ,0.04
ENSP00000323074.4,RAI1,26.875,174,321,148,QQPPPPQQPLAYPKLQRQKLQNDIASPLPFPQGTHFPQHSQSFPTSSTYSSSVQGGGQGAHSYKSCTAPTAQPHDRPLTASSSLAPGQRVQNLHAYQSGRLSYDQQQQQQQQQQQQQQALQSRHHAQETLHYQNLAKYQHYGQQGQGY,0.08108108108108109
ENSP00000503828.1,TCF20,78.103,1,350,350,MQSFREQSSYHGNQQSYPQEVHGSSRLEEFSPRQAQMFQNFGGTGGSSGSSGSGSGGGRRGAAAAAAAMASETSGHQGYQGFRKEAGDFYYMAGNKDPVTTGTPQPPQRRPSGPVQSYGPPQGSSFGNQYGSEGHVGQFQAQHSGLGGVSHYQQDYTGPFSPGSAQYQQQASSQQQQQQVQQLRQQLYQSHQPLPQATGQPASSSSHLQPMQRPSTLPSSAAGYQLRVGQFGQHYQSSASSSSSSSFPSPQRFSQSGQSYDGSYNVNAGSQYEGHNVGSNAQAYGTQSNYSYQPQSMKNFEQAKIPQGTQQGQQQQQPQQQQHPSQHVMQYTNAATKLPLQSQVGQYNQP,0.09714285714285714
ENSP00000362029.5,CIZ1,34.252,1,78,78,MFSQQQQQQLQQQQQQLQQLQQQQLQQQQLQQQQLLQLQQLLQQSPPQAPLPMAVSRGLPPQQPQQPLLNLQGTNSAS,0.01282051282051282
ENSP00000362441.4,ATRX,23.309,2415,2492,78,QQQYNQQQQQQMTYQQATLGHLMMPKPPNLIMNPSNYQQIDMRGMYQPVAGGMQPPPLQRAPPPMRSKNPGPSQGKSM,0.05128205128205128
ENSP00000263233.4,SYP,25.009,254,313,60,GYGQGPGGYGPQDSYGPQGGYQPDYGQPAGSGGSGYGPQGDYGQQGYGPQGAPTSFSNQM,0.15
ENSP00000365931.4,SP2,14.201,95,164,70,QIQGSQLSASYPGGQLVFAIQNPTMINKGTRSNANIQYQAVPQIQASNSQTIQVQPNLTNQIQIIPGTNQ,0.04285714285714286
ENSP00000354620.1,FOXJ3,24.063,306,445,140,QSLSQQGLMNIPSESSQQSHTSCTYQHSPSSTVSTHPHSNQSSLSNSHGSGLNTTGSNSVAQVSLSHPQMHTQPSPHPPHRPHGLPQHPQRSPHPAPHPQQHSQLQSPHPQHPSPHQHIQHHPNHQHQTLTHQAPPPPQQ,0.007142857142857143
ENSP00000325819.3,NR2F1,19.845,17,82,66,GGNPGGPNPAAQAARGGGGGAGEQQQQAGSGAPHTPQTPGQPGAPATPGTAGDKGQGPPGSGQSQQ,0.0
ENSP00000257177.4,TUT4,24.92,1397,1492,96,NAQQVAGSAQQQGDQSIRTRQSSECSESPSYSPQPQPFPQNSSQSAAITQPSSQPGSQPKLGPPQQGAQPPHQVQMPLYNFPQSPPAQYSPMHNMG,0.052083333333333336
ENSP00000489024.1,KLF18,32.566,237,539,303,QMTTSSGNQAFYGRQMTTSTGNQTLCGEQMTTSTGNQALYGGQMTTSASNQTLCGEQMTTSTSNQTLCGEQVMTSTGNQALCGGQMTTSTGNQNLYGGQMMTSTGNQTLYWGQMMTSTGNQNLCGEQVMTSTGNQALCGGQMTTSTGNQNLYGGQMMTSTGNQTLYWGQMMTSTGNQNLCGEQVMTSTGNQALCGGQMTTSTGNQNLCGEQVMTSTSNQTLCGEQTTTSTSNQTLCGEQVTTSTGNQALYGGQMMTSTGNQTLYWGQMMTSTGNQNLCGEQMTTSTGNQALYGGQMTTSTSNQ,0.0429042904290429
ENSP00000499294.1,NFKB2,13.256,347,407,61,SQPFGGGSHMGGGSGGAAGGYGGAGGGGSLGFFPSSLAYSPYQSGAGPMGCYPGGGGGAQM,0.11475409836065574
ENSP00000428480.2,DLX6,39.224,25,139,115,GQQQQQQQQQQQQQQQQQQQPPPPPPPPPQPHSQQSSPAMAGAHYPLHCLHSAAAAAAAGSHHHHHHQHHHHGSPYASGGGNSYNHRSLAAYPYMSHSQHSPYLQSYHNSSAAAQ,0.06086956521739131
ENSP00000342626.3,EYA1,36.428,62,259,198,NNFSGSAIGSSSFSPRPTHQFSPPQIYPSNRPYPHILPTPSSQTMAAYGQTQFTTGMQQATAYATYPQPGQPYGISSYGALWAGIKTEGGLSQSQSPGQTGFLSYGTSFSTPQPGQAPYSYQMQGSSFTTSSGIYTGNNSLTNSSGFNSSQQDYPSYPSFGQGQYAQYYNSSPYPAHYMTSSNTSPTTPSTNATYQLQ,0.14646464646464646
ENSP00000401277.2,CBLL1,12.461,322,491,170,YQGQPVVSHPHHIMPPQQHYAPPPPPPPPISHPMPHPPQAAGTPHLVYSQAPPPPMTSAPPPITPPPGHIIAQMPPYMNHPPPGPPPPQHGGPPVTAPPPHHYNPNSLPQFTEDQGTLSPPFTQPGGMSPGIWPAPRGPPPPPRLQGPPSQTPLPGPHHPDQTRYRPYYQ,0.06470588235294118
ENSP00000342710.3,KRT77,19.392,490,560,71,QNSQVSVNGGAGGGGSYGSGGYGGGSGGGYGGGRSYRGGGARGRSGGGYGSGCGGGGGSYGGSGRSGRGSS,0.08450704225352113
ENSP00000290231.6,NCOA5,23.19,447,579,133,NSSSASPSVAAGNTPNQNFSTAANSQPQQRSQASGNQPPSILGQGGSAQNMGPRPGAPSQGLFGQPSSRLAPASNMTSQRPVSSTGINFDNPSVQKALDTLIQSGPALSHLVSQTTAQMGQPQAPMGSYQRHY,0.03759398496240601
ENSP00000322977.4,SSBP2,26.416,165,361,197,QQGHPNMGGPMQRMTPPRGMVPLGPQNYGGAMRPPLNALGGPGMPGMNMGPGGGRPWPNPTNANSIPYSSASPGNYVGPPGGGGPPGTPIMPSPADSTNSGDNMYTLMNAVPPGPNRPNFPMGPGSDGPMGGLGGMESHHMNGSLGSGDMDSISKNSPNNMSLSNQPGTPRDDGEMGGNFLNPFQSESYSPSMTMSV,0.04568527918781726
ENSP00000246662.4,KRT9,38.399,476,623,148,GGRGGSGGSYGRGSRGGSGGSYGGGGSGGGYGGGSGSRGGSGGSYGGGSGSGGGSGGGYGGGSGGGHSGGSGGGHSGGSGGNYGGGSGSGGGSGGGYGGGSGSRGGSGGSHGGGSGFGGESGGSYGGGEEASGSGGGYGGGSGKSSHS,0.06756756756756757
ENSP00000357907.3,CDK19,39.836,371,502,132,NQQQQQNQHQQPTAPPQQAAAPPQAPPPQQNSTQTNGTAGGAGAGVGGTGAGLQHSQDSSLNQVPPNKKPRLGPSGANSGGPVMPSDYQHSSSRLNYQSSVQGSSQSQSTLGYSSSSQQSSQYHPSHQAHRY,0.03787878787878788
ENSP00000392028.1,CHD7,83.611,32,458,427,NPVNPMGQQMPIDQGFASLQPSLHHPSTNQNQTKLTHFDHYNQYEQQKMHLMDQPNRMMSNTPGNGLASPHSQYHTPPVPQVPHGGSGGGQMGVYPGMQNERHGQSFVDSSSMWGPRAVQVPDQIRAPYQQQQPQPQPPQPAPSGPPAQGHPQHMQQMGSYMARGDFSMQQHGQPQQRMSQFSQGQEGLNQGNPFIATSGPGHLSHVPQQSPSMAPSLRHSVQQFHHHPSTALHGESVAHSPRFSPNPPQQGAVRPQTLNFSSRSQTVPSPTINNSGQYSRYPYSNLNQGLVNNTGMNQNLGLTNNTPMNQSVPRYPNAVGFPSNSGQGLMHQQPIHPSGSLNQMNTQTMHPSQPQGTYASPPPMSPMKAMSNPAGTPPPQVRPGSAGIPMEVGSYPNMPHPQPSHQPPGAMGIGQRNMGPRNMQQS,0.053864168618266976
ENSP00000378248.2,CXXC4,13.71,106,177,72,GSGGGGGGGGGGGGGGGGGGGGGGGGGGGRKSSSAAASSSASSSSAILPAGGGGGGGGGGSRTSMHHRNDSQ,0.0
ENSP00000490618.1,TAB2,23.103,206,316,111,NSPQGNSIYIRPYITTPGGTTRQTQQHSGWVSQFNPMNPQQVYQPSQPGPWTTCPASNPLSHTSSQQPNQQGHQTSHVYMPISSPTTSQPPTIHSSGSSQSSAHSQYNIQN,0.07207207207207207
ENSP00000265175.4,SEC24B,21.57,1,253,253,MSAPAGSSHPAASARIPPKFGGAAVSGAAAPAGPGAGPAPHQQNGPAQNQMQVPSGYGLHHQNYIAPSGHYSQGPGKMTSLPLDTQCGDYYSALYTVPTQNVTPNTVNQQPGAQQLYSRGPPAPHIVGSTLGSFQGAASSASHLHTSASQPYSSFVNHYNSPAMYSASSSVASQGFPSTCGHYAMSTVSNAAYPSVSYPSLPAGDTYGQMFTSQNAPTVRPVKDNSFSGQNTAISHPSPLPPLPSQQHHQQQS,0.07905138339920949
ENSP00000378721.2,SEC31A,31.725,819,967,149,GHHQMPRVQTQQYYPHGENPPPPGFIMHGNVNPNAAGQLPTSPGHMHTQVPPYPQPQPYQPAQPYPFGTGGSAMYRPQQPVAPPTSNAYPNTPYISSASSYTGQSQLYAAQHQASSPTSSPATSFPPPPSSGASFQHGGPGAPPSSSAY,0.10067114093959731
ENSP00000253048.4,ZC3H4,17.028,603,702,100,PGPGGPPGPMGPGPNMGPPGPMGGPMHPDMHPDMHPDMHPDMHADMHADMPMGPGMNPGPPMGPGGPPMMPYGPGDSPHSGMMPPIPPAQNFYENFYQQQ,0.05
ENSP00000320794.4,USF3,36.491,1429,1615,187,QQQTQASQHLQALQQHVPAQGVSHLHSNHLYIKQQQQQQQQQQQQQQQQQAGQLRERHHLYQMQHHVPHAESSVHSQPHNVHQQRTLQQEVQMQKKRNLVQGTQTSQLSLQPKHHGTDQSRSKTGQPHPHHQQMQQQMQQHFGSSQTEKSCENPSTSRNHHNHPQNHLNQDIMHQQQDVGSRQQGSG,0.016042780748663103
ENSP00000503941.1,SUPT20HL2,18.268,662,773,112,GPQQQSHQLVSLQQLQQPTAAHPPQPGPQGSTLGLSTQGQAFPAQQLLNVNLTGAGSGLQPQPQAAVLSLLGSAQVPQQGVQLPFVLGQQPQPLLLLQPQPQPQQIQLQTQP,0.017857142857142856
ENSP00000502907.1,SUPT20HL1,26.343,698,843,146,GPQQQSHQLVSLQQLQQPTAAHPPQPGPQGSALGLSTQGQAFPAQQLLKVNPTRARSGLQPQPQPAVLSLLGSAQVPQQGVQLPSVLRQQQPQPQPPKLQLQPQWQPKPRQEQPQSQQQQPQHIQLQTQQLRVLQQPQHIQLQTQQ,0.0136986301369863
ENSP00000358374.3,SCAF11,22.125,1193,1344,152,QTNQQVDGSQLPINMMQPQMNVMQQQMNAQHQPMNIFPYPVGVHAPLMNIQRNPFNIHPQLPLHLHTGVPLMQVATPTSVSQGLPPPPPPPPPSQQVNYIASQPDGKQLQGIPSSSHVSNNMSTPVLPAPTAAPGNTGMVQGPSSGNTSSSS,0.02631578947368421
ENSP00000490491.2,ARID1B,90.685,314,716,403,NNYYGSAAPASGGPGGRAGPCFDQHGGQQSPGMGMMHSASAAAAGAPGSMDPLQNSHEGYPNSQCNHYPGYSRPGAGGGGGGGGGGGGGSGGGGGGGGAGAGGAGAGAVAAAAAAAAAAAGGGGGGGYGGSSAGYGVLSSPRQQGGGMMMGPGGGGAASLSKAAAGSAAGGFQRFAGQNQHPSGATPTLNQLLTSPSPMMRSYGGSYPEYSSPSAPPPPPSQPQSQAAAAGAAAGGQQAAAGMGLGKDMGAQYAAASPAWAAAQQRSHPAMSPGTPGPTMGRSQGSPMDPMVMKRPQLYGMGSNPHSQPQQSSPYPGGSYGPPGPQRYPIGIQGRTPGAMAGMQYPQQQMPPQYGQQGVSGYCQQGQQPYYSQQPQPPHLPPQAQYLPSQSQQRYQPQQDMSQ,0.06451612903225806
ENSP00000298282.8,PKNOX2,14.264,181,274,94,GGPYSPNQPSINLHSQDLLQNSPNSMSGVSNNPQGIVVPASALQQGNIAMTTVNSQVVSGGALYQPVTMVTSQGQVVTQAIPQGAIQIQNTQVN,0.02127659574468085
ENSP00000280551.6,SEC24D,37.918,1,256,256,MSQQGYVATPPYSQPQPGIGLSPPHYGHYGDPSHTASPTGMMKPAGPLGATATRGMLPPGPPPPGPHQFGQNGAHATGHPPQRFPGPPPVNNVASSHAPYQPSAQSSYPGPISTSSVTQLGSQLSAMQINSYGSGMAPPSQGPPGPLSATSLQTPPRPPQPSILQPGSQVLPPPPTTLNGPGASPLPLPMYRPDGLSGPPPPNAQYQPPPLPGQTLGAGYPPQQANSGPQMAGAQLSYPGGFPGGPAQMAGPPQPQ,0.0546875
ENSP00000441954.2,SMAD5,14.843,167,250,84,MPQNATFPDSFHQPNNTPFPLSPNSPYPPSPASSTYPNSPASSGPGSPFQLPADTPPPAYMPPDDQMGQDNSQPMDTSNNMIPQ,0.08333333333333333
ENSP00000427695.1,TOB1,24.506,235,345,111,GSQQQPQQQQQPAQPPPPPPPPQQQQQQKTSALSPNAKEFIFPNMQGQGSSTNGMFPGDSPLNLSPLQYSNAFDVFAAYGGLNEKSFVDGLNFSLNNMQYSNQQFQPVMAN,0.0990990990990991
ENSP00000354842.1,TOX,12.744,148,210,63,QYSSHPQMAAMRPRGQPADIRQQPGMMPHGQLTTINQSQLSAQLGLNMGGSNVPHNSPSPPGS,0.015873015873015872
ENSP00000498060.1,RAMACL,15.593,44,118,75,NSRAGGNQRNRGNRLQDNRQFRGRDNRWGWPSDNRSNQWHGRSWGNNYPQHRQEPYYPQQYGHYGYNQRPPYGYY,0.18666666666666668
ENSP00000307479.4,ARNT2,17.742,551,680,130,QSSSSTGQNMSQISRQLNQSQVAWTGSRPPFPGQQIPSQSSKTQSSPFGIGTSHTYPADPSSYSPLSSPATSSPSGNAYSSLANRTPGFAESGQSSGQFQGRPSEVWSQWQSQHHGQQSGEQHSHQQPGQ,0.07692307692307693
ENSP00000361202.3,IRS4,35.179,482,597,116,GSGGDYMPMNNWGSGNGRGSGGGQGSNGQGSSSHSSGGNQCSGEGQGSRGGQGSNGQGSGGNQCSRDGQGTAGGHGSGGGQRPGGGHGSGGGQGPGDGHGSGGGKNSGGGKGSGSG,0.017241379310344827
ENSP00000384048.1,PAXIP1,109.462,402,590,189,QQQQQAQQQQQQHPVLHLQPQQIMQLQQQQQQQISQQPYPQQPPHPFSQQQQQQQQAHPHQFSQQQLQFPQQQLHPPQQLHRPQQQLQPFQQQHALQQQFHQLQQHQLQQQQLAQLQQQHSLLQQQQQQQIQQQQLQRMHQQQQQQQMQSQTAPHLSQTSQALQHQVPPQQPPQQQQQQQPPPSPQQHQ,0.031746031746031744
ENSP00000307181.3,RAMAC,15.593,44,118,75,NSRAGGNQRNRGNRLQDNRQFRGRDNRWGWPSDNRSNQWHGRSWGNNYPQHRQEPYYPQQYGHYGYNQRPPYGYY,0.18666666666666668
ENSP00000340507.4,TRIM24,20.086,430,545,116,SQPQMPKQNPVVEQNSQPPSGLSSNQLSKFPTQISLAQLRLQHMQQQVMAQRQQVQRRPAPVGLPNPRMQGPIQQPSISHQQPPPRLINFQNHSPKPNGPVLPPHPQQLRYPPNQN,0.02586206896551724
ENSP00000420294.1,PHC3,17.64,340,463,124,QQQQQQIQPITLQNSTQDPPPSQHCIPLQNHGLPPAPSNAQSQHCSPIQSHPSPLTVSPNQSQSAQQSVVVSPPPPHSPSQSPTIIIHPQALIQPHPLVSSALQPGPNLQQSTANQVQATAQLN,0.0
ENSP00000399968.2,NCOA2,65.853,1134,1410,277,PQQYASQAQMAQGSYSPMQDPNFHTMGQRPSYATLRMQPRPGLRPTGLVQNQPNQLRLQLQHRLQAQQNRQPLMNQISNVSNVNLTLRPGVPTQAPINAQMLAQRQREILNQHLRQRQMHQQQQVQQRTLMMRGQGLNMTPSMVAPSGMPATMSNPRIPQANAQQFPFPPNYGISQQPDPGFTGATTPQSPLMSPRMAHTQSPMMQQSQANPAYQAPSDINGWAQGNMGGNSMFSQQSPPHFGQQANTSMYSNNMNINVSMATNTGGMSSMNQMTGQ,0.04693140794223827
ENSP00000355140.5,HOXB1,16.371,48,146,99,YGGGLSSPAFQQNSGYPAQQPPSTLGVPFPSSAPSGYAPAACSPSYGPSQYYPLGQSEGDGGYFHPSSYGAQLGGLSDGYGAGGAGPGPYPPQHPPYGN,0.1414141414141414
ENSP00000318177.9,FUBP3,18.286,426,517,92,GGTNLGAPGAFGQSPFSQPPAPPHQNTFPPRSSGCFPNMAAKVNGNPHSTPVSGPPAFLTQGWGSTYQAWQQPTQQVPSQQSQPQSSQPNYS,0.09782608695652174
ENSP00000311778.4,ZMIZ2,26.431,180,391,212,SQYGAMGAGQSFNSQFLQHGGPRGPSVPAGMNPTGIGGVMGPSGLSPLAMNPTRAAGMTPLYAGQRLPQHGYPGPPQAQPLPRQGVKRTYSEVYPGQQYLQGGQYAPSTAQFAPSPGQPPAPSPSYPGHRLPLQQGMTQSLSVPGPTGLHYKPTEQFNGQGASFNGGSVSYSQPGLSGPTRSIPGYPSSPLPGNPTPPMTPSSSVPYMSPNQ,0.08018867924528301
ENSP00000274496.5,YIPF5,21.316,21,85,65,QSQQSYDYGGSGGPYSKQYAGYDYSQQGRFVPPDMMQPQQPYTGQIYQPTQAYTPASPQPFYGNN,0.18461538461538463
ENSP00000405984.3,GLG1,32.435,31,109,79,PGQGVHSQGQGPGANFVSFVGQAGGGGPAGQQLPQLPQSSQLQQQQQQQQQQQQPQPPQPPFPAGGPPARRGGAGAGGG,0.0379746835443038
ENSP00000304553.5,MPLKIP,22.448,1,116,116,MQRQNFRPPTPPYPGPGGGGWGSGSSFRGTPGGGGPRPPSPRDGYGSPHHTPPYGPRSRPYGSSHSPRHGGSFPGGRFGSPSPGGYPGSYSRSPAGSQQQFGYSPGQQQTHPQGSP,0.11206896551724138
ENSP00000265436.7,FOXP2,79.027,101,231,131,PQQMQQILQQQVLSPQQLQALLQQQQAVMLQQQQLQEFYKKQQEQLHLQLLQQQQQQQQQQQQQQQQQQQQQQQQQQQQQQQQQQQQQQQQHPGKQAKEQQQQQQQQQQLAAQQLVFQQQLLQMQQLQQQQ,0.022900763358778626
ENSP00000377721.3,NR2F2,18.678,16,75,60,PGSQGSQASQAPPVPGPPPGAPHTPQTPGQGGPASTPAQTAAGGQGGPGGPGSDKQQQQQ,0.0
ENSP00000243563.2,SNRPA,12.544,138,200,63,QGPVPGMPPMTQAPRIMHHMPGQPPYMPPPGMIPPPGLAPGQIPPGAMPPQQLMPGQMPPAQP,0.015873015873015872
ENSP00000254108.8,FUS,113.683,1,257,257,MASNDYTQQATQSYGAYPTQPGQGYSQQSSQPYGQQSYSGYSQSTDTSGYGQSSYSSYGQSQNTGYGTQSTPQGYGSTGGYGSSQSSQSSYGQQSSYPGYGQQPAPSSTSGSYGSSSQSSSYGQPQSGSYSQQPSYGGQQQSYGQQQSYNPPQGYGQQNQYNSSSGGGGGGGGGGNYGQDQSSMSSGGGSGGGYGNQDQSGGGGSGGYGQQDRGGRGRGGSGGGGGGGGGGYNRSSGGYEPRGRGGGRGGRGGMGGS,0.11284046692607004
ENSP00000292599.3,MAML1,39.753,579,927,349,QNPSSVPVQAQATSVGTQPPAVSVASSHNSSPYLSSQQQAAVMKQHQLLLDQQKQREQQQKHLQQQQFLQRQQHLLAEQEKQQFQRHLTRPPPQYQDPTQGSFPQQVGQFTGSSAAVPGMNTLGPSNSSCPRVFPQAGNLMPMGPGHASVSSLPTNSGQQDRGVAQFPGSQNMPQSSLYGMASGITQIVAQPPPQATNGHAHIPRQTNVGQNTSVSAAYGQNSLGSSGLSQQHNKGTLNPGLTKPPVPRVSPAMGGQNSSWQHQGMPNLSGQTPGNSNVSPFTAASSFHMQQQAHLKMSSPQFSQAVPNRPMAPMSSAAAVGSLLPPVSAQQRTSAPAPAPPPTAPQQG,0.04011461318051576
ENSP00000385981.3,FGA,12.928,288,356,69,NPSSAGSWNSGSSGPGSTGNRNPGSSGTGGTATWKPGSSGPGSTGSWNSGSSGTGSTGNQNPGSPRPGS,0.043478260869565216
ENSP00000421180.1,MAML3,84.147,404,657,254,PNPASSPANCAVQSPQTPNQAHTPGQAPPRPGNGYLLNPAAVTVAGSASGPVAVPSSDMSPAEQLKQMAAQQQQRAKLMQQKQQQQQQQQQQQQQQQQQQQQQQQQQHSNQTSNWSPLGPPSSPYGAAFTAEKPNSPMMYPQAFNNQNPIVPPMANNLQKTTMNNYLPQNHMNMINQQPNNLGTNSLNKQHNILTYGNTKPLTHFNADLSQRMTPPVANPNKNPLMPYIQQQQQQQQQQQQQQQQQQPPPPQLQ,0.03937007874015748
ENSP00000437550.1,LATS1,23.879,299,482,184,GYPPPPLNTSPMNPPNQGQRGISSVPVGRQPIIMQSSSKFNFPSGRPGMQNGTGQTDFMIHQNVVPAGTVNRQPPPPYPLTAANGQSPSALQTGGSAAPSSYTNGSIPQSMMVPNRNSHNMELYNISVPGLQTNWPQSSSAPAQSSPSSGHEIPTWQPNIPVRSNSFNNPLGNRASHSANSQPS,0.05434782608695652
ENSP00000375942.2,TBP,60.152,1,120,120,MDQNNSLPPYAQGLASPQGAMTPGIPIFSPMMPYGTGLTPQPIQNTNSLSILEEQQRQQQQQQQQQQQQQQQQQQQQQQQQQQQQQQQQQQQQQQAVAAAAVQQSTSQQATQGTSGQAPQ,0.025
ENSP00000356623.2,CITED2,31.139,1,204,204,MADHMMAMNHGRFPDGTNGLHHHPAHRMGMGQFPSPHHHQQQQPQHAFNALMGEHIHYGAGNMNATSGIRHAMGPGTVNGGHPPSALAPAARFNNSQFMGPPVASQGGSLPASMQLQKLNNQYFNHHPYPHNHYMPDLHPAAGHQMNGTNQHFRDCNPKHSGGSSTPGGSGGSSTPGGSGSSSGGGAGSSNSGGGSGSGNMPAS,0.05392156862745098
ENSP00000354061.2,SCYL2,23.763,771,922,152,NGLNANMGFQTSGFNMPVNTNQNFYSSPSTVGVTKMTLGTPPTLPNFNALSVPPAGAKQTQQRPTDMSALNNLFGPQKPKVSMNQLSQQKPNQWLNQFVPPQGSPTMGSSVMGTQMNVIGQSAFGMQGNPFFNPQNFAQPPTTMTNSSSASN,0.07894736842105263
ENSP00000404029.4,SUPT5H,34.017,846,971,126,PSPQAYGGTPNPQTPGYPDPSSPQVNPQYNPQTPGTPAMYNTDQFSPYAAPSPQGSYQPSPSPQSYHQVAPSPAGYQNTHSPASYHPTPSPMAYQASPSPSPVGYSPMTPGAPSPGGYNPHTPGSG,0.10317460317460317
ENSP00000323588.1,SOX2,22.754,134,242,109,PGGNSMASGVGVGAGLGAGVNQRMDSYAHMNGWSNGSYSMMQDQLGYPQHPGLNAHGAAQMQPMHRYDVSALQYNSMTSSQTYMNGSPTYSMSYSQQGTPGMALGSMGS,0.08256880733944955
ENSP00000262077.3,NUP153,25.528,1276,1451,176,GPGASSNNTTTSGFGFGATTTSSSAGSSFVFGTGPSAPSASPAFGANQTPTFGQSQGASQPNPPGFGSISSSTALFPTGSQPAPPTFGTVSSSSQPPVFGQQPSQSAFGSGTTPNSSSAFQFGSSTTNFNFTNNSPSGVFTFGANSSTPAASAQPSGSGGFPFNQSPAAFTVGSNG,0.11363636363636363
ENSP00000352400.5,NUP214,20.011,1647,1926,280,QPPAASSSSAFNQLTNNTATAPSATPVFGQVAASTAPSLFGQQTGSTASTAAATPQVSSSGFSSPAFGTTAPGVFGQTTFGQASVFGQSASSAASVFSFSQPGFSSVPAFGQPASSTPTSTSGSVFGAASSTSSSSSFSFGQSSPNTGGGLFGQSNAPAFGQSPGFGQGGSVFGGTSAATTTAATSGFSFCQASGFGSSNTGSVFGQAASTGGIVFGQQSSSSSGSVFGSGNTGRGGGFFSGLGGKPSQDAANKNPFSSASGGFGSTATSNTSNLFGNSG,0.10714285714285714
ENSP00000490292.1,MARCOL,28.935,104,285,182,NSGKSNQKGNPESSNKQENSGSSSQLGRPGISTQQGNPGSSDQQEKPGSFSQKVMVGSSSQQGKPGSSSQHGNLGSSTQKGNLGSSSLQGHLGLSSHQGKPESSGQQGKPGSSSQQGNLGTSGQQEKPGSSSQQGKPGLSSHQGKPGSSSQQGNLHLSSQQGNQGPSSKQRKPGSSSRQGNL,0.005494505494505495
ENSP00000417235.1,MED12L,63.775,1784,2145,362,YPQSNIYRVPPNYSPISSQMMHHPQSTLWGYNLVGQPQQPGFFLQNQSLTPGGSRLDPAGSFVPTNTKQALSNMLQRRSGAMMQPPSLHAITSQQQLIQMKLLQQQQQQRLLRQAQTRPFQQGQPGDQAALFAAQARPSPQLPQYPGLQQAQTMPQGYTMYGTQMPLQQTSQQQAGSVVLSPSYNSRAYPAAHSNPVLMERLRQIQQQPSGYVQQQASPYLQPLTGSQRLNHQALQQSPLVGGGIDAVLTSAHPNLPSVPLPQDPMRPRQPQVRQQQRLLQMQQPQQPQPQQPPQPQQSSQSQSQTLGLQAMQPQQPLFPRQGLQQTQQQQQTAALVRQLQKQLSSNQPQQGVTPYGHPSHF,0.055248618784530384
ENSP00000374212.2,EP400,24.991,2496,2558,63,QQKAQQPAVAQPPPPQPQPPPPPQQPPPPLPQPQAAGSQPPAGPPAVQPQPQPQPQTQPQPVQ,0.0
ENSP00000316042.4,HNRNPA0,33.958,180,305,126,YSGGGGGGSRSSRGGRGGRGRGGGRDQNGLSKGGGGGYNSYGGYGGGGGGGYNAYGGGGGGSSYGGSDYGNGFGGFGSYSQHQSSYGPMKSGGGGGGGGSSWGGRSNSGPYRGGYGGGGGYGGSSF,0.1349206349206349
ENSP00000300659.5,NFATC3,13.608,904,985,82,GQPSSQLQPITYGPSHSGSATTASPAASHPLASSPLSGPPSPQLQPMPYQSPSSGTASSPSPATRMHSGQHSTQAQSTGQGG,0.024390243902439025
ENSP00000483595.2,KDM6A,12.38,686,763,78,NQLSNSTQGLHKGQSSHSAGPNGERPLSSTGPSQHLQAAGSGIQNQNGHPTLPSNSVTQGAALNHLSSHTATSGGQQG,0.0
ENSP00000380413.2,AGAP3,20.442,1,60,60,MNFQAGGGQSPQQQQSLAAPGGGGAAAQQLVCGGQFGGAGPGAGGGGGPSQQLAGGPPQQ,0.03333333333333333
ENSP00000352177.3,ADAM29,21.679,729,820,92,PPQSQPWVMPSQSQPPVTPSQSHPQVMPSQSQPPVTPSQSQPRVMPSQSQPPVMPSQSHPQLTPSQSQPPVTPSQRQPQLMPSQSQPPVTPS,0.010869565217391304
ENSP00000262464.4,FBN2,12.422,422,483,62,PMGGIPGSAGSRPGGTGGNGFAPSGNGNGYGPGGTGFIPIPGGNGFSPGVGGAGVGAGGQGP,0.06451612903225806
ENSP00000310729.3,HERPUD2,17.243,147,230,84,PQAQTDQAQSHQFPYVMQGNVDNQFPGQAAPPGFPVYPAFSPLQMLWWQQMYAHQYYMQYQAAVSAQATSNVNPTQPTTSQPLN,0.14285714285714285
ENSP00000327758.4,NKX2-5,12.221,246,314,69,NPYGYNAYPAYPGYGGAACSPGYSCTAAYPAGPSPAQPATAAANNNFVNFGVGDLNAVQSPGIPQSNSG,0.13043478260869565
ENSP00000430514.3,POU6F2,64.253,196,411,216,QNLQATSSLNSQLQQLQLQLQQQQQQQQQQPPPSTNQHPQPAPQAPSQSQQQPLQPTPPQQPPPASQQPPAPTSQLQQAPQPQQHQPHSHSQNQNQPSPTQQSSSPPQKPSQSPGHGLPSPLTPPNPLQLVNNPLASQAAAAAAAMSSIASSQAFGNALSSLQGVTGQLVTNAQGQIIGTIPLMPNPGPSSQAASGTQGLQVQPITPQLLTNAQGQ,0.004629629629629629
ENSP00000351250.2,TRIM33,24.721,517,629,113,QHMQQQVYAQKHQQLQQMRMQQPPAPVPTTTTTTQQHPRQAAPQMLQQQPPRLISVQTMQRGNMNCGAFQAHQMRLAQNAARIPGIPRHSGPQYSMMQPHLQRQHSNPGHAGP,0.02654867256637168
ENSP00000473496.2,YTHDF3,32.754,302,372,71,QQPQPLIQPPPLVQSQLPQQQPQPPQPQQQQGPQPQAQPHQVQPQQQQLQNRWVAPRNRGAGFNQNNGAGS,0.028169014084507043
ENSP00000361027.3,AMOT,30.639,352,422,71,PQQHFLPNQAHQGDHYRLSQPGLSQQQQQQQQQHHHHHHHQQQQQQQPQQQPGEAYSAMPRAQPSSASYQP,0.056338028169014086
ENSP00000352272.4,MYOZ1,15.168,95,158,64,GGQLGTAGQGFSYSKSNGRGGSQAGGSGSAGQYGSDQQHHLGSGSGAGGTGGPAGQAGRGGAAG,0.046875
ENSP00000321845.6,SEC24C,59.062,1,315,315,MNVNQSVPPVPPFGQPQPIYPGYHQSSYGGQSGSTAPAIPYGAYNGPVPGYQQTPPQGMSRAPPSSGAPPASTAQAPCGQAAYGQFGQGDVQNGPSSTVQMQRLPGSQPFGSPLAPVGNQPPVLQPYGPPPTSAQVATQLSGMQISGAVAPAPPSSGLGFGPPTSLASASGSFPNSGLYGSYPQGQAPPLSQAQGHPGIQTPQRSAPSQASSFTPPASGGPRLPSMTGPLLPGQSFGGPSVSQPNHVSSPPQALPPGTQMTGPLGPLPPMHSPQQPGYQPQQNGSFGPARGPQSNYGGPYPAAPTFGSQPGPPQP,0.06984126984126984
ENSP00000365465.2,CDSN,29.072,62,215,154,SSGFSSYSGSSSSGSSISSARSSGGGSSGSSSGSSIAQGGSAGSFKPGTGYSQVSYSSGSGSSLQGASGSSQLGSSSSHSGNSGSHSGSSSSHSSSSSSFQFSSSSFQVGNGSALPTNDNSYRGILNPSQPGQSSSSSQTFGVSSSGQSVSSNQ,0.06493506493506493
ENSP00000494087.1,XG,13.167,50,154,105,PPYYPQPENPDSGGNIYPRPKPRPQPQPGNSGNSGGYFNDVDRDDGRYPPRPRPRPPAGGGGGGYSSYGNSDNTHGRGGYRLNSRYGNTYGGDHHSTYGNPEGNM,0.11428571428571428
ENSP00000322898.6,EBF1,15.16,417,515,99,NHNQLPALANTSVHAGMMGVNSFSGQLAVNVSEASQATNQGFTRNSSSVSPHGYVPSTTPQQTNYNSVTTSMNGYGSAAMSNLGGSPTFLNGSAANSPY,0.0707070707070707
ENSP00000373370.4,FLG2,219.808,281,1225,945,GYSNSSGCGRPQNASSSCQSHRFGGQGNQFSYIQSGCQSGIKGGQGHGCVSGGQPSGCGQPESNPCSQSYSQRGYGARENGQPQNCGGQWRTGSSQSSCCGQYGSGGSQSCSNGQHEYGSCGRFSNSSSSNEFSKCDQYGSGSSQSTSFEQHGTGLSQSSGFEQHVCGSGQTCGQHESTSSQSLGYDQHGSSSGKTSGFGQHGSGSGQSSGFGQCGSGSGQSSGFGQHGSVSGQSSGFGQHGSVSGQSSGFGQHESRSRQSSYGQHGSGSSQSSGYGQYGSRETSGFGQHGLGSGQSTGFGQYGSGSGQSSGFGQHGSGSGQSSGFGQHESRSGQSSYGQHSSGSSQSSGYGQHGSRQTSGFGQHGSGSSQSTGFGQYGSGSGQSSGFGQHVSGSGQSSGFGQHESRSGHSSYGQHGFGSSQSSGYGQHGSSSGQTSGFGQHELSSGQSSSFGQHGSGSGQSSGFGQHGSGSGQSSGFGQHESRSGQSSYGQHSSGSSQSSGYGQHGSRQTSGFGQHGSGSSQSTGFGQYGSGSGQSAGFGQHGSGSGQSSGFGQHESRSHQSSYGQHGSGSSQSSGYGQHGSSSGQTSGFGQHRSSSGQYSGFGQHGSGSGQSSGFGQHGTGSGQYSGFGQHESRSHQSSYGQHGSGSSQSSGYGQHGSSSGQTFGFGQHRSGSGQSSGFGQHGSGSGQSSGFGQHESGSGKSSGFGQHESRSSQSNYGQHGSGSSQSSGYGQHGSSSGQTTGFGQHRSSSGQYSGFGQHGSGSDQSSGFGQHGTGSGQSSGFGQYESRSRQSSYGQHGSGSSQSSGYGQHGSNSGQTSGFGQHRPGSGQSSGFGQYGSGSGQSSGFGQHGSGTGKSSGFAQHEYRSGQSSYGQHGTGSSQSSGCGQHESGSGPTTSFGQHVSGSDNFSSSGQHISDSGQSTGFGQYGSGSGQSTGLGQGESQQ,0.08994708994708994
ENSP00000368212.3,TAB3,41.18,135,345,211,PNYNPFFMNEQNRSAATPPSQPPQQPSSMQTGMNPSAMQGPSPPPPPPSYMHIPRYSTNPITVTVSQNLPSGQTVPRALQILPQIPSNLYGSPGSIYIRQTSQSSSGRQTPQSTPWQSSPQGPVPHYSQRPLPVYPHQQNYQPSQYSPKQQQIPQSAYHSPPPSQCPSPFSSPQHQVQPSQLGHIFMPPSPSTTPPHPYQQGPPSYQKQGS,0.08056872037914692
ENSP00000374205.3,TBR1,19.509,108,198,91,SQSSQPQSAATAPSAMFPYPGQHGPAHPAFSIGSPSRYMAHHPVITNGAYNSLLSNSSPQGYPTAGYPYPQQYGHSYQGAPFYQFSSTQPG,0.14285714285714285
ENSP00000437659.1,PHC1,37.143,343,469,127,GSGQQNVGMNLTRTATPAPSQTLISSATYTQIQPHSLIQQQQQIHLQQKQVVIQQQIAIHHQQQFQHRQSQLLHTATHLQLAQQQQQQQQQQQQQQQPQATTLTAPQPPQVPPTQQVPPSQSQQQAQ,0.015748031496062992
ENSP00000233078.4,DAZAP1,26.483,195,407,213,SQAPGQPGASQWGSRVVPNAANGWAGQPPPTWQQGYGPQGMWVPAGQAIGGYGPPPAGRGAPPPPPPFTSYIVSTPPGGFPPPQGFPQGYGAPPQFSFGYGPPPPPPDQFAPPGVPPPPATPGAAPLAFPPPPSQAAPDMSKPPTAQPDFPYGQYAGYGQDLSGFGQGFSDPSQQPPSYGGPSVPGSGGPPAGGSGFGRGQNHNVQGFHPYRR,0.12206572769953052
ENSP00000265085.5,CPEB4,14.1,192,314,123,QGGVPAASANNGALLFQNFPHHVSPGFGGSFSPQIGPLSQHHPHHPHFQHHHSQHQQQRRSPASPHPPPFTHRNAAFNQLPHLANNLNKPPSPWSSYQSPSPTPSSSWSPGGGGYGGWGGSQG,0.0975609756097561
ENSP00000271915.3,KCNN3,42.218,30,95,66,QQQQQQQQQQQQPPPPAPPAAPQQPLGPSLQPQPPQLQQQQQQQQQQQQQQPPHPLSQLAQLQSQP,0.0
ENSP00000376071.2,FAM117B,14.266,1,100,100,MSQRVRRNGSPTPAGSLGGGAVATAGGPGSRLQPMRATVPFQLKQQQQQQHGSPTRSGGGGGGNNNGGCCGGASGPAGGGGGGGPRTASRSTSPTRGGGN,0.01
ENSP00000379383.4,ENAM,20.218,252,356,105,NSTQPNPKGSQGGNDTSPTGNSTPGLNTGNNPPAQNGIGPLPAVNASGQGGPGSQIPWRPSQPNIRENHPYPNIRNFPSGRQWYFTGTVMGHRQNRPFYRNQQVQ,0.0761904761904762
ENSP00000351108.3,HNRNPAB,42.104,235,332,98,YQQQQYGSGGRGNRNRGNRGSGGGGGGGGQSQSWNQGYGNYWNQGYGYQQGYGPGYGGYDYSPYGYYGYGPGYDYSQGSTNYGKSQRRGGHQNNYKPY,0.21428571428571427
ENSP00000378507.4,GRINA,49.503,13,134,122,NYPPPNPGYPGGPQPPMPPYAQPPYPGAPYPQPPFQPSPYGQPGYPHGPSPYPQGGYPQGPYPQGGYPQGPYPQEGYPQGPYPQGGYPQGPYPQSPFPPNPYGQPQVFPGQDPDSPQHGNYQ,0.1721311475409836
ENSP00000375863.2,HNRNPUL1,93.762,611,856,246,NRGGGGFRGRGGGGGFQRYENRGPPGGNRGGFQNRGGGSGGGGNYRGGFNRSGGGGYSQNRWGNNNRDNNNSNNRGSYNRAPQQQPPPQQPPPPQPPPQQPPPPPSYSPARNPPGASTYNKNSNIPGSSANTSTPTVSSYSPPQPSYSQPPYNQGGYSQGYTAPPPPPPPPPAYNYGSYGGYNPAPYTPPPPPTAQTYPQPSYNQYQQYAQQWNQYYQNQGQWPPYYGNYDYGSYSGNTQGGTSTQ,0.13821138211382114
ENSP00000357731.3,LORICRIN,37.656,20,258,239,SGGGGGGGGSGGGGCGFFGGGGSGGGSSGSGCGYSGGGGYSGGGCGGGSSGGGGGGGIGGCGGGSGGSVKYSGGGGSSGGGSGCFSSGGGGSGCFSSGGGGSSGGGSGCFSSGGGGSSGGGSGCFSSGGGGFSGQAVQCQSYGGVSSGGSSGGGSGCFSSGGGGGSVCGYSGGGSGCGGGSSGGSGSGYVSSQQVTQTSCAPQPSYGGGSSGGGGSGGSGCFSSGGGGGSSGCGGGSSG,0.06694560669456066
ENSP00000270061.5,SSBP4,24.178,123,304,182,QGPPGSQPSPHNPNAPMMGPHGQPFMSPRFPGGPRPTLRMPSQPPAGLPGSQPLLPGAMEPSPRAQGHPSMGGPMQRVTPPRGMASVGPQSYGGGMRPPPNSLAGPGLPAMNMGPGVRGPWASPSGNSIPYSSSSPGSYTGPPGGGGPPGTPIMPSPGDSTNSSENMYTIMNPIGQGAGRAN,0.038461538461538464
ENSP00000389445.1,UBAP2L,12.604,881,1087,207,QPQQNQTQTHHTTQQTFLNPALPPGYSYTSLPYYTGVPGLPSTFQYGPAVFPVAPTSSKQHGVNVSVNASATPFQQPSGYGSHGYNTGVSVTSSNTGVPDISGSVYSKTQQSFEKQGFHSGTPAASFNLPSALGSGGPINPATAAAYPPAPFMHILTPHQQPHSQILHHHLQQDGQTGSGQRSQTSSIPQKPQTNKSAYNSYSWGAN,0.0966183574879227
ENSP00000234198.4,DLX2,18.999,23,131,109,YHQHQQPPSGGGAGPGGNSSSSSSLHKPQESPTLPVSTATDSSYYTNQQHPAGGGGGGGSPYAHMGSYQYQASGLNNVPYSAKSSYDLGYTAAYTSYAPYGTSSSPANN,0.11009174311926606
ENSP00000326767.5,MED25,20.841,554,645,92,QQQRGMGGQQAPPGLGPILEDQARPSQNLLQLRPPQPQPQGTVGASGATGQPQPQGTAQPPPGAPQGPPGAASGPPPPGPILRPQNPGANPQ,0.0
ENSP00000238823.8,FAM98A,41.696,326,518,193,QDGPQQQTGGRGGGRGGYEHSSYGGRGGHEQGGGRGGRGGYDHGGRGGGRGNKHQGGWTDGGSGGGGGYQDGGYRDSGFQPGGYHGGHSSGGYQGGGYGGFQTSSSYTGSGYQGGGYQQDNRYQDGGHHGDRGGGRGGRGGRGGRGGRAGQGGGWGGRGSQNYHQGGQFEQHFQHGGYQYNHSGFGQGRHYTS,0.11917098445595854
ENSP00000317895.3,RPTN,89.697,289,647,359,QGQSSHYGQTDRQDQSYHYGQTDRQGQSSHYSQTDRQGQSSHYSQPDRQGQSSHYGQMDRKGQCYHYDQTNRQGQGSHYSQPNRQGQSSHYGQPDTQDQSSHYGQTDRQDQSSHYGQTERQGQSSHYSQMDRQGQGSHYGQTDRQGQSSHYGQPDRQGQNSHYGQTDRQGQSSHYGQTDRQGQSSHYSQPDKQGQSSHYGKIDRQDQSYHYGQPDGQGQSSHYGQTDRQGQSFHYGQPDRQGQSSHYSQMDRQGQSSHYGQTDRQGQSSHYGQTDRQGQSYHYGQTDRQGQSSHYIQSQTGEIQGQNKYFQGTEGTRKASYVEQSGRSGRLSQQTPGQEGYQNQGQGFQSRDSQQNGHQ,0.09749303621169916
ENSP00000324463.7,YLPM1,21.908,153,238,86,PPGSYMPPSQSYMPPPQPPPSYYPPTSSQPYLPPAQPSPSQSPPSQSYLAPTPSYSSSSSSSQSYLSHSQSYLPSSQASPSRPSQG,0.10465116279069768
ENSP00000378851.3,MAPK1IP1L,11.831,155,245,91,PGMGGQYPTPNMPYPSPGPYPAPPPPQAPGAAPPVPWGTVPPGAWGPPAPYPAPTGSYPTPGLYPTPSNPFQVPSGPSGAPPMPGGPHSYH,0.10989010989010989
ENSP00000254301.9,LGALS3,24.8,12,113,102,SGSGNPNPQGWPGAWGNQPAGAGGYPGASYPGAYPGQAPPGAYPGQAPPGAYPGAPGAYPGAPAPGVYPGPPSGPGAYPSSGQPSATGAYPATGPYGAPAGP,0.11764705882352941
ENSP00000265713.2,KAT6A,39.768,1643,1710,68,PPSNQQQQPPPPPPQQPQPPPPQPQPAPQPPPPQQQPQQQPQPQPQQPPPPPPPQQQPPLSQCSMNNS,0.0
ENSP00000299505.4,GARRE1,17.248,685,750,66,GAMQPQQPSLPVPPPPRAPQAGAHTPLTPQPGLAPQQQSPKQQQPQVQYYQHLLQPIGPQQPPPQP,0.030303030303030304
ENSP00000356840.2,POU2F1,25.249,104,265,162,SQQPSQPSQQPSVQAAIPQTQLMLAGGQITGLTLTPAQQQLLLQQAQAQAQLLAAAVQQHSASQQHSAAGATISASAATPMTQIPLSQPIQIAQDLQQLQQLQQQNLNLQQFVLVHPTTNLQPAQFIISQTPQGQQGLLQAQNLLTQLPQQSQANLLQSQPS,0.012345679012345678
ENSP00000366746.3,STAM,30.406,388,536,149,QNQPYYMQSSGVSGSQVYAGPPPSGAYLVAGNAQMSHLQSYSLPPEQLSSLSQAVVPPSANPALPSQQTQAAYPNTMVSSVQGNTYPSQAPVYSPPPAATAAAATADVTLYQNAGPNMPQVPNYNLTSSTLPQPGGSQQPPQPQQPYSQ,0.0738255033557047
ENSP00000334474.5,ZMIZ1,61.243,315,534,220,NQYGPMGPTQAYNSQFMNQPGPRGPASMGGSMNPASMAAGMTPSGMSGPPMGMNQPRPPGISPFGTHGQRMPQQTYPGPRPQSLPIQNIKRPYPGEPNYGNQQYGPNSQFPTQPGQYPAPNPPRPLTSPNYPGQRMPSQPSSGQYPPPTVNMGQYYKPEQFNGQNNTFSGSSYSNYSQGNVNRPPRPVPVANYPHSPVPGNPTPPMTPGSSIPPYLSPSQ,0.09090909090909091
ENSP00000358071.3,SEC23IP,23.464,141,266,126,QPGAPPSSLMGINSYLPSQPSSLPPSYFGNQPQGIPQPGYNPYRHTPGSSRANPYIAPPQLQQCQTPGPPAHPPPSGPPVQMYQMPPGSLPPVPSSVQSPAQQQVPARPGAPSVQVPSPFLLQNQY,0.07142857142857142
ENSP00000307208.6,BPTF,39.695,2269,2488,220,QPQTAQPSAQPQPQTQPQSPAQPEVQTQPEVQTQTTVSSHVPSEAQPTHAQSSKPQVAAQSQPQSNVQGQSPVRVQSPSQTRIRPSTPSQLSPGQQSQVQTTTSQPIPIQPHTSLQIPSQGQPQSQPQVQSSTQTLSSGQTLNQVTVSSPSRPQLQIQQPQPQVIAVPQLQQQVQVLSQIQSQVVAQIQAQQSGVPQQIKLQLPIQIQQSSAVQTHQIQN,0.0
ENSP00000379915.2,ATN1,43.784,374,600,227,PYSSSSSSSAAASSSSSSSSSSASPFPASQALPSYPHSFPPPTSLSVSNQPPKYTQPSLPSQAVWSQGPPPPPPYGRLLANSNAHPGPFPPSTGAQSTAHPPVSTHHHHHQQQQQQQQQQQQQQQQQQQHHGNSGPPPPGAFPHPLEGGSSHHAHPYAMSPSLGSLRPYPPGPAHLPPPHSQVSYSQAGPNGPPVSSSSNSSSSTSQGSYPCSHPSPSQGPQGAPYP,0.06167400881057269
ENSP00000263904.4,STAM2,18.168,383,525,143,YPPASSGVPMQTYPVQSHGGNYMGQSIHQVTVAQSYSLGPDQIGPLRSLPPNVNSSVTAQPAQTSYLSTGQDTVSNPTYMNQNSNLQSATGTTAYTQQMGMSVDMSSYQNTTSNLPQLAGFPVTVPAHPVAQQHTNYHQQPLL,0.06993006993006994
ENSP00000394510.1,PRR12,16.609,433,523,91,SGAGGAGGQAYSPGQPQGLLGPQAYGQGFGGGQAQDLSKAPSYSGGPPQPPSGPPPPGLATCQSYSPDQLQGQLYGVQGEPYPGPAAHSQG,0.07692307692307693
ENSP00000500925.1,ATXN2,30.887,780,1155,376,PQAQPSPSMVGHQQPTPVYTQPVCFAPNMMYPVPVSPGVQPLYPIPMTPMPVNQAKTYRAGKVPNMPQQRQDQHHQSAMMHPASAAGPPIAATPPAYSTQYVAYSPQQFPNQPLVQHVPHYQSQHPHVYSPVIQGNARMMAPPTHAQPGLVSSSATQYGAHEQTHAMYACPKLPYNKETSPSFYFAISTGSLAQQYAHPNATLHPHTPHPQPSATPTGQQQSQHGGSHPAPSPVQHHQHQAAQALHLASPQQQSAIYHAGLAPTPPSMTPASNTQSPQNSFPAAQQTVFTIHPSHVQPAYTNPPHMAHVPQAHVQSGMVPSHPTAHAPMMLMTTQPPGGPQAALAQSALQPIPVSTTAHFPYMTHPSVQAHHQQQL,0.06382978723404255
ENSP00000358635.3,SYNCRIP,12.802,522,606,85,GYSQRGGPGSARGVRGARGGAQQQRGRGVRGARGGRGGNVGGKRKADGYNQPDSKRRQTNNQNWGSQPIAQQPLQGGDHSGNYGY,0.058823529411764705
ENSP00000365694.2,PPP1R10,14.77,689,844,156,GGPMRGGPGPGPGPYHRGRGGRGGNEPPPPPPPFRGARGGRSGGGPPNGRGGPGGGMVGGGGHRPHEGPGGGMGNSSGHRPHEGPGGGMGSGHRPHEGPGGSMGGGGGHRPHEGPGGGISGGSGHRPHEGPGGGMGAGGGHRPHEGPGGSMGGSGG,0.01282051282051282
ENSP00000316879.5,EIF4G1,19.883,1,170,170,MNKAPQSTGPPPAPSPGLPQPAFPPGQTAPVVFSTPQATQMNTPSQPRQHFYPSRAQPPSSAASRVQSAAPARPGPAAHVYPAGSQVMMIPSQISYPASQGAYYIPGQGRSTYVVPTQQYPVQPGAPGFYPGASPTEFGTYAGAYYPAQGVQQFPTGVAPTPVLMNQPPQ,0.1
ENSP00000368540.2,UBAP2,15.702,885,967,83,QPQQSQSQTHHTAQQPFVNPALPPGYSYTGLPYYTGMPSAFQYGPTMFVPPASAKQHGVNLSTPTPPFQQASGYGQHGYSTGY,0.14457831325301204
ENSP00000265866.7,HNRNPH3,21.26,268,346,79,NSTPGGGSGMGGSGMGGYGRDGMDNQGGYGSVGRMGMGNNYSGGYGTPDGLGGYGRGGGGSGGYYGQGGMSGGGWRGMY,0.11392405063291139
ENSP00000394902.2,TIAL1,24.532,284,375,92,NFQQVDYSQWGQWSQVYGNPQQYGQYMANGWQVPPYGVYGQPWNQQGFGVDQSPSAAWMGGFGAQPPQGQAPPPVIPPPNQAGYGMASYQTQ,0.17391304347826086
ENSP00000497810.1,MAGEL2,20.005,132,381,250,PSAPGAPMAHPPPPGTPMSHPPPPGTPMAHPPPPGTPMAHPPPPGTPMVHPPPPGTPMAHPPPPGTPMAHPPPPGTPMAHPPPPGTPMAHPPPPGTPMAQPPAPGVLMAQPLTPGVLMVQPAAPGAPMVQPPPAAMMTQPQPSGAPMAKPPGPGVLMIHPPGARAPMTQPPASGAPMAQPAAPPAQPMAPPAQPMASWAPQAQPLILQIQSQVIRAPPQVPQGPQAPPAQLATPPGWQATSPGWQATQQG,0.012
ENSP00000245479.2,SOX9,23.363,339,477,139,QQAPPPPPQQPPQAPPAPQAPPQPQAAPPQQPAAPPQQPQAHTLTTLSSEPGQSQRTHIKTEQLSPSHYSEQQQHSPQQIAYSPFNLPHYSPSYPPITRSQYDYTDHQNSSSYYSHAAGQGTGLYSTFTYMNPAQRPMY,0.09352517985611511
ENSP00000368933.5,TFAP2A,12.266,37,105,69,GQSPYTSAPPLSHTPNADFQPPYFPPPYQPIYPQSQDPYSHVNDPYSLNPLHAQPQPQHPGWPGQRQSQ,0.13043478260869565
ENSP00000240851.4,TFG,70.889,223,400,178,QPQQPPYTGAQTQAGQIEGQMYQQYQQQAGYGAQQPQAPPQQPQQYGIQYSASYSQQTGPQQPQQFQGYGQQPTSQAPAPAFSGQPQQLPAQPPQQYQASNYPAQTYTAQTSQPTNYTVAPASQPGMAPSQPGAYQPRPGFTSLPGSTMTPPPSGPNPYARNRPPFGQGYTQPGPGYR,0.11235955056179775
ENSP00000387543.2,EBF3,17.167,418,520,103,NHNQIPTLGNNPAHTGMMGVNSFSSQLAVNVSETSQANDQVGYSRNTSSVSPRGYVPSSTPQQSNYNTVSTSMNGYGSGAMASLGVPGSPGFLNGSSANSPYG,0.06796116504854369
ENSP00000369889.3,COL2A1,12.223,861,924,64,GAPGPQGPSGAPGPQGPTGVTGPKGARGAQGPPGATGFPGAAGRVGPPGSNGNPGPPGPPGPSG,0.015625
ENSP00000457777.1,PYGO1,32.46,85,305,221,PSSNPYLGPGYPGFGGYSTFRMPPHVPPRMSSPYCGPYSLRNQPHPFPQNPLGMGFNRPHAFNFGPHDNSSFGNPSYNNALSQNVNMPNQHFRQNPAENFSQIPPQNASQVSNPDLASNFVPGNNSNFTSPLESNHSFIPPPNTFGQAKAPPPKQDFTQGATKNTNQNSSAHPPHLNMDDTVNQSNIELKNVNRNNAVNQENSRSSSTEATNNNPANGTQN,0.09049773755656108
ENSP00000388340.2,CLINT1,25.654,491,625,135,PGMQPSKPQQPSLNTMIQQQNMQQPMNVMTQSFGAVNLSSPSNMLPVRPQTNALIGGPMPMSMPNVMTGTMGMAPLGNTPMMNQSMMGMNMNIGMSAAGMGLTGTMGMGMPNIAMTSGTVQPKQDAFANFANFSK,0.02962962962962963
ENSP00000478691.2,HNRNPA2B1,54.82,185,341,157,QSSRSGRGGNFGFGDSRGGGGNFGPGPGSNFRGGSDGYGSGRGFGDGYNGYGGGPGGGNFGGSPGYGGGRGGYGGGGPGYGNQGGGYGGGYDNYGGGNYGSGNYNDFGNYNQQPSNYGPMKSGNFGGSRNMGGPYGGGNYGPGGSGGSGGYGGRSRY,0.1592356687898089
ENSP00000369351.4,TET2,40.278,1522,1656,135,MQQSQQPQPLQKQPPQPQQQQRPQQQQPHHPQTESVNSYSASGSTNPYMRRPNPVSPYPNSSHTSDIYGSTSPMNFYSTSSQAAGSYLNSSNPMNPYPGLLNQNTQYPSYQCNGNLSVDNCSPYLGSYSPQSQPM,0.08888888888888889
ENSP00000356520.3,DHX9,23.52,1169,1270,102,NGSGYRRGGSSYSGGGYGGGYSSGGYGSGGYGGSANSFRAGYGAGVGGGYRGVSRGGFRGNSGGDYRGPSGGYRGSGGFQRGGGRGAYGTGYFGQGRGGGGY,0.16666666666666666
ENSP00000254325.3,RFX1,17.104,1,74,74,MATQAYTELQAAPPPSQPPQAPPQAQPQPPPPPPPAAPQPPQPPTAAATPQPQYVTELQSPQPQAQPPGGQKQY,0.04054054054054054
ENSP00000353847.3,WWTR1,22.854,159,233,75,MNQPLNHMNLHPAVSSTPVPQRSMAVSQPNLVMNHQHQQQMAPSTLSQQNHPTQNPPAGLMSMPNALTTQQQQQQ,0.0
ENSP00000262803.5,UPF1,14.956,989,1075,87,MPPMPPPGYFGQANGPAAGRGTPKGKTGRGGRQKNRFGLPGPSQTNLPNSQASQDVASQPFSQGALTQGYISMSQPSQMSQPGLSQP,0.05747126436781609
ENSP00000443985.1,CPEB2,41.262,350,555,206,PGGGGGGGGGGPPGGGGGGGSASPPPLPGFGTPWSVQTASPPPQPQQPPPTQPQQQPPPPQQPPQPQPQPPGSSATTPGGGSGGSLSAMPPPSPDSENGFYPGLPSSMNPAFFPSFSPVSPHGCTGLSVPTSGGGGGGFGGPFSATAVPPPPPPAMNIPQQQPPPPAAPQQPQSRRSPVSPQLQQQHQAAAAAFLQQRNSYNHHQP,0.05339805825242718
ENSP00000221566.1,SGTA,22.879,226,289,64,NNPGFMSMASNLMNNPQIQQLMSGMISGGNNPLGTPGTSPSQNDLASLIQAGQQFAQQMQQQNP,0.03125
ENSP00000281928.3,MED13L,16.755,1529,1650,122,YQTPPAAAQGQATPGNAGPLAPNGSAAPPAGSAFNPTSNSSSTNPAASSSASGSSVPPVSSSASAPGISQISTTSSSGFSGSVGGQNPSTGGISADRTQGNIGCGGDTDPGQSSSQPSQDGQ,0.02459016393442623
ENSP00000404121.1,ILF3,90.698,662,898,237,GGANHGGYMNAGAGYGSYGYGGNSATAGYSQFYSNGGHSGNASGGGGGGGGGSSGYGSYYQGDNYNSPVPPKHAGKKQPHGGQQKPSYGSGYQSHQGQQQSYNQSPYSNYGPPQGKQKGYNHGQGSYSYSNSYNSPGGGGGSDYNYESKFNYSGSGGRSGGNSYGSGGASYNPGSHGGYGGGSGGGSSYQGKQGGYSQSNYNSPGSGQNYSGPPSSYQSSQGGYGRNADHSMNYQYR,0.14767932489451477
ENSP00000287202.5,CELF6,13.106,316,389,74,NGFGPLTPQTNGQPGSDTLYNNGLSPYPAQSPGVADPLQQAYAGMHHYAAAYPSAYAPVSTAFPQQPSALPQQQ,0.10810810810810811
ENSP00000258412.3,TMBIM1,15.883,1,73,73,MSNPSAPPPYEDRNPLYPGPPPPGGYGQPSVLPGGYPAYPGYPQPGYGHPAGYPQPMPPTHPMPMNYGPGHGY,0.136986301369863
ENSP00000340766.2,SMG7,25.129,697,793,97,QPTAHSPAGNQVQAGKQSHIPYSQQRPSGPGPMNQGPQQSQPPSQQPLTSLPAQPTAQSTSQLQVQALTQQQQSPTKAVPALGKSPPHHSGFQQYQQ,0.030927835051546393
ENSP00000222330.3,GSK3A,14.362,1,83,83,MSGGGPSGGGPGGSGRARTSSFAEPGGGGGGGGGGPGGSASGPGGTGGGKASVGAMGGGVGASSSGGGPGGSGGGGSGGPGAG,0.012048192771084338
ENSP00000296452.4,BSN,33.697,3741,3889,149,PQAQPQLQGRQAAPGPQQSQSPSSRQIPSGAASRQPQTQQQQQGLGLQPPQQALTQARLQQQSQPTTRGSAPAASQPAGKPQPGPSTATGPQPAGPPRAEQTNGSKGTAKAPQQGRAPQAQPAPGPGPAGVKAGARPGGTPGAPAGQPG,0.0
ENSP00000381823.2,SEC24A,19.611,1,184,184,MSQPGIPASGGAPASLQAQNGAALASGSPYTNGPVQNALLSSQESVSQGYNFQLPGSYPHPIPAKTLNPVSGQSNYGGSQGSGQTLNRPPVASNPVTPSLHSGPAPRMPLPASQNPATTPMPSSSFLPEANLPPPLNWQYNYPSTASQTNHCPRASSQPTVSGNTSLTTNHQYVSSGYPSLQNS,0.059782608695652176
ENSP00000318374.5,LENG8,43.058,82,206,125,QQQQYYQWYQQYNYAYPYSYYYPMSMYQSYGSPSQYGMAGSYGSATPQQPSAPQHQGTLNQPPVPGMDESMSYQAPPQQLPSAQPPQPSNPPHGAHTLNSGPQPGTAPATQHSQAGPATGQAYGP,0.136
ENSP00000345494.4,PLSCR1,17.619,1,77,77,MDKQNSQMNASHPETNLPVGYPPQYPPTAFQGPPGYSGYPGPQVSYPPPPAGHSGPGPAGFPVPNQPVYNQPVYNQP,0.11688311688311688
ENSP00000016913.4,MS4A12,13.122,17,76,60,PNPYPPSSFMAPGFQQPLGSINLENQAQGAQRAQPYGITSPGIFASSQPGQGNIQMINPS,0.08333333333333333
ENSP00000370104.2,GPS2,16.401,178,262,85,GQFQGSPGGAYGTAQPPPHYGPTQPAYSPSQQLRAPSAFPAVQYLSQPQPQPYAVHGHFQPTQTGFLQPGGALSLQKQMEHANQQ,0.10588235294117647
ENSP00000325146.8,COL12A1,15.322,2917,3063,147,SGQMNRFNQMLNQIPNDYQSSRNQPGPPGPPGPPGSAGARGEPGPGGRPGFPGTPGMQGPPGERGLPGEKGERGTGSSGPRGLPGPPGPQGESRTGPPGSTGSRGPPGPPGRPGNSGIRGPPGPPGYCDSSQCASIPYNGQGYPGSG,0.04081632653061224
ENSP00000329357.4,SP1,33.168,123,480,358,QSGSSTNGSNGSESSKNRTVSGGQYVVAAAPNLQNQQVLTGLPGVMPNIQYQVIPQFQTVDGQQLQFAATGAQVQQDGSGQIQIIPGANQQIITNRGSGGNIIAAMPNLLQQAVPLQGLANNVLSGQTQYVTNVPVALNGNITLLPVNSVSAATLTPSSQAVTISSSGSQESGSQPVTSGTTISSASLVSSQASSSSFFTNANSYSTTTTTSNMGIMNFTTSGSSGTNSQGQTPQRVSGLQGSDALNIQQNQTSGGSLQAGQQKEGEQNQQTQQQQILIQPQLVQGGQALQALQAAPLSGQTFTTQAISQETLQNLQLQAVPNSGPIIIRTPTVGPNGQVSWQTLQLQNLQVQNPQAQ,0.030726256983240222
ENSP00000506350.1,BRD4,31.863,951,1038,88,QSQPPPPLPPPPHPSVQQQLQQQPPPPPPPQPQPPPQQQHQPPPRPVHLQPMQFSTHIQQPPPPQGQQPPHPPPGQQPPPPQPAKPQQ,0.011363636363636364
ENSP00000226796.6,GAR1,13.974,1,67,67,MSFRGGGRGGFNRGGGGGGFNRGGSSNHFRGGGGGGGGGNFRGGGRGGFGRGGGRGGFNKGQDQGPP,0.1044776119402985
ENSP00000412064.2,PRR13,14.694,1,87,87,MWNPNAGQPGPNPYPPNIGCPGGSNPAHPPPINPPFPPGPCPPPPGAPHGNPAFPPGGPPHPVPQPGYPGCQPLGPYPPPYPPPAPG,0.08045977011494253
ENSP00000378830.2,QRICH1,25.458,85,181,97,QPQTQQEQQIQVQQPQQVQVQVQVQQSPQQVSAQLSPQLTVHQPTEQPIQVQVQIQGQAPQSAAPSIQTPSLQSPSPSQLQAAQIQVQHVQAAQQIQ,0.0
ENSP00000424668.2,BMP2K,67.538,424,562,139,GQGPPQQPPQQHRVLQQLQQGDWRLQQLHLQHRHPHQQQQQQQQQQQQQQQQQQQQQQQQQQQHHHHHHHHLLQDAYMQQYQHATQQQQMLQQQFLMHSVYQPQPSASQYPTMMPQYQQAFFQQQMLAQHQPSQQQASP,0.06474820143884892
ENSP00000358242.5,PNISR,10.22,1,87,87,MWDQGGQPWQQWPLNQQQWMQSFQHQQDPSQIDWAALAQAWIAQREASGQQSMVEQPPGMMPNGQDMSTMESGPNNHGNFQGDSNFN,0.10344827586206896
ENSP00000295470.5,HNRNPDL,45.203,316,420,105,QQQQQQKGGRGAAAGGRGGTRGRGRGQGQNWNQGFNNYYDQGYGNYNSAYGGDQNYSGYGGYDYTGYNYGNYGYGQGYADYSGQQSTYGKASRGGGNHQNNYQPY,0.19047619047619047
ENSP00000316032.7,NUP98,13.324,208,329,122,YQANRKGPQNQVGAGTTTGLFGSSPATSSATGLFSSSTTNSGFAYGQNKTAFGTSTTGFGTNPGGLFGQQNQQTTSLFSKPFGQATTTQNTGFSFGNTSTIGQPSTNTMGLFGVTQASQPGG,0.10655737704918032
ENSP00000339845.3,DROSHA,21.35,127,202,76,PNNPPVPGAPPGQGTFPFMMPPPSMPHPPPPPVMPQQVNYQYPPGYSHHNFPPPSFNSFQNNPSSFLPSANNSSSP,0.11842105263157894
ENSP00000384160.3,RBM33,35.844,575,707,133,QPNLQGPLHPPLPPPHQPQPQQPQQQPPPQHQPPHQPPHQPPPQHQPPPQHPPQHPPQHQHHHHHHHLSVPPPPLMPMSQPQFRPHVQTAQPQASSSRMQCPQRQGLRHNTTSQNVSKRPMQQMQPTAPRNSN,0.007518796992481203
ENSP00000374565.3,FAM168B,16.7,1,107,107,MNPVYSPGSSGVPYANAKGIGYPAGFPMGYAAAAPAYSPNMYPGANPTFQTGYTPGTPYKVSCSPTSGAVPPYSSSPNPYQTAVYPVRSAYPQQSPYAQQGTYYTQP,0.1588785046728972
ENSP00000349168.5,HNRNPH1,18.348,382,449,68,NSTAGASGGAYGSQMMGGMGLSNQSSYGGPASQQLSGGYGGGYGGQSSMSGYDQVLQENSSDFQSNIA,0.08823529411764706
ENSP00000455585.1,ZNF853,73.814,96,311,216,QQPEPQQQPQHEQLQQPQPHLELQQQPQQDGQQQLSQLQQEKHQSVHHQELKPELQLMHQQQQLQPQQVQEQQRLQQQQEQLQTQQAQEQQVLQQQEQLQQQVQEQQLLQQQQEQLQQQQLLQQQEQLQQQQFQQQQEQLQQQQQLLLLQQQGQLQQQLLQQQQAQLQQQLLEQQQAQLQQQLLLQQQEQLQQQQQQQLLQQQQEQLQQQQLQPPP,0.004629629629629629
ENSP00000229195.3,CNOT2,18.084,61,215,155,SPSTSGQLSQFGASLYGQQSALGLPMRGMSNNTPQLNRSLSQGTQLPSHVTPTTGVPTMSLHTPPSPSRGILPMNPRNMMNHSQVGQGIGIPSRTNSMSSSGLGSPNRSSPSIICMPKQQPSRQPFTVNSMSGFGMNRNQAFGMNNSLSSNIFNG,0.03870967741935484
ENSP00000471146.2,KHSRP,16.076,1,68,68,MSDYSTGGPPPGPPPPAGGGGGAGGAGGGPPPGPPGAGDRGGGGPGGGGPGGGSAGGPSQPPGGGGPG,0.014705882352941176
ENSP00000304408.4,COL3A1,13.821,89,228,140,PQPPTAPTRPPNGQGPQGPKGDPGPPGIPGRNGDPGIPGQPGSPGSPGPPGICESCPTGPQNYSPQYDSYDVKSGVAVGGLAGYPGPAGPPGPPGPPGTSGHPGSPGSPGYQGPPGEPGQAGPSGPPGPPGAIGPSGPAG,0.03571428571428571
ENSP00000341826.7,HNRNPA1,57.752,186,372,187,MASASSSQRGRSGSGNFGGGRGGGFGGNDNFGRGGNFSGRGGFGGSRGGGGYGGSGDGYNGFGNDGGYGGGGPGYSGGSRGYGSGGQGYGNQGSGYGGSGSYDSYNNGGGGGFGGGSGSNFGGGGSYNDFGNYNNQSSNFGPMKGGNFGGRSSGPYGGGGQYFAKPRNQGGYGGSSSSSSYGSGRRF,0.1497326203208556
ENSP00000338718.4,ATXN2L,42.269,701,1041,341,GQSGLYSPQYISYIPQIHMGPAVQAPQMYPYPVSNSVPGQQGKYRGAKGSLPPQRSDQHQPASAPPMMQAAAAAGPPLVAATPYSSYIPYNPQQFPGQPAMMQPMAHYPSQPVFAPMLQSNPRMLTSGSHPQAIVSSSTPQYPSAEQPTPQALYATVHQSYPHHATQLHAHQPQPATTPTGSQPQSQHAAPSPVQHQAGQAPHLGSGQPQQNLYHPGALTGTPPSLPPGPSAQSPQSSFPQPAAVYAIHHQQLPHGFTNMAHVTQAHVQTGITAAPPPHPGAPHPPQVMLLHPPQSHGGPPQGAVPQSGVPALSASTPSPYPYIGHPQGEQPGQAPGFPGG,0.06451612903225806
ENSP00000309823.4,FOXP4,16.293,65,215,151,QQQQALQVARQFLLQQASGLSSPGNNDSKQSASAVQVPVSVAMMSPQMLTPQQMQQILSPPQLQALLQQQQALMLQQLQEYYKKQQEQLHLQLLTQQQAGKPQPKEALGNKQLAFQQQLLQMQQLQQQHLLNLQRQGLVSLQPNQASGPLQ,0.026490066225165563
ENSP00000357442.2,PYGO2,32.673,107,325,219,QGGMAGQVPPGYSTGGGGGPQPLRRQPPPFPPNPMGPAFNMPPQGPGYPPPGNMNFPSQPFNQPLGQNFSPPSGQMMPGPVGGFGPMISPTMGQPPRAELGPPSLSQRFAQPGAPFGPSPLQRPGQGLPSLPPNTSPFPGPDPGFPGPGGEDGGKPLNPPASTAFPQEPHSGSPAAAVNGNQPSFPPNSSGRGGGTPDANSLAPPGKAGGGSGPQPPPG,0.0639269406392694
ENSP00000491215.1,HNRNPU,41.466,698,825,128,NQFNRGGGHRGRGGFNMRGGNFRGGAPGNRGGYNRRGNMPQRGGGGGGSGGIGYPYPRAPVFPGRGSYSNRGNYNRGGMPNRGNYNQNFRGRGNNRGYKNQSQGYNQWQQGQFWGQKPWSQHYHQGYY,0.15625
ENSP00000332208.2,RFX6,14.139,746,809,64,GSPYNSRPPSSYGPSLQAQDSHNMQFLNTGSFNFLSNTGAASCQGATLPPNSPNGYYGSNINYP,0.125
ENSP00000221232.5,CNOT3,21.672,310,495,186,SNQHPQSPAVPPTYPSGPPPAASALSTTPGNNGVPAPAAPPSALGPKASPAPSHNSGTPAPYAQAVAPPAPSGPSTTQPRPPSVQPSGGGGGGSGGGGSSSSSNSSAGGGAGKQNGATSYSSVVADSPAEVALSSSGGNNASSQALGPPSGPHNPPPSTSKEPSAAAPTGAGGVAPGSGNNSGGPS,0.016129032258064516
ENSP00000354118.3,PRDM10,26.082,913,1040,128,PQGDYQRIQYIPVSQSASGLQQPQHIQLQVVQVASATSPHQSQQSTVDVGQLHDPQPYPQHAIQVQHIQVSEPTASAPSSAQVSGQPLSPSAQQAQQGLSPSHIQGSSSTQGQALQQQQQQQQNSSVQ,0.0234375
ENSP00000319104.6,SUPT6H,25.454,1556,1668,113,PQNMTSQMFSAIAAVTGQGQNPNATPAQWASSQYGYGGSGGGSSAYHVFPTPAQQPVATPLMTPSYSYTTPSQPITTPQYHQLQASTTPQSAQAQPQPSSSSRQRQQQPKSNS,0.07964601769911504
ENSP00000366607.3,SF1,44.339,351,639,289,NNPPPPSLMSTTQSRPPWMNSGPSESRPYHGMHGGGPGGPGGGPHSFPHPLPSLTGGHGGHPMQHNPNGPPPPWMQPPPPPMNQGPHPPGHHGPPPMDQYLGSTPVGSGVYRLHQGKGMMPPPPMGMMPPPPPPPSGQPPPPPSGPLPPWQQQQQQPPPPPPPSSSMASSTPLPWQQNTTTTTTSAGTGSIPPWQQQQAAAAASPGAPQMQGNPTMVPLPPGVQPPLPPGAPPPPPPPPPGSAGMMYAPPPPPPPPMDPSNFVTMMGMGVAGMPPFGMPPAPPPPPPQN,0.04152249134948097
ENSP00000396345.2,CHD9,35.757,134,352,219,SNQNGSPFHQQGHSHSMHQNKSFVAHHDFALFQANEQQTQCTSLRSQQNRNNLNPGQNSLSQSKNFMNVSGPHRVNVNHPPQMTNASNSQQSISMQQFSQTSNPSAHFHKCSSHQEGNFNGPSPNMTSCSVSNSQQFSSHYSFSSNHISPNSLLQSSAVLASNHTNQTLSDFTGSNSFSPHRGIKQESTQHILNPNTSLNSNNFQILHSSHPQGNYSNS,0.0684931506849315
ENSP00000301765.5,VPS37C,15.938,232,355,124,SQPSFYSGPLGPTYPAAQLGPRGAAGYSWSPQRSMPPRPGYPGTPMGASGPGYPLRGGRAPSPGYPQQSPYPATGGKPPYPIQPQLPSFPGQPQPSVPLQPPYPPGPAPPYGFPPPPGPAWPGY,0.12903225806451613
ENSP00000263073.5,SMG6,17.442,493,554,62,QAQASYYKFQNSDNPYYYPRTPGPASQYPYTGYNPLQYPVGPTNGVYPGPYYPGYPTPSGQY,0.24193548387096775
ENSP00000497369.1,FOXP1,24.423,55,194,140,QQQQQQALQVARQLLLQQQQQQQVSGLKSPKRNDKQPALQVPVSVAMMTPQVITPQQMQQILQQQVLSPQQLQVLLQQQQALMLQQQQLQEFYKKQQEQLQLQLLQQQHAGKQPKEQQQVATQQLAFQQQLLQMQQLQQQ,0.02142857142857143
ENSP00000347434.7,EYA4,25.234,209,298,90,SQTQSPLQSGCLSYSPGFSTPQPGQTPYSYQMPGSSFAPSSTIYANNSVSNSTNFSGSQQDYPSYTAFGQNQYAQYYSASTYGAYMTSNN,0.16666666666666666
ENSP00000505217.1,TCERG1,42.87,180,254,75,QAQVQAQAQAQAQAQAQAQAQAQAQAQAQAQAQAQAQAQAQAQAQAQAQAQAQAQAQAQAQAQVQAQVQAQVQAQ,0.0
ENSP00000225792.5,DDX5,24.675,531,614,84,QNGVYSAANYTNGSFGSNFVSAGIQTSFRTGNPTGTYQNGYDSTQQYGSNVPNMHNGMNQQAYAYPATAAAPMIGYPMPTGYSQ,0.14285714285714285
ENSP00000331201.4,HGS,48.132,549,769,221,QQKQTVQMRAQMPAFPLPYAQLQAMPAAGGVLYQPSGPASFPSTFSPAGSVEGSPMHGVYMSQPAPAAGPYPSMPSTAADPSMVSAYMYPAGATGAQAAPQAQAGPTASPAYSSYQPTPTAGYQNVASQAPQSLPAISQPPQSSTMGYMGSQSVSMGYQPYNMQNLMTTLPSQDASLPPQQPYIAGQQPMYQQMAPSGGPPQQQPPVAQQPQAQGPPAQGS,0.07692307692307693
ENSP00000301785.5,HNRNPUL2,14.335,641,747,107,NRRNNRNKRNRQNRSRGQGYVGGQRRGYDNRAYGQQYWGQPGNRGGYRNFYDRYRGDYDRFYGRDYEYNRYRDYYRQYNRDWQSYYYHHPQDRDRYYRNYYGYQGYR,0.2616822429906542
ENSP00000416360.1,ATXN1,39.907,197,256,60,QQQQQQQQQQQQHQHQQQQQQQQQQQQQQHLSRAPGLITPGSPPPAQQNQYVHISSSPQN,0.016666666666666666
ENSP00000345702.6,NFYA,29.446,1,161,161,MEQYTANSNSSTEQIVVQAGQIQQQQQGGVTAVQLQTEAQVASASGQQVQTLQVVQGQPLMVQVSGGQLITSTGQPIMVQAVPGGQGQTIMQVPVSGTQGLQQIQLVPPGQIQIQGGQAVQVQGQQGQTQQIIIQQPQTAVTAGQTQTQQQIAVQGQQVAQ,0.006211180124223602
ENSP00000412696.4,YIPF7,10.295,1,81,81,MSNLAQFDSDFYQSNFTIDNQEQSGNDSNAYGNLYGSRKQQAGEQPQPASFVPSEMLMSSGYAGQFFQPASNSDYYSQSPY,0.16049382716049382
ENSP00000347184.5,HTT,37.303,18,78,61,QQQQQQQQQQQQQQQQQQQQQPPPPPPPPPPPQLPQPPPQAQPLLPQPQPPPPPPPPPPGP,0.0
ENSP00000502190.2,POLR2A,45.103,1521,1834,314,NQGATPAYGAWSPSVGSGMTPGAAGFSPSAASDASGFSPGYSPAWSPTPGSPGSPGPSSPYIPSPGGAMSPSYSPTSPAYEPRSPGGYTPQSPSYSPTSPSYSPTSPSYSPTSPNYSPTSPSYSPTSPSYSPTSPSYSPTSPSYSPTSPSYSPTSPSYSPTSPSYSPTSPSYSPTSPSYSPTSPSYSPTSPSYSPTSPSYSPTSPSYSPTSPSYSPTSPSYSPTSPNYSPTSPNYTPTSPSYSPTSPSYSPTSPNYTPTSPNYSPTSPSYSPTSPSYSPTSPSYSPSSPRYTPQSPTYTPSSPSYSPSSPSYSP,0.1337579617834395
ENSP00000357791.3,HRNR,492.201,166,2812,2647,SGQHNSYSGQSSSYGEQNSDSHQSSGRGQCGSGSGQSPNYGQHGSGSGQSSSNDTHGSGSGQSSGFSQHKSSSGQSSGYSQHGSGSGHSSGYGQHGSRSGQSSRGERHRSSSGSSSSYGQHGSGSRQSLGHGRQGSGSRQSPSHVRHGSGSGHSSSHGQHGSGSSYSYSRGHYESGSGQTSGFGQHESGSGQSSGYSKHGSGSGHSSSQGQHGSTSGQASSSGQHGSSSRQSSSYGQHESASRHSSGRGQHSSGSGQSPGHGQRGSGSGQSPSSGQHGTGFGRSSSSGPYVSGSGYSSGFGHHESSSEHSSGYTQHGSGSGHSSGHGQHGSRSGQSSRGERQGSSAGSSSSYGQHGSGSRQSLGHSRHGSGSGQSPSPSRGRHESGSRQSSSYGPHGYGSGRSSSRGPYESGSGHSSGLGHQESRSGQSSGYGQHGSSSGHSSTHGQHGSTSGQSSSCGQHGATSGQSSSHGQHGSGSSQSSRYGQQGSGSGQSPSRGRHGSDFGHSSSYGQHGSGSGWSSSNGPHGSVSGQSSGFGHKSGSGQSSGYSQHGSGSSHSSGYRKHGSRSGQSSRSEQHGSSSGLSSSYGQHGSGSHQSSGHGRQGSGSGHSPSRVRHGSSSGHSSSHGQHGSGTSCSSSCGHYESGSGQASGFGQHESGSGQGYSQHGSASGHFSSQGRHGSTSGQSSSSGQHDSSSGQSSSYGQHESASHHASGRGRHGSGSGQSPGHGQRGSGSGQSPSYGRHGSGSGRSSSSGRHGSGSGQSSGFGHKSSSGQSSGYTQHGSGSGHSSSYEQHGSRSGQSSRSEQHGSSSGSSSSYGQHGSGSRQSLGHGQHGSGSGQSPSPSRGRHGSGSGQSSSYGPYRSGSGWSSSRGPYESGSGHSSGLGHRESRSGQSSGYGQHGSSSGHSSTHGQHGSTSGQSSSCGQHGASSGQSSSHGQHGSGSSQSSGYGRQGSGSGQSPGHGQRGSGSRQSPSYGRHGSGSGRSSSSGQHGSGLGESSGFGHHESSSGQSSSYSQHGSGSGHSSGYGQHGSRSGQSSRGERHGSSSGSSSHYGQHGSGSRQSSGHGRQGSGSGHSPSRGRHGSGLGHSSSHGQHGSGSGRSSSRGPYESRSGHSSVFGQHESGSGHSSAYSQHGSGSGHFCSQGQHGSTSGQSSTFDQEGSSTGQSSSYGHRGSGSSQSSGYGRHGAGSGQSPSRGRHGSGSGHSSSYGQHGSGSGWSSSSGRHGSGSGQSSGFGHHESSSWQSSGCTQHGSGSGHSSSYEQHGSRSGQSSRGERHGSSSGSSSSYGQHGSGSRQSLGHGQHGSGSGQSPSPSRGRHGSGSGQSSSYSPYGSGSGWSSSRGPYESGSSHSSGLGHRESRSGQSSGYGQHGSSSGHSSTHGQHGSTSGQSSSCGQHGASSGQSSSHGQHGSGSSQSSGYGRQGSGSGQSPGHGQRGSGSRQSPSYGRHGSGSGRSSSSGQHGSGLGESSGFGHHESSSGQSSSYSQHGSGSGHSSGYGQHGSRSGQSSRGERHGSSSRSSSRYGQHGSGSRQSSGHGRQGSGSGQSPSRGRHGSGLGHSSSHGQHGSGSGRSSSRGPYESRSGHSSVFGQHESGSGHSSAYSQHGSGSGHFCSQGQHGSTSGQSSTFDQEGSSTGQSSSHGQHGSGSSQSSSYGQQGSGSGQSPSRGRHGSGSGHSSSYGQHGSGSGWSSSSGRHGSGSGQSSGFGHHESSSWQSSGYTQHGSGSGHSSSYEQHGSRSGQSSRGEQHGSSSGSSSSYGQHGSGSRQSLGHGQHGSGSGQSPSPSRGRHGSGSGQSSSYGPYGSGSGWSSSRGPYESGSGHSSGLGHRESRSGQSSGYGQHGSSSGHSSTHGQHGSASGQSSSCGQHGASSGQSSSHGQHGSGSSQSSGYGRQGSGSGQSPGHGQRGSGSRQSPSYGRHGSGSGRSSSSGQHGPGLGESSGFGHHESSSGQSSSYSQHGSGSGHSSGYGQHGSRSGQSSRGERHGSSSGSSSRYGQHGSGSRQSSGHGRQGSGSGHSPSRGRHGSGSGHSSSHGQHGSGSGRSSSRGPYESRSGHSSVFGQHESGSGHSSAYSQHGSGSGHFCSQGQHGSTSGQSSTFDQEGSSTGQSSSHGQHGSGSSQSSSYGQQGSGSGQSPSRGRHGSGSGHSSSYGQHGSGSGWSSSSGRHGSGSGQSSGFGHHESSSWQSSGYTQHGSGSGHSSSYEQHGSRSGQSSRGERHGSSSGSSSSYGQHGSGSRQSLGHGQHGSGSGQSPSPSRGRHGSGSGQSSSYSPYGSGSGWSSSRGPYESGSGHSSGLGHRESRSGQSSGYGQHGSSSGHSSTHGQHGSTSGQSSSCGQHGASSGQSSSHGQHGSGSSQSSGYGRQGSGSGQSPGHGQRGSGSRQSPSYGRHGSGSGRSSSSGQHGSGLGESSGFGHHESSSGQSSSYSQHGSGSGHSSGYGQHGSRSGQSSRGERHGSSSGSSSHYGQHGSGSRQSSGHGRQGSGSGQSPSRGRHGSGLGHSSSHGQHGSGSGRSSSRGPYESRLGHSSVFGQHESGSGHSSAYSQHGSGSGHFCSQGQHGSTSGQSSTFDQEGSSTGQSSSYGHRGSGSSQSSGYGRHGAGSGQSLSHGRHGSGSGQSSSYGQHGSGSGQSSGYSQHGSGSGQDGYSY,0.05100113335851908
ENSP00000343896.4,SMARCA4,32.189,1,281,281,MSTPDPPLGGTPRPGPSPGPGPSPGAMLGPSPGPSPGSAHSMMGPSPGPPSAGHPIPTQGPGGYPQDNMHQMHKPMESMHEKGMSDDPRYNQMKGMGMRSGGHAGMGPPPSPMDQHSQGYPSPLGGSEHASSPVPASGPSSGPQMSSGPGGAPLDGADPQALGQQNRGPTPFNQNQLHQLRAQIMAYKMLARGQPLPDHLQMAVQGKRPMPGMQQQMPTLPPPSVSATGPGPGPGPGPGPGPGPAPPNYSRPHGMGGPNMPPPGPSGVPPGMPGQPPGGPP,0.021352313167259787
ENSP00000301624.4,TNRC6C,27.04,1061,1205,145,GMQNLNSSRQIPSGNLGMFGNSGAAQARTMQQPPQPPVQPLNSSQPSLRAQVPQFLSPQVQAQLLQFAAKNIGLNPALLTSPINPQHMTMLNQLYQLQLAYQRLQIQQQMLQAQRNVSGSMRQQEQQVARTITNLQQQIQQHQRQ,0.034482758620689655
ENSP00000449396.1,SMARCC2,23.534,979,1107,129,QQHFQQMHQQQQQPPPALPPGSQPIPPTGAAGPPAVHGLAVAPASVVPAPAGSGAPPGSLGPSEQIGQAGSTAGPQQQQPAGAPQPGAVPPGVPPPGPHGPSPFPNQQTPPSMMPGAVPGSGHPGVAGN,0.015503875968992248
ENSP00000267023.4,NABP2,16.391,115,202,88,YSTQQAPNKAVQNDSNPSASQPTTGPSAASPASENQNGNGLSAPPGPGGGPHPPHTPSHPPSTRITRSQPNHTPAGPPGPSSNPVSNG,0.011363636363636364
ENSP00000378165.4,ZNF207,23.992,398,494,97,YQRNLPRPGQAPIGNPPVGPIGGMMPPQPGIPQQQGMRPPMPPHGQYGGHHQGMPGYLPGAMPPYGQGPPMVPPYQGGPPRPPMGMRPPVMSQGGRY,0.061855670103092786
ENSP00000386458.4,PRPF40A,20.467,92,169,78,MMGHPGMHYAPMGMHPMGQRANMPPVPHGMMPQMMPPMGGPPMGQMPGMMSSVMPGMMMSHMSQASMQPALPPGVNSM,0.01282051282051282
ENSP00000355064.7,SHISA4,10.196,138,197,60,QPVYPYPQDPKAGPAPPQPGFIYPPSGPAPQYPLYPAGPPVYNPAAPPPYMPPQPSYPGA,0.15
ENSP00000269576.5,KRT10,33.059,457,584,128,GSSGGGGRGGGSFGGGYGGGSSGGGSSGGGHGGGHGGSSGGGYGGGSSGGGSSGGGYGGGSSSGGHGGSSSGGYGGGSSGGGGGGYGGGSSGGGSSSGGGYGGGSSSGGHKSSSSGSVGESSSKGPRY,0.0625
ENSP00000265562.4,PTPN23,13.322,952,1024,73,GPQPQPHPQPHPSQAFGPQPPQQPLPLQHPHLFPPQAPGLLPPQSPYPYAPQPGVLGQPPPPLHTQLYPGPAQ,0.0684931506849315
ENSP00000364449.1,SIK3,14.966,728,806,79,QPSSPPPNHPNNHLFRQPSNSPPPMSSAMIQPHGAASSSQFQGLPSRSAIFQQQPENCSSPPNVALTCLGMQQPAQSQQ,0.0379746835443038
ENSP00000311747.5,RBM14,62.383,264,576,313,QPMTAQAASYRAQPSVSLGAPYRGQLASPSSQSAAASSLGPYGGAQPSASALSSYGGQAAAASSLNSYGAQGSSLASYGNQPSSYGAQAASSYGVRAAASSYNTQGAASSLGSYGAQAASYGAQSAASSLAYGAQAASYNAQPSASYNAQSAPYAAQQAASYSSQPAAYVAQPATAAAYASQPAAYAAQATTPMAGSYGAQPVVQTQLNSYGAQASMGLSGSYGAQSAAAATGSYGAAAAYGAQPSATLAAPYRTQSSASLAASYAAQQHPQAAASYRGQPGNAYDGAGQPSAAYLSMSQGAVANANSTPPPY,0.09584664536741214
ENSP00000266671.5,PHLDA1,30.346,299,401,103,QQHLVQQQPPSQPQPQPQLQPQPQPQPQPQPQPQSQPQPQPQPKPQPQQLHPYPHPHPHPHSHPHSHPHPHPHPHPHQIPHPHPQPHSQPHGHRLLRSTSNSA,0.009708737864077669
ENSP00000313059.6,WNK1,22.843,699,781,83,QAQSQPHGVYPPSSVAQGQSQGQPSSSSLTGVSSSQPIQHPQQQQGIQQTAPPQQTVQYSLSQTSTSSEATTAQPVSQPQAPQ,0.024096385542168676
ENSP00000341024.5,SATB1,13.298,260,358,99,SQQGANHVNFGQQPVPGNTAEQPPSPAQLSHGSQPSVRTPLPNLHPGLVSTPISPQLVNQQLVMAQLLNQQYAVNRLLAQQSLNQQYLNHPPPVSRSMN,0.030303030303030304
ENSP00000251968.3,TSG101,15.981,147,209,63,SASYPPYQATGPPNTSYMPGMPGGISPYPSGYPPNPSGYPGCPYPPGGPYPATTSSQYPSQPP,0.14285714285714285
ENSP00000301067.7,KMT2D,147.338,3599,3994,396,QQQQQQQQQQQQQQHSAVLALSPSQSPRLLTKLPGQLLPGHGLQPPQGPPGGQAGGLRLTPGGMALPGQPGGPFLNTALAQQQQQQHSGGAGSLAGPSGGFFPGNLALRSLGPDSRLLQERQLQLQQQRMQLAQKLQQQQQQQQQQQHLLGQVAIQQQQQQGPGVQTNQALGPKPQGLMPPSSHQGLLVQQLSPQPPQGPQGMLGPAQVAVLQQQHPGALGPQGPHRQVLMTQSRVLSSPQLAQQGQGLMGHRLVTAQQQQQQQQHQQQGSMAGLSHLQQSLMSHSGQPKLSAQPMGSLQQLQQQQQLQQQQQLQQQQQQQLQQQQQLQQQQLQQQQQQQQLQQQQQQQLQQQQQQLQQQQQQQQQQFQQQQQQQQMGLLNQSRTLLSPQQQQQQQ,0.010101010101010102
ENSP00000296444.2,SHISA5,17.488,158,233,76,PYPQPPSVPPSYPGPSYQGYHTMPPQPGMPAAPYPMQYPPPYPAQPMGPPAYHETLAGGAAAPYPASQPPYNPAYM,0.14473684210526316
ENSP00000507462.1,ZNF384,47.886,492,574,83,QQQVQAAAAAAAVAQAQAQAQAQAQAQAQAQAQAQASQASQQQQQQQQQQQQQQQQPPPHFQSPGAAPQGGGGGDSNPNPPPQ,0.012048192771084338
ENSP00000376309.2,HNRNPA3,58.659,207,378,172,MQSAGSQRGRGGGSGNFMGRGGNFGGGGGNFGRGGNFGGRGGYGGGGGGSRGSYGGGDGGYNGFGGDGGNYGGGPGYSSRGGYGGGGPGYGNQGGGYGGGGGYDGYNEGGNFGGGNYGGGGNYNDFGNYSGQQQSNYGPMKGGSFGGRSSGSPYGGGYGSGGGSGGYGSRRF,0.1511627906976744
ENSP00000391723.2,PUM1,24.428,604,670,67,SANGAAGGLAGTTNGPFRPLGTQQPQPQPQQQPNNNLASSSFYGNNSLNSNSQSSSLFSQGSAQPAN,0.05970149253731343
ENSP00000478901.1,LPP,18.682,227,347,121,SAQPSPHYMAAPSSGQIYGSGPQGYNTQPVPVSGQCPPPSTRGGMDYAYIPPPGLQPEPGYGYAPNQGRYYEGYYAAGPGYGGRNDSDPTYGQQGHPNTWKREPGYTPPGAGNQNPPGMYP,0.1322314049586777
ENSP00000506922.1,ARPP21,72.391,483,811,329,NPHTGQPFVNPDGTPAIYNPPTSQQPLRSAMVGQSQQQPPQQQPSPQPQQQVQPPQPQMAGPLVTQSVQGLQASSQSVQYPAVSFPPQHLLPVSPTQHFPMRDDVATQFGQMTLSRQSSGETPEPPSGPVYPSSLMPQPAQQPSYVIASTGQQLPTGGFSGSGPPISQQVLQPPPSPQGFVQQPPPAQMPVYYYPSGQYPTSTTQQYRPMAPVQYNAQRSQQMPQAAQQAGYQPVLSGQQGFQGLIGVQQPPQSQNVINNQQGTPVQSVMVSYPTMSSYQVPMTQGSQGLPQQSYQQPIMLPNQAGQGSLPATGMPVYCNVTPPTPQNN,0.0668693009118541
ENSP00000354543.2,TSC22D2,27.642,258,448,191,MSQPTPAQPQSFSVGQPQPPPPPVGGAVAQSSAPLPPFPGAATGPQPMMAAAQPSQPQGAGPGGQTLPPTNVTLAQPAMSLPPQPGPAVGAPAAQQPQQFAYPQPQIPPGHLLPVQPSGQSEYLQQHVAGLQPPSPAQPSSTGAAASPATAATLPVGTGQNASSVGAQLMGASSQPSEAMAPRTGPAQGGQ,0.02617801047120419
ENSP00000359804.2,FUBP1,25.795,466,579,114,PGPHGPPGPPGPGTPMGPYNPAPYNPGPPGPAPHGPPAPYAPQGWGNAYPHWQQQAPPDPAKAGTDPNSAAWAAYYAHYYQQQAQPPPAAPAGAPTTTQTNGQGDQQNPAPAGQ,0.09649122807017543
ENSP00000507778.1,BCL9L,31.111,763,881,119,PPMGPGNLNMNMNVNMNMNMNLNVQMTPQQQMLMSQKMRGPGDLMGPQGLSPEEMARVRAQNSSGVMGGPQKMLMPSQFPNQGQQGFSGGQGPYQAMSQDMGNTQDMFSPDQSSMPMSN,0.03361344537815126
ENSP00000483453.1,SYNRG,20.927,1,116,116,MALRPGAGSGGGGAAGAGAGSAGGGGFMFPVAGGIRPPQAGLMPMQQQGFPMVSVMQPNMQGIMGMNYSSQMSQGPIAMQAGIPMGPMPAAGMPYLGQAPFLGMRPPGPQYTPDMQ,0.0603448275862069
ENSP00000480291.1,HNF1B,14.773,426,513,88,NPQQSQNLIMTPLSGVMAIAQSLNTSQAQSVPVINSVAGSLAALQPVQFSQQLHSPHQQPLMQQSPGSHMAQQPFMAAVTQLQNSHMY,0.03409090909090909
ENSP00000386759.3,SETD2,16.896,2266,2335,70,QGQNYSVWDSNQQSVSVQQQYSPAQSQATIYYQGQTCPTVYGVTSPYSQTTPPIVQSYAQPSLQYIQGQQ,0.12857142857142856
ENSP00000362807.4,PEF1,34.396,1,114,114,MASYPYRQGCPGAAGQAPGAPPGSYYPGPPNSGGQYGSGLPPGGGYGGPAPGGPYGPPAGGGPYGHPNPGMFPSGTPGGPYGGAAPGGPYGQPPPSSYGAQQPGLYGQGGAPPN,0.11403508771929824
ENSP00000355777.5,ACBD3,21.822,241,308,68,QQKQQIMAALNSQTAVQFQQYAAQQYPGNYEQQQILIRQLQEQHYQQYMQQLYQVQLAQQQAALQKQQ,0.10294117647058823
ENSP00000361949.3,PABPC4,15.721,380,458,79,NQYMQRVAGMRALPANAILNQFQPAAGGYFVPAVPQAQGRPPYYTPNQLAQMRPNPRWQQGGRPQGFQGMPSAIRQSGP,0.10126582278481013
ENSP00000474096.1,TAF15,61.481,1,152,152,MSDSGSYGQSGGEQQSYSTYGNPGSQGYGQASQSYSGYGQTTDSSYGQNYSGYSSYGQSQSGYSQSYGGYENQKQSSYSQQPYNNQGQQQNMESSGSQGGRAPSYDQPDYGQQDSYDQQSGYDQHQGSYDEQSNYDQQHDSYSQNQQSYHSQ,0.1513157894736842
ENSP00000462419.1,FAM222B,13.522,147,225,79,PQAQALARQQALQHAQTLAHAPPQTLQHPQGIPPPQALSHPQSLQQPQGLGHPQPMAQTQGLVHPQALAHQGLQHPHNP,0.0
ENSP00000362918.3,YTHDF2,23.229,294,380,87,QNIGQPTQGSPQPVGQQANNSPPVAQASVGQQTQPLPPPPPQPAQLSVQQQAAQPTRWVAPRNRGSGFGHNGVDGNGVGQSQAGSGS,0.022988505747126436
ENSP00000325377.3,WDR33,98.664,584,971,388,GPQPFPGQGPMSQIPQGFQQPHPSQQMPMNMAQMGPPGPQGQFRPPGPQGQMGPQGPPLHQGGGGPQGFMGPQGPQGPPQGLPRPQDMHGPQGMQRHPGPHGPLGPQGPPGPQGSSGPQGHMGPQGPPGPQGHIGPQGPPGPQGHLGPQGPPGTQGMQGPPGPRGMQGPPHPHGIQGGPGSQGIQGPVSQGPLMGLNPRGMQGPPGPRENQGPAPQGMIMGHPPQEMRGPHPPGGLLGHGPQEMRGPQEIRGMQGPPPQGSMLGPPQELRGPPGSQSQQGPPQGSLGPPPQGGMQGPPGPQGQQNPARGPHPSQGPIPFQQQKTPLLGDGPRAPFNQEGQSTGPPPLIPGLGQQGAQGRIPPLNPGQGPGPNKGDSRGPPNHHMGPMS,0.015463917525773196
ENSP00000479674.2,SSBP3,43.675,103,326,224,GNIPPNDGMPGGPIPPGFFQGPPGSQPSPHAQPPPHNPSSMMGPHSQPFMSPRYAGGPRPPIRMGNQPPGGVPGTQPLLPNSMDPTRQQGHPNMGGSMQRMNPPRGMGPMGPGPQNYGSGMRPPPNSLGPAMPGINMGPGAGRPWPNPNSANSIPYSSSSPGTYVGPPGGGGPPGTPIMPSPADSTNSSDNIYTMINPVPPGGSRSNFPMGPGSDGPMGGMGGM,0.044642857142857144
ENSP00000386456.3,AAK1,72.734,397,589,193,QPPPQAAGSSNQPGLLASVPQPKPQAPPSQPLPQTQAKQPQAPPTPQQTPSTQAQGLPAQAQATPQHQQQLFLKQQQQQQQPPPAQQQPAGTFYQQQQAQTQQFQAVHPATQKPAIAQFPVVSQGGSQQQLMQNFYQQQQQQQQQQQQQQLATALHQQQLMTQQAALQQKPTMAAGQQPQPQPAAAPQPAPAQ,0.03626943005181347
ENSP00000361535.4,MED8,11.478,196,268,73,PSGSSGPGQAGQPGAGTILAGTSGLQQVQMAGAPSQQQPMLSGVQMAQAGQPGKMPSGIKTNIKSASMHPYQR,0.0136986301369863
ENSP00000401371.2,TIA1,34.135,292,386,95,NPVQQQNQIGYPQPYGQWGQWYGNAQQIGQYMPNGWQVPAYGMYGQAWNQQGFNQTQSSAPWMGPNYGVQPPQGQNGSMLPNQPSGYRVAGYETQ,0.15789473684210525
ENSP00000271628.8,SF3B4,21.281,258,397,140,PPAMPPPPMPPGAAGHGPPSAGTPGAGHPGHGHSHPHPFPPGGMPHPGMSQMQLAHHGPHGLGHPHAGPPGSGGQPPPRPPPGMPHPGPPPMGMPPRGPPFGSPMGHPGPMPPHGMRGPPPLMPPHGYTGPPRPPPYGYQ,0.03571428571428571
ENSP00000506980.1,R3HDM1,64.854,488,878,391,NPQTGQPFINPDGSPVVYNPPMTQQPVRSQVPGPPQPPLPAPPQQPAANHIFSQPVHPLQSSSQPVQYSTAPYPSPFLPVSPTQQYSVQDNLGSQFSHMSLARQPSADGSDPHAAMFQSTVVLQSPQQSGYIMTAAPPPHPPPPPPPPPPPPPLPPGQPVPTAGYPASGHPVSQPVLQQQGYIQQPSPQMPACYCAPGHYHSSQPQYRPVPSVHYNSHLNQPLPQPAQQTGYQVIPNQQQNYQGIVGVQQPQSQSLVSGQPNSIGNQIQGVVIPYTSVPTYQVSLPQGSQGIPHQTYQQPVMFPNQSNQGSMPTTGMPVYYSVIPPGQQNNLSSSVGYLQHPGSEQVQFPRTTSPCSSQQLQGHQCTAGPPPPPGGGMVMMQLSVPNNPQS,0.06649616368286446
ENSP00000240185.4,TARDBP,43.436,277,414,138,GGNPGGFGNQGGFGNSRGGGAGLGNNQGSNMGGGMNFGAFSINPAMMAAAQAALQSSWGMMGMLASQQNQSGPSGNNQNQGNMQREPNQAFGSGNNSYSGSNSGAAIGWGSASNAGSGSGFNGGFGSSMDSKSSGWGM,0.07971014492753623
ENSP00000304405.6,HNRNPR,22.291,503,633,131,GGGRGGRGAPPPPRGRGAPPPRGRAGYSQRGAPLGPPRGSRGGRGGPAQQQRGRGSRGSRGNRGGNVGGKRKADGYNQPDSKRRQTNNQQNWGSQPIAQQPLQQGGDYSGNYGYNNDNQEFYQDTYGQQWK,0.07633587786259542
ENSP00000384823.4,FBXO11,30.473,1,73,73,MNSVRAANRRPRRVSRPRPVQQQQQQPPQQPPPQPPQQQPPQQQPPPPPQQQQQQQPPPPPPPPPPLPQERNN,0.0
ENSP00000310301.6,SP3,18.414,350,486,137,QQNTNSLTTSSGQVHSSDLQGNYIQSPVSEETQAQNIQVSTAQPVVQHLQLQESQQPTSQAQIVQGITPQTIHGVQASGQNISQQALQNLQLQLNPGTFLIQAQTVTPSGQVTWQTFQVQGVQNLQNLQIQNTAAQQ,0.029197080291970802
ENSP00000290583.4,CELF3,27.767,280,373,94,NGYSPVPTQPTGQPAPDALYPNGVHPYPAQSPAAPVDPLQQAYAGMQHYTAAYPAAYSLVAPAFPQPPALVAQQPPPPPQQQQQQQQQQQQQQQ,0.0851063829787234
ENSP00000320940.5,NCOA1,68.388,988,1349,362,PNLYSQPYSSPSPTANLPSPFQGMVRQKPSLGTMPVQVTPPRGAFSPGMGMQPRQTLNRPPAAPNQLRLQLQQRLQGQQQLIHQNRQAILNQFAATAPVGINMRSGMQQQITPQPPLNAQMLAQRQRELYSQQHRQRQLIQQQRAMLMRQQSFGNNLPPSSGLPVQMGNPRLPQGAPQQFPYPPNYGTNPGTPPASTSPFSQLAANPEASLANRNSMVSRGMTGNIGGQFGTGINPQMQQNVFQYPGAGMVPQGEANFAPSLSPGSSMVPMPIPPPQSSLLQQTPPASGYQSPDMKAWQQGAIGNNNVFSQAVQNQPTPAQPGVYNNMSITVSMAGGNTNVQNMNPMMAQMQMSSLQMPGMN,0.052486187845303865
ENSP00000349748.5,SFPQ,40.57,33,266,234,SPPPGMGLNQNRGPMGPGPGQSGPKPPIPPPPPHQQQQQPPPQQPPPQQPPPHQPPPHPQPHQQQQPPPPPQDSSKPVVAQGPGPAPGVGSAPPASSSAPPATPPTSGAPPGSGPGPTPTPPPAVTSAPPGAPPPTPPSSGVPTTPPQAGGPPPPPAAVPGPGPGPKQGPGPGGPKGGKMPGGPKPGGGPGLSTPGGHPKPPHRGGGEPRGGRQHHPPYHQQHHQGPPPGGPGG,0.004273504273504274
ENSP00000495867.2,PRRC2C,13.522,2372,2446,75,QQQQNPQVYVSQSAAAQIPAFYMDTSHLFNTQHARLAPPSLAQQQGFQPGLSQPTSVQQIPIPIYAPLQGQHQAQ,0.08
ENSP00000234739.3,BCL9,20.411,1262,1426,165,QPQGPGPGFSHMQGMMGEQAPRMGLALPGMGGPGPVGTPDIPLGTAPSMPGHNPMRPPAFLQQGMMGPHHRMMSPAQSTMPGQPTLMSNPAAAVGMIPGKDRGPAGLYTHPGPVGSPGMMMSMQGMMGPQQNIMIPPQMRPRGMAADVGMGGFSQGPGNPGNMMF,0.030303030303030304
ENSP00000507877.1,PHC2,19.248,30,167,138,NNSSSGGSGRPTGPQISVYSGIPDRQTVQVIQQALHRQPSTAAQYLQQMYAAQQQHLMLQTAALQQQHLSSAQLQSLAAVQQASLVSNRQGSTSGSNVSAQAPAQSSSINLAASPAAAQLLNRAQSVNSAAASGIAQQ,0.021739130434782608
ENSP00000383274.2,EIF4G3,21.485,1,134,134,MNSQPQTRSPFFQRPQIQPPRATIPNSSPSIRPGAQTPTAVYQANQHIMMVNHLPMPYPVPQGPQYCIPQYRHSGPPYVGPPQQYPVQPPGPGPFYPGPGPGDFPNAYGTPFYPSQPVYQSAPIIVPTQQQPPP,0.11194029850746269
ENSP00000380033.4,DDX17,29.226,614,731,118,GYANGSGYGSPNSAFGAQAGQYTYGQGTYGAAAYGTSSYTAQEYGAGTYGASSTTSTGRSSQSSSQQFSGIGRSGQQPQPLMSQQFAQPPGATNMIGYMGQTAYQYPPPPPPPPPSRK,0.1271186440677966
ENSP00000488624.1,MYO15B,17.025,1839,1936,98,GPTQQGYPMVYPGMIQMPAYQPGMVPAPMPMMPAMGTVPAMPAMVVPPQPPLPSLDAGQLAVQQQNFIQQQALILAQQMTAQAMSLSLEQQMQQRQQQ,0.04081632653061224
ENSP00000479285.1,SMAP2,39.804,267,424,158,YGSQTPQMPTQAMFMAPAQMAYPTAYPSFPGVTPPNSIMGSMMPPPVGMVAQPGASGMVAPMAMPAGYMGGMQASMMGVPNGMMTTQQAGYMAGMAAMPQTVYGVQPAQQLQWNLTQMTQQMAGMNFYGANGMMNYGQSMSGGNGQAANQTLSPQMWK,0.08227848101265822
