SEQid,Name,PRDscore,PRDstart,PRDend,PRDlen,PRDaa
ENSP00000371861.4,DAZ2,59.193,132,530,399,NPPPPPQFQNVWRNPNTETYLQPQITPNPVTQHVQAYSAYPHSPGQVITGCQLLVYNYQEYPTYPDSAFQVTTGYQLPVYNYQPFPAYPRSPFQVTAGYQLPVYNYQAFPAYPNSPFQVATGYQFPVYNYQPFPAYPSSPFQVTAGYQLPVYNYQAFPAYPNSPFQVATGYQFPVYNYQAFPAYPNSPVQVTTGYQLPVYNYQAFPAYPNSPVQVTTGYQLPVYNYQAFPAYPSSPFQVTTGYQLPVYNYQAFPAYPSSPFQVTTGYQLPVYNYQAFPAYPSSPFQVTTGYQLPVYNYQAFPAYPSSPFQVTTGYQLPVYNYQAFPAYPSSPFQVTTGYQLPVYNYQAFPAYPSSPFQVTTGYQLPVYNYQAFPAYPNSAVQVTTGYQFHVYNYQMPPQ
ENSP00000498344.1,AMELY,20.533,92,152,61,QQPRVRQQALMPVPGQQSMTPTQHHQPNLPLPAQQPFQPQPVQPQPHQPMQPQPPVQPMQP
ENSP00000508087.1,DAZ4,61.467,297,695,399,NPPPPPQFQNVWRNPNTETYLQPQITPNPVTQHVQAYSAYPHSPGQVITGCQLLVYNYQEYPTYPDSAFQVTTGYQLPVYNYQPFPAYPRSPFQVTAGYQLPVYNYQAFPAYPNSPFQVATGYQFPVYNYQPFPAYPSSPFQVTAGYQLPVYNYQAFPAYPNSPFQVATGYQFPVYNYQAFPAYPNSPVQVTTGYQLPVYNYQAFPAYPNSPFQVATGYQFPVYNYQAFPAYPNSPVQVTTGYQLPVYNYQAFPAYPSSPFQVTTGYQLPVYNYQAFPAYPSSPFQVTTGYQLPVYNYQAFPAYPSSPFQVTTGYQLPVYNYQAFPAYPSSPFQVTTGYQLPVYNYQAFPAYPSSPFQVTTGYQLPVYNYQAFPAYPNSAVQVTTGYQFHVYNYQMPPQ
ENSP00000384573.1,DAZ1,38.025,462,716,255,NPPPPPQFQNVWRNPNTETYLQPQITPNPVTQHVQAYSAYPHSPGQVITGCQLLVYNYQEYPTYPDSAFQVTTGYQLPVYNYQPFPAYPRSPFQVTAGYQLPVYNYQAFPAYPNSPFQVATGYQFPVYNYQPFPAYPSSPFQVTAGYQLPVYNYQAFPAYPNSPFQVATGYQFPVYNYQAFPAYPNSPVQVTTGYQLPVYNYQAFPAYPSSPFQVTTGYQLPVYNYQAFPAYPNSAVQVTTGYQFHVYNYQMPPQ
ENSP00000371802.2,DAZ3,44.618,132,410,279,NPPPPPQFQNVWRNPNTETYLQPQITPNPVTQHVQAYSAYPHSPGQVITGCQLLVYNYQEYPTYPDSAFQVTTGYQLPVYNYQPFPAYPRSPFQVTAGYQLPVYNYQAFPAYPNSPFQVATGYQFPVYNYQAFPAYPNSPVQVTTGYQLPVYNYQAFPAYPNSPFQVATGYQFPVYNYQAFPAYPNSPVQVTTGYQLPVYNYQAFPAYPNSPFQVATGYQFPVYNYQAFPAYPNSPVQVTTGYQLPVYNYQAFPAYPNSAVQVTTGYQFHVYNYQMPPQ
ENSP00000286835.7,SCAF4,17.321,312,402,91,SPPPPQAPFGFPGDGMQQPAYTQHQNMDQFQPRMMGIQQDPMHHQVPLPPNGQMPGFGLLPTPPFPPMAQPVIPPTPPVQQPFQASFQAQN
ENSP00000334985.2,KRTAP19-5,6.506,1,72,72,MNYYGNYYGGLGYGYGGFDDLGYGYGCGCGSFRRLGYGGGYGGYGYGSGFGGYGYRSCRPSCYGGYGFSGFY
ENSP00000397435.2,TSC22D1,40.943,497,787,291,QQQQQQQQQQQQQPALQGVTLQQMDFGSTGPQSIPAVSIPQSISQSQISQVQLQSQELSYQQKQGLQPVPLQATMSAATGIQPSPVNVVGVTSALGQQPSISSLAQPQLPYSQAAPPVQTPLPGAPPPQQLQYGQQQPMVSTQMAPGHVKSVTQNPASEYVQQQPILQTAMSSGQPSSAGVGAGTTVIPVAQPQGIQLPVQPTAVPAQPAGASVQPVGQAPAAVSAVPTGSQIANIGQQANIPTAVQQPSTQVPPSVIQQGAPPSSQVVPPAQTGIIHQGVQTSAPSLPQQ
ENSP00000263205.7,MED15,121.156,81,378,298,PMNALQSLTGGPAAGAAGIGMPPRGPGQSLGGMGSLGAMGQPMSLSGQPPPGTSGMAPHSMAVVSTATPQTQLQLQQVALQQQQQQQQFQQQQQAALQQQQQQQQQQQFQAQQSAMQQQFQAVVQQQQQLQQQQQQQQHLIKLHHQNQQQIQQQQQQLQRIAQLQLQQQQQQQQQQQQQQQQALQAQPPIQQPPMQQPQPPPSQALPQQLQQMHHTQHHQPPPQPQQPPVAQNQPSQLPPQSQTQPLVSQAQALPGQMLYTQPPLKFVRAPMVVQQPPVQPQVQQQQTAVQTAQAAQM
ENSP00000375108.2,KRTAP19-1,8.886,1,90,90,MSHYGSYYGGLGYSCGGFGGLGYGYGCGCGSFCRRGSGCGYGGYGYGSGFGSYGYGSGFGGYGYGSGFGGYGYGCCRPSYNGGYGFSGFY
ENSP00000482245.1,DACH1,22.557,74,163,90,GGGGGGGGSGGGGGSSGNGGGGGGGGGGSNCNPNLAAASNGSGGGGGGISAGGGVASSTPINASTGSSSSSSSSSSSSSSSSSSSSSSSS
ENSP00000343966.4,PSPC1,17.166,403,523,121,NMGDAFSPAPAGNQGPPPMMGMNMNNRATIPGPPMGPGPAMGPEGAANMGTPMMPDNGAVHNDRFPQGPPSQMGSPMGSRTGSETPQAPMSGVGPVSGGPGGFGRGSQGGNFEGPNKRRRY
ENSP00000386376.2,KRTAP19-3,9.042,1,81,81,MSYYGSYYGGLGYGCGGFGGLGYGYGCGCGSFRRLGSGCGYGGYGYGSGFGGYGYGSGFGGYGYGCYRPSYYGGYGFSGFY
ENSP00000410584.2,CELF4,27.545,241,414,174,MQQMAGQMGMFNPMAIPFGAYGAYAQALMQQQAALMASVAQGGYLNPMAAFAAAQMQQMAALNMNGLAAAPMTPTSGGSTPPGITAPAVPSIPSPIGVNGFTGLPPQANGQPAAEAVFANGIHPYPAQSPTAADPLQQAYAGVQQYAGPAAYPAAYGQISQAFPQPPPMIPQQQ
ENSP00000414516.2,SS18,160.071,67,418,352,SNQNMQSLLPAPPTQNMPMGPGGMNQSGPPPPPRSHNMPSDGMVGGGPPAPHMQNQMNGQMPGPNHMPMQGPGPNQLNMTNSSMNMPSSSHGSMGGYNHSVPSSQSMPVQNQMTMSQGQPMGNYGPRPNMSMQPNQGPMMHQQPPSQQYNMPQGGGQHYQGQQPPMGMMGQVNQGNHMMGQRQIPPYRPPQQGPPQQYSGQEDYYGDQYSHGGQGPPEGMNQQYYPDGHNDYGYQQPSYPEQGYDRPYEDSSQHYYEGGNSQYGQQQDAYQGPPPQQGYPPQQQQYPGQQGYPGQQQGYGPSQGGPGPQYPNYPQGQGQQYGGYRPTQPGPPQPPQQRPYGYDQGQYGNYQQ
ENSP00000351614.2,SYN3,31.596,419,523,105,SPGQAQLGPQLGQPQPRPPPQGGPRQAQSPQPQRSGSPSQQRLSPQGQQPLSPQSGSPQQQRSPGSPQLSRASSGSSPNQASKPGATLASQPRPPVQGRSTSQQG
ENSP00000401946.2,TNRC6B,23.642,1186,1333,148,NPQNFAARQGGSHGLFGNSTAQSRGLHTPVQPLNSSPSLRAQVPPQFISPQVSASMLKQFPNSGLSPGLFNVGPQLSPQQIAMLSQLPQIPQFQLACQLLLQQQQQQQLLQNQRKISQAVRQQQEQQLARMVSALQQQQQQQQRQPGM
ENSP00000368880.4,FOXO1,15.806,392,456,65,QSSPGTMMQQTPCYSFAPPNTSLNSPSPNYQKYTYGQSSMSPLPQMPIQTLQDNKSSYGGMSQYN
ENSP00000351894.2,NCOA6,203.321,227,873,647,QQQSHPSGSLAPPHHPMQPVSVNRQMNPANFPQLQQQQQQQQQQQQQQQQQQQQQQQQQLQARPPQQHQQQQPQGIRPQFTAPTQVPVPPGWNQLPSGALQPPPAQGSLGTMTANQGWKKAPLPGPMQQQLQARPSLATVQTPSHPPPPYPFGSQQASQAHTNFPQMSNPGQFTAPQMKSLQGGPSRVPTPLQQPHLTNKSPASSPSSFQQGSPASSPTVNQTQQQMGPRPPQNNPLPQGFQQPVSSPGRNPMVQQGNVPPNFMVMQQQPPNQGPQSLHPGLGGMPKRLPPGFSAGQANPNFMQGQVPSTTATTPGNSGAPQLQANQNVQHAGGQGAGPPQNQMQVSHGPPNMMQPSLMGIHGNMNNQQAGTSGVPQVNLSNMQGQPQQGPPSQLMGMHQQIVPSQGQMVQQQGTLNPQNPMILSRAQLMPQGQMMVNPPSQNLGPSPQRMTPPKQMLSQQGPQMMAPHNQMMGPQGQVLLQQNPMIEQIMTNQMQGNKQQFNTQNQSNVMPGPAQIMRGPTPNMQGNMVQFTGQMSGQMLPQQGPVNNSPSQVMGIQGQVLRPPGPSPHMAQQHGDPATTANNDVSLSQMMPDVSIQQTNMVPPHVQAMQGNSASGNHFSGHGMSFNAPFSGAPNGNQMSCGQNPG
ENSP00000370090.3,AMELX,22.851,91,166,76,QQPVIPQQPMMPVPGQHSMTPIQHHQPNLPPPAQQPYQPQPVQPQPHQPMQPQPPVHPMQPLPPQPPLPPMFPMQP
ENSP00000330218.1,SOX1,15.563,172,295,124,SPGGAAGGGYAHVNGWANGAYPGSVAAAAAAAAMMQEAQLAYGQHPGAGGAHPHAHPAHPHPHHPHAHPHNPQPMHRYDMGALQYSPISNSQGYMSASPSGYGGLPYGAAAAAAAAAGGAHQNS
ENSP00000269499.4,ZCCHC2,16.94,1024,1130,107,NGNLQLNSYYYPNPMPGPMYRVPSFFTLPSICNGSYLNQAHQSNGNQLPFFLPQTPYANGLVHDPVMGSQANYGMQQMAGFGRFYPVYPAPNVVANTSGSGPKKNGN
ENSP00000333640.5,EYA2,23.724,61,186,126,QPSTAMAAYGQTQYSAGIQQATPYTAYPPPAQAYGIPSYSIKTEDSLNHSPGQSGFLSYGSSFSTSPTGQSPYTYQMHGTTGFYQGGNGLGNAAGFGSVHQDYPSYPGFPQSQYPQYYGSSYNPPY
ENSP00000494572.1,DYRK1A,12.536,584,673,90,PQQNALHHHHGNSSHHHHHHHHHHHHHGQQALGNRTRPRVYNSPTNSSSTQDSMEVGHSHHSMTSLSSSTTSSSTSSSSTGNQGNQAYQN
ENSP00000365950.3,RBM3,12.447,91,157,67,GGGFGAHGRGRSYSRGGGDQGYGSGRYYDSRPGGYGYGYGRSRDYNGRNQGGYDRYSGGNYRDNYDN
ENSP00000218894.10,SUPT20H,22.814,636,754,119,QQQQQQLSQFTPQQPQQPTTCSPQQPGEQGSEQGSTSQEQALSAQQAAVINLTGVGSFMQSQAAVLSQLGSAENRPEQSLPQQRFQLSSAFQQQQQQIQQLRFLQHQMAMAAAAAQTAQ
ENSP00000361066.3,NCOA3,89.385,1111,1424,314,YGQTYPAQGPPMQGGFHLQGQSPSFNSMMNQMNQQGNFPLQGMHPRANIMRPRTNTPKQLRMQLQQRLQGQQFLNQSRQALELKMENPTAGGAAVMRPMMQPQVSSQQGFLNAQMVAQRSRELLSHHFRQQRVAMMMQQQQQQQQQQQQQQQQQQQQQQQQQQQQQTQAFSPPPNVTASPSMDGLLAGPTMPQAPPQQFPYQPNYGMGQQPDPAFGRVSSPPNAMMSSRMGPSQNPMMQHPQAASIYQSSEMKGWPSGNLARNSSFSQQQFAHQGNPAVYSMVHMNGSSGHMGQMNMNPMPMSGMPMGPDQKYC
ENSP00000362272.2,HDX,14.981,337,421,85,NQSTTLPGPGRNMPNSQMVNIRDMSDNVLYQNRNYHLTPRTSLHTASSTMYSNTNPLRSNFSPHFASSNQLRLSQNQNNYQISGN
ENSP00000263253.7,EP300,102.599,2092,2384,293,YANSNPQPIPGQPGMPQGQPGLQPPTMPGQQGVHSNPAMQNMNPMQAGVQRAGLPQQQPQQQLQPPMGGMSPQAQQMNMNHNTMPSQFRDILRRQQMMQQQQQQGAGPGIGPGMANHNQFQQPQGVGYPPQQQQRMQHHMQQMQQGNMGQIGQLPQALGAEAGASLQAYQQRLLQQQMGSPVQPNPMSPQQHMLPNQAQSPHLQGQQIPNSLSNQVRSPQPVPSPRPQSQPPHSSPSPRMQPQPSPHHVSPQTSSPHPGLVAAQANPMEQGHFASPDQNSMLSQLASNPGMAN
ENSP00000250448.3,FOXA1,23.438,32,147,116,SNMNSGLGSMNSMNTYMTMNTMTTSGNMTPASFNMSYANPGLGAGLSPGAVAGMPGGSAGAMNSMTAAGVTAMGTALSPSGMGAMGAQQAASMNGLGPYAAAMNPCMSPMAYAPSN
ENSP00000162391.3,FOXJ2,44.53,282,405,124,PPSNNYYMYQQQQPPPPQQQQQQQQPPQPPPQQSQPQQQQAPAQGPSAVGGAPPLHTPSTDGCTPPGGKQAGAEGYGPPPVMAMHPPPLQHGGYHPHQHHPHSHPAQQPPPPQPQAQGQAPINN
ENSP00000388620.1,EOMES,13.818,164,251,88,PYQAAAGAPHGPVYPAPNGARYPYGSMLPPGGFPAAVCPPGRAQFGPGAGAGSGAGGSSGGGGGPGTYQYSQGAPLYGPYPGAAAAGS
ENSP00000340329.4,CAPRIN1,41.785,537,709,173,QQNQYQASYNQSFSSQPHQVEQTELQQEQLQTVVGTYHGSPDQSHQVTGNHQQPPQQNTGFPRSNQPYYNSRGVSRGGSRGARGLMNGYRGPANGFRGGYDGYRPSFSNTPNSGYTQSQFSAPRDYSGYQRDGYQQNFKRGSGQSGPRGAPRGRGGPPRPNRGMPQMNTQQVN
ENSP00000222584.3,SP4,27.063,373,453,81,QSSSQLQPNGMQNAQDQSNSLQQVQIVGQPILQQIQIQQPQQQIIQAIPPQSFQLQSGQTIQTIQQQPLQNVQLQAVNPTQ
ENSP00000265872.6,CCAR1,16.902,1,103,103,MAQFGGQKNPPWATQFTATAVSQPAALGVQQPSLLGASPTIYTQQTALAAAGLTTQTPANYQLTQTAALQQQAAAAAAALQQQYSQPQQALYSVQQQLQQPQQ
ENSP00000442127.2,PRB1,85.857,34,330,297,GNPQGPSPQGGNKPQGPPPPPGKPQGPPPQGGNKPQGPPPPGKPQGPPPQGDKSRSPRSPPGKPQGPPPQGGNQPQGPPPPPGKPQGPPPQGGNRPQGPPPPGKPQGPPPQGDKSRSPSPPGKPQGPPPQGGNQPQGPPPPPGKPQGPPPQGGKKPQGPPPPGKPQGPPPQGDKSRSSQSPPGKPQGPPPQGGNQPQGPPPPPGKPQGPPPQGGNKPQGPPPPGKPQGPPAQGGSKSQSARSPPGKPQGPPQQEGNNPQGPPPPAGGNPQQPQAPPAGQPQGPPRPPQGGRPSRPPQ
ENSP00000333012.3,SS18L1,100.03,67,396,330,SNQNMQSLLPAPPTQNMNLGPGALTQSGSSQGLHSQGSLSDAISTGLPPSSLLQGQIGNGPSHVSMQQTAPNTLPTTSMSISGPGYSHAGPASQGVPMQGQGTIGNYVSRTNINMQSNPVSMMQQQAATSHYSSAQGGSQHYQGQSSIAMMGQGSQGSSMMGQRPMAPYRPSQQGSSQQYLGQEEYYGEQYSHSQGAAEPMGQQYYPDGHGDYAYQQSSYTEQSYDRSFEESTQHYYEGGNSQYSQQQAGYQQGAAQQQTYSQQQYPSQQSYPGQQQGYGSAQGAPSQYPGYQQGQGQQYGSYRAPQTAPSAQQQRPYGYEQGQYGNYQQ
ENSP00000350359.2,CREB5,22.271,247,364,118,MSNGNMNTMGHMMEMMGSRQDQTPHHHMHSHPHQHQTLPPHHPYPHQHQHPAHHPHPQPHHQQNHPHHHSHSHLHAHPAHHQTSPHPPLHTGNQAQVSPATQQMQPTQTIQPPQPTGG
ENSP00000404412.2,ANXA11,38.536,1,177,177,MSYPGYPPPPGGYPPAAPGGGPWGGAAYPPPPSMPPIGLDNVATYAGQFNQDYLSGMAANMSGTFGGANMPNLYPGAPGAGYPPVPPGGFGQPPSAQQPVPPYGMYPPPGGNPPSRMPSYPPYPGAPVPGQPMPPPGQQPPGAYPGQPPVTYPGQPPVPLPGQQQPVPSYPGYPGSG
ENSP00000262961.3,ZFR2,12.225,1,246,246,MATSQYFDFAQGGGPQYSAQPPTLPLPTVGASYTAQPTPGMDPAVNPAFPPAAPAGYGGYQPHSGQDFAYGSRPQEPVPTATTMATYQDSYSYGQSAAARSYEDRPYFQSAALQSGRMTAADSGQPGTQEACGQPSPHGSHSHAQPPQQAPIVESGQPASTLSSGYTYPTATGVQPESSASIVTSYPPPSYNPTCTAYTAPSYPNYDASVYSAASPFYPPAQPPPPPGPPQQLPPPPAPAGSGSSP
ENSP00000286523.5,MIDEAS,30.318,207,319,113,PPNQSLPLQPFQLAFGHQVNRQVFRQGPPPPNPVAAFPPQKQQQQQQPQQQQQQQQAALPQMPLFENFYSMPQQPSQQPQDFGLQPAGPLGQSHLAHHSMAPYPFPPNPDMNP
ENSP00000430241.1,EBF2,20.358,408,509,102,NPSQLPALSSSPAHSGMMGINSYGSQLGVSISESTQGNNQGYIRNTSSISPRGYSSSSTPQQSNYSTSSNSMNGYSNVPMANLGVPGSPGFLNGSPTGSPYG
ENSP00000506851.1,ADPRHL1,29.503,1134,1238,105,GQVQGHAQEQAQWQTQIEAQGQAQEQAQGGTQGHSQGQAQKQFQNWAQGQAQGHAQEQAQWQTQIEAQGQAQEPAQGGAQGQVQGQAQKWAQGQIQGQAQKQVQG
ENSP00000379682.3,PRH2,54.679,47,166,120,QGPPLGGQQSQPSAGDGNQNDGPQQGPPQQGGQQQQGPPPPQGKPQGPPQQGGHPPPPQGRPQGPPQQGGHPRPPRGRPQGPPQQGGHQQGPPPPPPGKPQGPPPQGGRPQGPPQGQSPQ
ENSP00000350090.2,HNRNPA1L2,32.765,186,320,135,MASASSSQRGRRGSGNFGGGRGDGFGGNDNFGRGGNFSGRGGFGGSCGGGGYGGSGDGYNGFGNDGSNFGGGGSYNDFGNYNNQSSNFGPMKGGNFGGRSSGPYGGGGQYFAKPQNQGGYGVSSSSSSYGSGRRF
ENSP00000479168.1,PRH1,64.435,47,187,141,QGPPLGGQQSQPSAGDGNQDDGPQQGPPQQGGQQQQGPPPPQGKPQGPPQQGGQQQQGPPPPQGKPQGPPQQGGHPPPPQGRPQGPPQQGGHPRPPRGRPQGPPQQGGHQQGPPPPPPGKPQGPPPQGGRPQGPPQGQSPQ
ENSP00000374013.4,PRB2,114.161,34,416,383,GNPQGAPPQGGNKPQGPPSPPGKPQGPPPQGGNQPQGPPPPPGKPQGPPPQGGNKPQGPPPPGKPQGPPPQGDKSRSPRSPPGKPQGPPPQGGNQPQGPPPPPGKPQGPPPQGGNKPQGPPPPGKPQGPPPQGDNKSRSSRSPPGKPQGPPPQGGNQPQGPPPPPGKPQGPPPQGGNKPQGPPPPGKPQGPPPQGDNKSQSARSPPGKPQGPPPQGGNQPQGPPPPPGKPQGPPPQGGNKPQGPPPPGKPQGPPPQGGSKSRSSRSPPGKPQGPPPQGGNQPQGPPPPPGKPQGPPPQGGNKPQGPPPPGKPQGPPPQGGSKSRSARSPPGKPQGPPQQEGNNPQGPPPPAGGNPQQPQAPPAGQPQGPPRPPQGGRPSRPPQ
ENSP00000262367.5,CREBBP,102.512,2111,2386,276,NQPGMQPQPGLQSQPGMQPQPGMHQQPSLQNLNAMQAGVPRPGVPPQQQAMGGLNPQGQALNIMNPGHNPNMASMNPQYREMLRRQLLQQQQQQQQQQQQQQQQQQGSAGMAGGMAGHGQFQQPQGPGGYPPAMQQQQRMQQHLPLQGSSMGQMAAQMGQLGQMGQPGLGADSTPNIQQALQQRILQQQQMKQQIGSPGQPNPMSPQQHMLSGQPQASHLPGQQIATSLSNQVRSPAPVQSPRPQSQPPHSSPSPRIQPQPSPHHVSPQTGSPHPG
ENSP00000279575.1,PRB4,49.447,41,247,207,PQGGNQPQRPPPPPGKPQGPPPQGGNQSQGPPPPPGKPEGRPPQGGNQSQGPPPHPGKPERPPPQGGNQSQGTPPPPGKPERPPPQGGNQSHRPPPPPGKPERPPPQGGNQSQGPPPHPGKPEGPPPQEGNKSRSARSPPGKPQGPPQQEGNKPQGPPPPGKPQGPPPAGGNPQQPQAPPAGKPQGPPPPPQGGRPPRPAQGQQPPQ
ENSP00000307387.3,PDCD6IP,33.916,786,868,83,PSQTPGSAPPPQAQGPPYPTYPGYPGYCQMPMPMGYNPYAYGQYNMPYPPVYHQSPGQAPYPGPQQPSYPFPQPPQQSYYPQQ
ENSP00000363228.3,RBM12,17.507,716,837,122,NNGPPFNFPGNFGGSNAFGPPIPPPGLGGGAFGDARPGMPSVGNSGLPGLGLDVPGFGGGPNNLSGPSGFGGGPQNFGNGPGSLGGPPGFGSGPPGLGSAPGHLGGPPAFGPGPGPGPGPGP
ENSP00000442626.2,PRB3,72.032,41,351,311,PQGGNQPQRTPPPPGKPEGRPPQGGNQSQGPPPRPGKPEGPPPQGGNQSQGPPPRPGKPEGQPPQGGNQSQGPPPRPGKPEGPPPQGGNQSQGPPPRPGKPEGPPPQGGNQSQGPPPRPGKPEGPPPQGGNQSQGPPPHPGKPEGPPPQGGNQSQGPPPRPGKPEGPPPQGGNQSQGPPPRPGKPEGPPPQGGNKPQGPPPRPGKPEGPPPQGGNQSQGPPPRPGKPEGPPSQGGNKPQGPPPHPGKPQGPPPQEGNKPQRPPPPGRPQGPPPPGGNPQQPLPPPAGKPQGPPPPPQGGRPHRPPQGQPPQ
ENSP00000370746.3,SNRPB,8.608,167,231,65,QYPPGRGGPPPPMGRGAPPPGMMGPPPGMRPPMGPPMGIPPGRGTPMGMPPPGMRPPPPGMRGLL
ENSP00000287239.4,KAT6B,44.151,1940,2073,134,QSQIYGRSQTVAMQGPARTLTMQRGMNMSVNLMPAPAYNVNSVNMNMNTLNAMNGYSMSQPMMNSGYHSNHGYMNQTPQYPMQMQMGMMGTQPYAQQPMQTPPHGNMMYTAPGHHGYMNTGMSKQSLNGSYMRR
ENSP00000359364.3,YTHDF1,22.581,286,361,76,PQQAPSPQAAPQPQQVAQPLPAQPPALAQPQYQSPQQPPQTRWVAPRNRNAAFGQSGGAGSDSNSPGNVQPNSAPS
ENSP00000365576.4,UBQLN1,18.983,326,471,146,PQTSQSSSASSGTASTVGGTTGSTASGTSGQSTTAPNLVPGVGASMFNTPGMQSLLQQITENPQLMQNMLSAPYMRSMMQSLSQNPDLAAQMMLNNPLFAGNPQLQEQMRQQLPTFLQQMQNPDTLSAMSNPRAMQALLQIQQGLQ
ENSP00000453793.1,MEIS2,11.454,373,477,105,GQQHMGIRPAGLQSMPGDYVSQGGPMGMSMAQPSYTPPQMTPHPTQLRHGPPMHSYLPSHPHHPAMMMHGGPPTHPGMTMSAQSPTMLNSVDPNVGGQVMDIHAQ
ENSP00000379144.3,TNRC6A,48.418,64,127,64,SQPQPANSNNGTSTATSTNNNAKRATANNQQPQQQQQQQQPQQQQPQQQPQPQPQQQQPQQQPQ
ENSP00000439694.1,SYT7,15.416,224,295,72,QQSLQQPLSQHQRGRQPSQPTTSQSLGQLQAHMASAPGPNPRAYGRGQARQGTSAGSKYRAAGGRSRSNPGS
ENSP00000383700.2,RERE,24.488,727,913,187,SSAQQQMLQAQPPALQAPTGVTPAPSSAPPGTPQLPTPGPTPSATAVPPQGSPTASQAPNQPQAPTAPVPHTHIQQAPALHPQRPPSPHPPPHPSPHPPLQPLTGSAGQPSAPSHAQPPLHGQGPPGPHSLQAGPLLQHPGPPQPFGLPPQASQGQAPLGTSPAAAYPHTSLQLPASQSALQSQQPP
ENSP00000380734.2,FAM98B,21.194,339,433,95,GGGGGGGGRGGGGGGGGRGGWGGGGGGWGGGGGGGGGWGGGGGGGRGGFQGRGDYGGRGGYGGRGGYGGRGYGDPYGGGGGGGGGGGGGGGYRRY
ENSP00000313933.4,BICRAL,25.72,131,467,337,GSSQQFAQAQLHPSSSASFTQASNVSNYSGQTLQPIGVTHVPVGASFASNTVGVQHGFMQHVGISVPSQHLSNSSQISGSGQIQLIGSFGNHPSMMTINNLDGSQIILKGSGQQAPSNVSGGLLVHRQTPNGNSLFGNSSSSPVAQPVTVPFNSTNFQTSLPVHNIIIQRGLAPNSNKVPINIQPKPIQMGQQNTYNVNNLGIQQHHVQQGISFASASSPQGSVVGPHMSVNIVNQQNTRKPVTSQAVSSTGGSIVIHSPMGQPHAPQSQFLIPTSLSVSSNSVHHVQTINGQLLQTQPSQLISGQVASEHVMLNRNSSNMLRTNQPYTGPMLNNQN
ENSP00000295987.7,SYN1,41.035,447,630,184,QTSQQPAGPPAQQRPPPQGGPPQPGPGPQRQGPPLQQRPPPQGQQHLSGLGPPAGSPLPQRLPSPTSAPQQPASQAAPPTQGQGRQSRPVAGGPGAPPAARPPASPSPQRQAGPPQATRQTSVSGPAPPKASGAPPGGQQRQGPPQKPPGPAGPTRQASQAGPVPRTGPPTTQQPRPSGPGPAG
ENSP00000332444.4,CSTF2T,24.823,469,568,100,GPMTGGIQGPGPINIGAGGPPQGPRQVPGISGVGNPGAGMQGTGIQGTGMQGAGIQGGGMQGAGIQGVSIQGGGIQGGGIQGASKQGGSQPSSFSPGQSQ
ENSP00000334319.8,PCLO,21.8,442,554,113,QQPGPGKIPAQQAGPGKTSAQQTGPTKPPSQLPGPAKPPPQQPGPAKPPPQQPGSAKPPSQQPGSTKPPPQQPGPAKPSPQQPGSTKPPSQQPGSAKPSAQQPSPAKPSAQQS
ENSP00000323332.7,CRTC1,16.367,348,475,128,QQLPYAFFTQAGSQQPPPQPQPPPPPPPASQQPPPPPPPQAPVRLPPGGPLLPSASLTRGPQPPPLAVTVPSSLPQSPPENPGQPSMGIDIASAPALQQYRTSAGSPANQSPTSPVSNQGFSPGSSPQ
ENSP00000359215.6,TLX1,13.439,52,124,73,GGAYTYGGGGSAAATGAGGAGAYGTGGPGGPGGPAGGGGACSMGPLTGSYNVNMALAGGPGPGGGGGSSGGAG
ENSP00000254480.5,SMARCC1,28.987,956,1105,150,QQMEQQQHGQNPQQAHQHSGGPGLAPLGAAGHPGMMPHQQPPPYPLMHHQMPPPHPPQPGQIPGPGSMMPGQHMPGRMIPTVAANIHPSGSGPTPPGMPPMPGNILGPRVPLTAPNGMYPPPPQQQPPPPPPADGVPPPPAPGPPASAAP
ENSP00000330101.2,KRT76,13.124,530,638,109,SGSGSGGYKGGSSSSSSSGYGVSGGSGSGYGGVSSGSTGGRGSSGSYQSSSSGSRLGGAGSISVSHSGMGSSSGSIQTSGGSGYKSGGGGSTSIRFSQTTSSSQHSSTK
ENSP00000335044.6,ARID2,39.311,816,1055,240,SQGQQLITTSPQPVQTSSQQTSAGSQSQDTVIIAPPQYVTTSASNIVSATSVQNFQVATGQMVTIAGVPSPQASRVGFQNIAPKPLPSQQVSSTVVQQPIQQPQQPTQQSVVIVSQPAQQGQTYAPAIHQIVLANPAALPAGQTVQLTGQPNITPSSSPSPVPATNNQVPTAMSSSSTPQSQGPPPTVSQMLSVKRQQQQQHSPAPPPQQVQVQVQQPQQVQMQVQPQQSNAGVGQPASG
ENSP00000364346.1,ZNF341,13.808,153,216,64,QPMPQGPPPVQSSLNMHSVPSYLTQPPPPPPPPPPLPPPPPPQPPPPPPQSLGPPGRPNPGGNG
ENSP00000374529.5,CCNK,24.817,258,332,75,YSQGKQQMPHHTPHQLQQPPSLQPTPQVPQVQQSQPSQSSEPSQPQQKDPQQPAQQQQPAQQPKKPSPQPSSPRQ
ENSP00000493805.1,HNRNPA1P48,32.714,141,275,135,MASASSSQRGRSGSGNFGGGRGGGFGGNDNFGRGGNFSGRGGFGGSRGGGGYGGSGDGYNGFGNDGSNFGGGGSYNDFGNYNNQSSNFGPMKGGNFEGRSSGPHGGGGQYFAKPRNQGGYGGSSSSSSYGSGRRF
ENSP00000400341.3,FOXA2,25.963,30,147,118,GYSSVSNMNAGLGMNGMNTYMSMSAAAMGSGSGNMSAGSMNMSSYVGAGMSPSLAGMSPGAGAMAGMGGSAGAAGVAGMGPHLSPSLSPLGGQAAGAMGGLAPYANMNSMSPMYGQAG
ENSP00000342012.3,DMKN,49.017,152,325,174,GSQGGLGGQGQGNPGGLGTPWVHGYPGNSAGSFGMNPQGAPWGQGGNGGPPNFGTNTQGAVAQPGYGSVRASNQNEGCTNPPPSGSGGGSSNSGGGSGSQSGSSGSGSNGDNNNGSSSGGSSSGSSSGGSSGGSSGGSSGNSGGSRGDSGSESSWGSSTGSSSGNHGGSGGGNG
ENSP00000368752.4,PRNP,16.834,32,98,67,NTGGSRYPGQGSPGGNRYPPQGGGGWGQPHGGGWGQPHGGGWGQPHGGGWGQPHGGGWGQGGGTHSQ
ENSP00000378414.4,SMARCD1,19.299,1,122,122,MAARAGFQSVAPSGGAGASGGAGAAAALGPGGTPGPPVRMGPAPGQGLYRSPMPGAAYPRPGMLPGSRMTPQGPSMGPPGYGGNPSVRPGLAQSGMDQSRKRPAPQQIQQVQQQAVQNRNHN
ENSP00000434552.1,MAML2,127.544,374,752,379,QGPSGSPQLRPPSAGPAFSMANSALSTSSPIPSVPQSQAQPQTGSGASRALPSWQEVSHAQQLKQIAANRQQHARMQQHQQQHQPTNWSALPSSAGPSPGPFGQEKIPSPSFGQQTFSPQSSPMPGVAGGSGQSKVMANYMYKAGPSAQGGHLDVLMQQKPQDLSRSFINNPHPAMEPRQGNTKPLFHFNSDQANQQMPSVLPSQNKPSLLHYTQQQQQQQQQQQQQQQQQQQQQQQQQQQQQQQQQQSSISAQQQQQQQSSISAQQQQQQQQQQQQQQQQQQQQQQQQQQQPSSQPAQSLPSQPLLRSPLPLQQKLLLQQMQNQPIAGMGYQVSQQQRQDQHSVVGQNTGPSPSPNPCSNPNTGSGYMNSQQSLLNQQ
ENSP00000381031.2,EWSR1,77.584,1,328,328,MASTDYSTYSQAAAQQGYSAYTAQPTQGYAQTTQAYGQQSYGTYGQPTDVSYTQAQTTATYGQTAYATSYGQPPTGYTTPTAPQAYSQPVQGYGTGAYDTTTATVTTTQASYAAQSAYGTQPAYPAYGQQPAATAPTRPQDGNKPTETSQPQSSTGGYNQPSLGYGQSNYSYPQVPGSYPMQPVTAPPSYPPTSYSSTQPTSYDQSSYSQQNTYGQPSSYGQQSSYGQQSSYGQQPPTSYPPQTGSYSQAPSQYSQQSSSYGQQSSFRQDHPSSMGVYGQESGGFSGPGENRSMSGPDNRGRGRGGFDRGGMSRGGRGGGRGGMGSAG
ENSP00000426983.1,CLOCK,29.359,554,689,136,QLQMVHGQGLQMFLQQSNPGLNFGSVQLSSGNSSNIQQLAPINMQGQVVPTNQIQSGMNTGHIGTTQHMIQQQTLQSTSTQSQQNVLSGHSQQTSLPSQTQSTLTAPLYNTMVISQPAAGSMVQIPSSMPQNSTQS
ENSP00000219746.9,TOX3,71.342,425,576,152,GSAPSTQVSPSVQTQQHQMQLQQQQQQQQQQMQQMQQQQLQQHQMHQQIQQQMQQQHFQHHMQQHLQQQQQHLQQQINQQQLQQQLQQRLQLQQLQHMQHQSQPSPRQHSPVASQITSPIPAIGSPQPASQQHQSQIQSQTQTQVLSQVSIF
ENSP00000310861.3,KRT2,25.291,519,621,103,GGSGGRGSSSGGGYSSGSSSYGSGGRQSGSRGGSGGGGSISGGGYGSGGGSGGRYGSGGGSKGGSISGGGYGSGGGKHSSGGGSRGGSSSGGGYGSGGGGSSS
ENSP00000289968.6,ARHGAP17,21.928,593,739,147,NNSQIASGQNQPQAAAGSHQLSMGQPHNAAGPSPHTLRRAVKKPAPAPPKPGNPPPGHPGGQSSSGTSQHPPSLSPKPPTRSPSPPTQHTGQPPGQPSAPSQLSAPRRYSSSLSPIQAPNHPPPQPPTQATPLMHTKPNSQGPPNPM
ENSP00000312379.3,KMT2E,36.261,1469,1649,181,PPSQQLGSPYRPHHSQSPQVGTPQREPQRNFYPAAQNLPANTQQATSGTLFTQTPSGQSSATYSQFNQQSLNSTAPPPPPPPPPSSSYYQNQQPSANFQNYNQLKGSLSQQTVFTSGPNQALPGTTSQQTVPGHHVTPGHFLPSQNPTIHHQTAAAVVPPPPPPPPAPGPHLVQQPNSHQQ
ENSP00000338806.3,NFAT5,114.492,1017,1528,512,QIQNSVFQTMVQMQHSGDNQPQVNLFSSTKSMMSVQNSGTQQQGNGLFQQGNEMMSLQSGNFLQQSSHSQAQLFHPQNPIADAQNLSQETQGSLFHSPNPIVHSQTSTTSSEQMQPPMFHSQSTIAVLQGSSVPQDQQSTNIFLSQSPMNNLQTNTVAQEAFFAAPNSISPLQSTSNSEQQAAFQQQAPISHIQTPMLSQEQAQPPQQGLFQPQVALGSLPPNPMPQSQQGTMFQSQHSIVAMQSNSPSQEQQQQQQQQQQQQQQQQQSILFSNQNTMATMASPKQPPPNMIFNPNQNPMANQEQQNQSIFHQQSNMAPMNQEQQPMQFQSQSTVSSLQNPGPTQSESSQTPLFHSSPQIQLVQGSPSSQEQQVTLFLSPASMSALQTSINQQDMQQSPLYSPQNNMPGIQGATSSPQPQATLFHNTAGGTMNQLQNSPGSSQQTSGMFLFGIQNNCSQLLTSGPATLPDQLMAISQPGQPQNEGQPPVTTLLSQQMPENSPLASSINTNQN
ENSP00000298281.4,PCF11,23.029,1130,1253,124,NQTGPYNDPPGNAFNAPSQGLQFQRHEQIFDSPQGPNFNGPHGPGNQSFSNPLNRASGHYFDEKNLQSSQFGNFGNIPAPMTVGNIQASQQVLSGVAQPVAFGQGQQFLPVHPQNPGFVQNPSG
ENSP00000364860.3,ROR2,13.954,750,855,106,GNLSNYNSSAQTSGASNTTQTSSLSTSPVSNVSNARYVGPKQKAPPFPQPQFIPMKGQIRPMVPPPQLYVPVNGYQPVPAYGAYLPNFYPVQIPMQMAPQQVPPQM
ENSP00000282516.8,NIPBL,25.603,111,205,95,SMQNRYVQSGMMMSQYKLSQNSMHSSPASSNYQQTTISHSPSSRFVPPQTSSGNRFMPQQNSPVPSPYAPQSPAGYMPYSHPSSYTTHPQMQQAS
ENSP00000396620.2,NFYC,31.912,150,284,135,QQPTAVQVQGQQQGQQTTSSTTTIQPGQIIIAQPQQGQTTPVTMQVGEGQQVQIVQAQPQGQAQQAQSGTGQTMQVMQQIITNTGEIQQIPVQLNAGQLQYIRLAQPVSGTQVVQGQIQTLATNAQQGQRNASQG
ENSP00000359484.3,SMAP1,24.652,315,459,145,QQQSTPGVFMGPTNIPFTSQAPAAFQGFPSMGVPVPAAPGLIGNVMGQSPSMMVGMPMPNGFMGNAQTGVMPLPQNVVGPQGGMVGQMGAPQSKFGLPQAQQPQWSLSQMNQQMAGMSISSATPTAGFGQPSSTTAGWSGSSSGQ
ENSP00000413479.2,KRT3,16.425,91,171,81,GGYGGGFGSGYGGGFGGGFGGGRGMGGGFGGAGGFGGAGGFGGAGGFGGPGGFGGSGGFGGPGSLGSPGGFGPGGFPGGIQ
ENSP00000362012.4,ANXA7,37.453,1,146,146,MSYPGYPPTGYPPFPGYPPAGQESSFPPSGQYPYPSGFPPMGGGAYPQVPSSGYPGAGGYPAPGGYPAPGGYPGAPQPGGAPSYPGVPPGQGFGVPPGGAGFSGYPQPPSQSYGGGPAQVPLPGGFPGGQMPSQYPGGQPTYPSQP
ENSP00000370395.4,SGTB,12.31,220,281,62,NNPAFISMAASLMQNPQVQQLMSGMMTNAIGGPAAGVGGLTDLSSLIQAGQQFAQQIQQQNP
ENSP00000221801.2,FBL,9.851,1,83,83,MKPGFSPRGGGFGGRGGFGDRGGRGGRGGFGGGRGRGGGFRGRGRGGGGGGGGGGGGGRGGGGFHSGGNRGRGRGGKRGNQSG
ENSP00000362013.4,TRERF1,63.801,201,401,201,YQQVPQQPHPGFTGGLSKPALQVGQHPTQGHLYYDYQQPLAQVPVQGGQPLQAPQMLSQHMQQMQQHQYYPPQQQQQAGQQRISMQEIQTQPQQIRPSQPQPPPQQQQPQQLQLQQRQGSMQIPQYYQPQPMMQHLQEQQQQQMHLQPPSYHRDPHQYTPEQAHTVQLIPLGSMSQYYYQEPQQPYSHPLYQQSHLSQHQQ
ENSP00000435634.1,C1orf94,19.096,480,598,119,QYQGLYPQQAARMPYQQALHPQLGCYSQQVMPYNPQQMGQQIFRSSYTPLLSYIPFVQPNYPYPQRTPPKMSANPRDPPLMAGDGPQYLFPQGYGFGSTSGGPLMHSPYFSSSGNGINF
ENSP00000252244.3,KRT1,33.402,513,622,110,SGGGSRGGGGGGYGSGGSSYGSGGGSYGSGGGGGGGRGSYGSGGSSYGSGGGSYGSGGGGGGHGSYGSGSSSGGYRGGSGGGGGGSSGGRGSGGGSSGGSIGGRGSSSGG
ENSP00000305687.6,DERPC,16.528,286,396,111,GANSASFSQASGNMGTSPSSMARVPGPMGPNSGPSSRGIGLPGPNPSPMSRAPGPIGPNSAHFSRPVGPMGVNANPFPRGAGSSAFSQSSGTLASNPATFQRSAGLQGSNP
ENSP00000490609.1,CCDC200,17.42,73,168,96,QPQPSQQQPSVQPPSQPPPQPSTLPQAQVWPGPQPPQPQPPPQPTQPSAQARCTQHTSKCNLQDSQRPGLMNPCQSSPIRNTGYSQLKSTNYIQQW
ENSP00000287322.4,BAG4,14.497,92,166,75,QPPYPSYNSNYWNSTARSRAPYPSTYPVRPELQGQSLNSYTNGAYGPTYPPGPGANTASYSGAYYAPGYTQTSYS
ENSP00000361927.2,HNRNPH2,19.309,382,449,68,NSTAGASGGAYGSQMMGGMGLSNQSSYGGPASQQLSGGYGGGYGGQSSMSGYDQVLQENSSDYQSNLA
ENSP00000363193.3,MED12,118.367,1900,2177,278,QQQPAVPQGQRLRQQLQQSQGMLGQSSVHQMTPSSSYGLQTSQGYTPYVSHVGLQQHTGPAGTMVPPSYSSQPYQSTHPSTNPTLVDPTRHLQQRPSGYVHQQAPTYGHGLTSTQRFSHQTLQQTPMISTMTPMSAQGVQAGVRSTAILPEQQQQQQQQQQQQQQQQQQQQQQQQQQYHIRQQQQQQILRQQQQQQQQQQQQQQQQQQQQQQQQQQHQQQQQQQAAPPQPQPQSQPQFQRQGLQQTQQQQQTAALVRQLQQQLSNTQPQPSTNIFGRY
ENSP00000264645.6,CASC3,18.279,575,676,102,QPGMNLPHPGLHPHQTPAPLPNPGLYPPPVSMSPGQPPPQQLLAPTYFSAPGVMNFGNPSYPYAPGALPPPPPPHLYPNTQAPSQVYGGVTYYNPAQQQVQP
ENSP00000313199.7,HNRNPD,36.027,262,355,94,QYQQQQQWGSRGGFAGRARGRGGGPSQNWNQGYSNYWNQGYGNYGYNSQGYGGYGGYDYTGYNNYYGYGDYSNQQSGYGKVSRRGGHQNSYKPY
ENSP00000385839.1,R3HDM2,73.714,418,740,323,QQQQQQQQQQLPALPPTPQQQPPLNNHMISQADDLSNPFGQMSLSRQGSTEAADPSAALFQTPLISQHPQQTSFIMASTGQPLPTSNYSTSSHAPPTQQVLPPQGYMQPPQQIQVSYYPPGQYPNSNQQYRPLSHPVAYSPQRGQQLPQPSQQPGLQPMMPNQQQAAYQGMIGVQQPQNQGLLSSQRSSMGGQMQGLVVQYTPLPSYQVPVGSDSQNVVQPPFQQPMLVPVSQSVQGGLPAAGVPVYYSMIPPAQQNGTSPSVGFLQPPGSEQYQMPQSPSPCSPPQMPQQYSGVSPSGPGVVVMQLNVPNGPQPPQNPSMVQ
ENSP00000305976.3,SIK2,13.87,727,847,121,QSQLQAYFNQMQIAESSYPQPSQQLPLPRQETPPPSQQAPPFSLTQPLSPVLEPSSEQMQYSPFLSQYQEMQLQPLPSTSGPRAAPPLPTQLQQQQPPPPPPPPPPRQPGAAPAPLQFSYQ
ENSP00000342828.7,NKX2-3,13.214,241,346,106,PSAQAYGAPYSVGASAYSYNSFPAYGYGNSAAAAAAAAAAAAAAAAYSSSYGCAYPAGGGGGGGGTSAATTAMQPACSAAGGGPFVNVSNLGGFGSGGSAQPLHQG
ENSP00000362063.2,CSTF2,24.656,203,289,87,GNPQPVHGAGPGSGSNVSMNQQNPQAPQAQSLGGMHVNGAPPLMQASMQGGVPAPGQMPAAVTGPGPGSLAPGGGMQAQVGMPGSGP
ENSP00000320485.7,ARID1A,142.061,79,601,523,SNGGGGGGGAGSGGGPGAEPDLKNSNGNAGPRPALNNNLTEPPGGGGGGSSDGVGAPPHSAAAALPPPAYGFGQPYGRSPSAVAAAAAAVFHQQHGGQQSPGLAALQSGGGGGLEPYAGPQQNSHDHGFPNHQYNSYYPNRSAYPPPAPAYALSSPRGGTPGSGAAAAAGSKPPPSSSASASSSSSSFAQQRFGAMGGGGPSAAGGGTPQPTATPTLNQLLTSPSSARGYQGYPGGDYSGGPQDGGAGKGPADMASQCWGAAAAAAAAAAASGGAQQRSHHAPMSPGSSGGGGQPLARTPQPSSPMDQMGKMRPQPYGGTNPYSQQQGPPSGPQQGHGYPGQPYGSQTPQRYPMTMQGRAQSAMGGLSYTQQIPPYGQQGPSGYGQQGQTPYYNQQSPHPQQQQPPYSQQPPSQTPHAQPSYQQQPQSQPPQLQSSQPPYSQQPSQPPHQQSPAPYPSQQSTTQQHPQSQPPYSQPQAQSPYQQQQPQQPAPSTLSQQAAYPQPQSQQSQQTAYSQQRFPPPQ
ENSP00000494345.1,SATL1,67.877,1,526,526,MNQSGTNQSSLSDSNQAGINQPSTNSLGMNQMDMNQGSASLYEMNQVDMKQPSMSQAGMRQSGTNLPDINQPDMKQPDTWQLGRSQPGMLQQELSQLVLSKAGISQPDPSQPGPSQSGPSQSRMRQIGTNQSGMSQPVMQQLDSQSGGSQPSMRQVGTSQLGTSQIGMSQPGTWQTGLSQPVLRQPNMSPPGMWQPGVQQPGISQQVPSHPDMSQPGMSQQVPSQPGIRQPDTSQSCKNQTDMSQPDANQSSLSDSNQTGIIQPSPSLLGMNQMDMNQWSASLYEMNQVDMKQPSMSQAGMRQSGTNLPDINQPGMKQPGTWQLGRSQPGMWPQSLSELVLSEASISQPGPPQRAPSQSGPRQSSTSQAGTNQSGISQPVMWQLDMRQSGGSQPSMRQVGTSQSGTSQIGMSQPGTWQTGLSQPVPRQPNKSPPGMWQRGMWQPGMSQQVPSQLGMRQPGTSQSSKNQTGMSHPGRGQPGIWEPGPSQPGLSQQDLNQLVLSQPGLSQPGRSQPSVSQMGMRQTSM
ENSP00000345195.5,UBQLN2,16.109,339,463,125,GSGSGNSSSNATGNTVAAANYVASIFSTPGMQSLLQQITENPQLIQNMLSAPYMRSMMQSLSQNPDLAAQMMLNSPLFTANPQLQEQMRPQLPAFLQQMQNPDTLSAMSNPRAMQALMQIQQGLQ
ENSP00000323074.4,RAI1,26.875,174,321,148,QQPPPPQQPLAYPKLQRQKLQNDIASPLPFPQGTHFPQHSQSFPTSSTYSSSVQGGGQGAHSYKSCTAPTAQPHDRPLTASSSLAPGQRVQNLHAYQSGRLSYDQQQQQQQQQQQQQQALQSRHHAQETLHYQNLAKYQHYGQQGQGY
ENSP00000503828.1,TCF20,78.103,1,350,350,MQSFREQSSYHGNQQSYPQEVHGSSRLEEFSPRQAQMFQNFGGTGGSSGSSGSGSGGGRRGAAAAAAAMASETSGHQGYQGFRKEAGDFYYMAGNKDPVTTGTPQPPQRRPSGPVQSYGPPQGSSFGNQYGSEGHVGQFQAQHSGLGGVSHYQQDYTGPFSPGSAQYQQQASSQQQQQQVQQLRQQLYQSHQPLPQATGQPASSSSHLQPMQRPSTLPSSAAGYQLRVGQFGQHYQSSASSSSSSSFPSPQRFSQSGQSYDGSYNVNAGSQYEGHNVGSNAQAYGTQSNYSYQPQSMKNFEQAKIPQGTQQGQQQQQPQQQQHPSQHVMQYTNAATKLPLQSQVGQYNQP
ENSP00000362029.5,CIZ1,34.252,1,78,78,MFSQQQQQQLQQQQQQLQQLQQQQLQQQQLQQQQLLQLQQLLQQSPPQAPLPMAVSRGLPPQQPQQPLLNLQGTNSAS
ENSP00000362441.4,ATRX,23.309,2415,2492,78,QQQYNQQQQQQMTYQQATLGHLMMPKPPNLIMNPSNYQQIDMRGMYQPVAGGMQPPPLQRAPPPMRSKNPGPSQGKSM
ENSP00000263233.4,SYP,25.009,254,313,60,GYGQGPGGYGPQDSYGPQGGYQPDYGQPAGSGGSGYGPQGDYGQQGYGPQGAPTSFSNQM
ENSP00000365931.4,SP2,14.201,95,164,70,QIQGSQLSASYPGGQLVFAIQNPTMINKGTRSNANIQYQAVPQIQASNSQTIQVQPNLTNQIQIIPGTNQ
ENSP00000354620.1,FOXJ3,24.063,306,445,140,QSLSQQGLMNIPSESSQQSHTSCTYQHSPSSTVSTHPHSNQSSLSNSHGSGLNTTGSNSVAQVSLSHPQMHTQPSPHPPHRPHGLPQHPQRSPHPAPHPQQHSQLQSPHPQHPSPHQHIQHHPNHQHQTLTHQAPPPPQQ
ENSP00000325819.3,NR2F1,19.845,17,82,66,GGNPGGPNPAAQAARGGGGGAGEQQQQAGSGAPHTPQTPGQPGAPATPGTAGDKGQGPPGSGQSQQ
ENSP00000257177.4,TUT4,24.92,1397,1492,96,NAQQVAGSAQQQGDQSIRTRQSSECSESPSYSPQPQPFPQNSSQSAAITQPSSQPGSQPKLGPPQQGAQPPHQVQMPLYNFPQSPPAQYSPMHNMG
ENSP00000489024.1,KLF18,32.566,237,539,303,QMTTSSGNQAFYGRQMTTSTGNQTLCGEQMTTSTGNQALYGGQMTTSASNQTLCGEQMTTSTSNQTLCGEQVMTSTGNQALCGGQMTTSTGNQNLYGGQMMTSTGNQTLYWGQMMTSTGNQNLCGEQVMTSTGNQALCGGQMTTSTGNQNLYGGQMMTSTGNQTLYWGQMMTSTGNQNLCGEQVMTSTGNQALCGGQMTTSTGNQNLCGEQVMTSTSNQTLCGEQTTTSTSNQTLCGEQVTTSTGNQALYGGQMMTSTGNQTLYWGQMMTSTGNQNLCGEQMTTSTGNQALYGGQMTTSTSNQ
ENSP00000499294.1,NFKB2,13.256,347,407,61,SQPFGGGSHMGGGSGGAAGGYGGAGGGGSLGFFPSSLAYSPYQSGAGPMGCYPGGGGGAQM
ENSP00000428480.2,DLX6,39.224,25,139,115,GQQQQQQQQQQQQQQQQQQQPPPPPPPPPQPHSQQSSPAMAGAHYPLHCLHSAAAAAAAGSHHHHHHQHHHHGSPYASGGGNSYNHRSLAAYPYMSHSQHSPYLQSYHNSSAAAQ
ENSP00000342626.3,EYA1,36.428,62,259,198,NNFSGSAIGSSSFSPRPTHQFSPPQIYPSNRPYPHILPTPSSQTMAAYGQTQFTTGMQQATAYATYPQPGQPYGISSYGALWAGIKTEGGLSQSQSPGQTGFLSYGTSFSTPQPGQAPYSYQMQGSSFTTSSGIYTGNNSLTNSSGFNSSQQDYPSYPSFGQGQYAQYYNSSPYPAHYMTSSNTSPTTPSTNATYQLQ
ENSP00000401277.2,CBLL1,12.461,322,491,170,YQGQPVVSHPHHIMPPQQHYAPPPPPPPPISHPMPHPPQAAGTPHLVYSQAPPPPMTSAPPPITPPPGHIIAQMPPYMNHPPPGPPPPQHGGPPVTAPPPHHYNPNSLPQFTEDQGTLSPPFTQPGGMSPGIWPAPRGPPPPPRLQGPPSQTPLPGPHHPDQTRYRPYYQ
ENSP00000342710.3,KRT77,19.392,490,560,71,QNSQVSVNGGAGGGGSYGSGGYGGGSGGGYGGGRSYRGGGARGRSGGGYGSGCGGGGGSYGGSGRSGRGSS
ENSP00000290231.6,NCOA5,23.19,447,579,133,NSSSASPSVAAGNTPNQNFSTAANSQPQQRSQASGNQPPSILGQGGSAQNMGPRPGAPSQGLFGQPSSRLAPASNMTSQRPVSSTGINFDNPSVQKALDTLIQSGPALSHLVSQTTAQMGQPQAPMGSYQRHY
ENSP00000322977.4,SSBP2,26.416,165,361,197,QQGHPNMGGPMQRMTPPRGMVPLGPQNYGGAMRPPLNALGGPGMPGMNMGPGGGRPWPNPTNANSIPYSSASPGNYVGPPGGGGPPGTPIMPSPADSTNSGDNMYTLMNAVPPGPNRPNFPMGPGSDGPMGGLGGMESHHMNGSLGSGDMDSISKNSPNNMSLSNQPGTPRDDGEMGGNFLNPFQSESYSPSMTMSV
ENSP00000246662.4,KRT9,38.399,476,623,148,GGRGGSGGSYGRGSRGGSGGSYGGGGSGGGYGGGSGSRGGSGGSYGGGSGSGGGSGGGYGGGSGGGHSGGSGGGHSGGSGGNYGGGSGSGGGSGGGYGGGSGSRGGSGGSHGGGSGFGGESGGSYGGGEEASGSGGGYGGGSGKSSHS
ENSP00000357907.3,CDK19,39.836,371,502,132,NQQQQQNQHQQPTAPPQQAAAPPQAPPPQQNSTQTNGTAGGAGAGVGGTGAGLQHSQDSSLNQVPPNKKPRLGPSGANSGGPVMPSDYQHSSSRLNYQSSVQGSSQSQSTLGYSSSSQQSSQYHPSHQAHRY
ENSP00000392028.1,CHD7,83.611,32,458,427,NPVNPMGQQMPIDQGFASLQPSLHHPSTNQNQTKLTHFDHYNQYEQQKMHLMDQPNRMMSNTPGNGLASPHSQYHTPPVPQVPHGGSGGGQMGVYPGMQNERHGQSFVDSSSMWGPRAVQVPDQIRAPYQQQQPQPQPPQPAPSGPPAQGHPQHMQQMGSYMARGDFSMQQHGQPQQRMSQFSQGQEGLNQGNPFIATSGPGHLSHVPQQSPSMAPSLRHSVQQFHHHPSTALHGESVAHSPRFSPNPPQQGAVRPQTLNFSSRSQTVPSPTINNSGQYSRYPYSNLNQGLVNNTGMNQNLGLTNNTPMNQSVPRYPNAVGFPSNSGQGLMHQQPIHPSGSLNQMNTQTMHPSQPQGTYASPPPMSPMKAMSNPAGTPPPQVRPGSAGIPMEVGSYPNMPHPQPSHQPPGAMGIGQRNMGPRNMQQS
ENSP00000378248.2,CXXC4,13.71,106,177,72,GSGGGGGGGGGGGGGGGGGGGGGGGGGGGRKSSSAAASSSASSSSAILPAGGGGGGGGGGSRTSMHHRNDSQ
ENSP00000490618.1,TAB2,23.103,206,316,111,NSPQGNSIYIRPYITTPGGTTRQTQQHSGWVSQFNPMNPQQVYQPSQPGPWTTCPASNPLSHTSSQQPNQQGHQTSHVYMPISSPTTSQPPTIHSSGSSQSSAHSQYNIQN
ENSP00000265175.4,SEC24B,21.57,1,253,253,MSAPAGSSHPAASARIPPKFGGAAVSGAAAPAGPGAGPAPHQQNGPAQNQMQVPSGYGLHHQNYIAPSGHYSQGPGKMTSLPLDTQCGDYYSALYTVPTQNVTPNTVNQQPGAQQLYSRGPPAPHIVGSTLGSFQGAASSASHLHTSASQPYSSFVNHYNSPAMYSASSSVASQGFPSTCGHYAMSTVSNAAYPSVSYPSLPAGDTYGQMFTSQNAPTVRPVKDNSFSGQNTAISHPSPLPPLPSQQHHQQQS
ENSP00000378721.2,SEC31A,31.725,819,967,149,GHHQMPRVQTQQYYPHGENPPPPGFIMHGNVNPNAAGQLPTSPGHMHTQVPPYPQPQPYQPAQPYPFGTGGSAMYRPQQPVAPPTSNAYPNTPYISSASSYTGQSQLYAAQHQASSPTSSPATSFPPPPSSGASFQHGGPGAPPSSSAY
ENSP00000253048.4,ZC3H4,17.028,603,702,100,PGPGGPPGPMGPGPNMGPPGPMGGPMHPDMHPDMHPDMHPDMHADMHADMPMGPGMNPGPPMGPGGPPMMPYGPGDSPHSGMMPPIPPAQNFYENFYQQQ
ENSP00000320794.4,USF3,36.491,1429,1615,187,QQQTQASQHLQALQQHVPAQGVSHLHSNHLYIKQQQQQQQQQQQQQQQQQAGQLRERHHLYQMQHHVPHAESSVHSQPHNVHQQRTLQQEVQMQKKRNLVQGTQTSQLSLQPKHHGTDQSRSKTGQPHPHHQQMQQQMQQHFGSSQTEKSCENPSTSRNHHNHPQNHLNQDIMHQQQDVGSRQQGSG
ENSP00000503941.1,SUPT20HL2,18.268,662,773,112,GPQQQSHQLVSLQQLQQPTAAHPPQPGPQGSTLGLSTQGQAFPAQQLLNVNLTGAGSGLQPQPQAAVLSLLGSAQVPQQGVQLPFVLGQQPQPLLLLQPQPQPQQIQLQTQP
ENSP00000502907.1,SUPT20HL1,26.343,698,843,146,GPQQQSHQLVSLQQLQQPTAAHPPQPGPQGSALGLSTQGQAFPAQQLLKVNPTRARSGLQPQPQPAVLSLLGSAQVPQQGVQLPSVLRQQQPQPQPPKLQLQPQWQPKPRQEQPQSQQQQPQHIQLQTQQLRVLQQPQHIQLQTQQ
ENSP00000358374.3,SCAF11,22.125,1193,1344,152,QTNQQVDGSQLPINMMQPQMNVMQQQMNAQHQPMNIFPYPVGVHAPLMNIQRNPFNIHPQLPLHLHTGVPLMQVATPTSVSQGLPPPPPPPPPSQQVNYIASQPDGKQLQGIPSSSHVSNNMSTPVLPAPTAAPGNTGMVQGPSSGNTSSSS
ENSP00000490491.2,ARID1B,90.685,314,716,403,NNYYGSAAPASGGPGGRAGPCFDQHGGQQSPGMGMMHSASAAAAGAPGSMDPLQNSHEGYPNSQCNHYPGYSRPGAGGGGGGGGGGGGGSGGGGGGGGAGAGGAGAGAVAAAAAAAAAAAGGGGGGGYGGSSAGYGVLSSPRQQGGGMMMGPGGGGAASLSKAAAGSAAGGFQRFAGQNQHPSGATPTLNQLLTSPSPMMRSYGGSYPEYSSPSAPPPPPSQPQSQAAAAGAAAGGQQAAAGMGLGKDMGAQYAAASPAWAAAQQRSHPAMSPGTPGPTMGRSQGSPMDPMVMKRPQLYGMGSNPHSQPQQSSPYPGGSYGPPGPQRYPIGIQGRTPGAMAGMQYPQQQMPPQYGQQGVSGYCQQGQQPYYSQQPQPPHLPPQAQYLPSQSQQRYQPQQDMSQ
ENSP00000298282.8,PKNOX2,14.264,181,274,94,GGPYSPNQPSINLHSQDLLQNSPNSMSGVSNNPQGIVVPASALQQGNIAMTTVNSQVVSGGALYQPVTMVTSQGQVVTQAIPQGAIQIQNTQVN
ENSP00000280551.6,SEC24D,37.918,1,256,256,MSQQGYVATPPYSQPQPGIGLSPPHYGHYGDPSHTASPTGMMKPAGPLGATATRGMLPPGPPPPGPHQFGQNGAHATGHPPQRFPGPPPVNNVASSHAPYQPSAQSSYPGPISTSSVTQLGSQLSAMQINSYGSGMAPPSQGPPGPLSATSLQTPPRPPQPSILQPGSQVLPPPPTTLNGPGASPLPLPMYRPDGLSGPPPPNAQYQPPPLPGQTLGAGYPPQQANSGPQMAGAQLSYPGGFPGGPAQMAGPPQPQ
ENSP00000441954.2,SMAD5,14.843,167,250,84,MPQNATFPDSFHQPNNTPFPLSPNSPYPPSPASSTYPNSPASSGPGSPFQLPADTPPPAYMPPDDQMGQDNSQPMDTSNNMIPQ
ENSP00000427695.1,TOB1,24.506,235,345,111,GSQQQPQQQQQPAQPPPPPPPPQQQQQQKTSALSPNAKEFIFPNMQGQGSSTNGMFPGDSPLNLSPLQYSNAFDVFAAYGGLNEKSFVDGLNFSLNNMQYSNQQFQPVMAN
ENSP00000354842.1,TOX,12.744,148,210,63,QYSSHPQMAAMRPRGQPADIRQQPGMMPHGQLTTINQSQLSAQLGLNMGGSNVPHNSPSPPGS
ENSP00000498060.1,RAMACL,15.593,44,118,75,NSRAGGNQRNRGNRLQDNRQFRGRDNRWGWPSDNRSNQWHGRSWGNNYPQHRQEPYYPQQYGHYGYNQRPPYGYY
ENSP00000307479.4,ARNT2,17.742,551,680,130,QSSSSTGQNMSQISRQLNQSQVAWTGSRPPFPGQQIPSQSSKTQSSPFGIGTSHTYPADPSSYSPLSSPATSSPSGNAYSSLANRTPGFAESGQSSGQFQGRPSEVWSQWQSQHHGQQSGEQHSHQQPGQ
ENSP00000361202.3,IRS4,35.179,482,597,116,GSGGDYMPMNNWGSGNGRGSGGGQGSNGQGSSSHSSGGNQCSGEGQGSRGGQGSNGQGSGGNQCSRDGQGTAGGHGSGGGQRPGGGHGSGGGQGPGDGHGSGGGKNSGGGKGSGSG
ENSP00000384048.1,PAXIP1,109.462,402,590,189,QQQQQAQQQQQQHPVLHLQPQQIMQLQQQQQQQISQQPYPQQPPHPFSQQQQQQQQAHPHQFSQQQLQFPQQQLHPPQQLHRPQQQLQPFQQQHALQQQFHQLQQHQLQQQQLAQLQQQHSLLQQQQQQQIQQQQLQRMHQQQQQQQMQSQTAPHLSQTSQALQHQVPPQQPPQQQQQQQPPPSPQQHQ
ENSP00000307181.3,RAMAC,15.593,44,118,75,NSRAGGNQRNRGNRLQDNRQFRGRDNRWGWPSDNRSNQWHGRSWGNNYPQHRQEPYYPQQYGHYGYNQRPPYGYY
ENSP00000340507.4,TRIM24,20.086,430,545,116,SQPQMPKQNPVVEQNSQPPSGLSSNQLSKFPTQISLAQLRLQHMQQQVMAQRQQVQRRPAPVGLPNPRMQGPIQQPSISHQQPPPRLINFQNHSPKPNGPVLPPHPQQLRYPPNQN
ENSP00000420294.1,PHC3,17.64,340,463,124,QQQQQQIQPITLQNSTQDPPPSQHCIPLQNHGLPPAPSNAQSQHCSPIQSHPSPLTVSPNQSQSAQQSVVVSPPPPHSPSQSPTIIIHPQALIQPHPLVSSALQPGPNLQQSTANQVQATAQLN
ENSP00000399968.2,NCOA2,65.853,1134,1410,277,PQQYASQAQMAQGSYSPMQDPNFHTMGQRPSYATLRMQPRPGLRPTGLVQNQPNQLRLQLQHRLQAQQNRQPLMNQISNVSNVNLTLRPGVPTQAPINAQMLAQRQREILNQHLRQRQMHQQQQVQQRTLMMRGQGLNMTPSMVAPSGMPATMSNPRIPQANAQQFPFPPNYGISQQPDPGFTGATTPQSPLMSPRMAHTQSPMMQQSQANPAYQAPSDINGWAQGNMGGNSMFSQQSPPHFGQQANTSMYSNNMNINVSMATNTGGMSSMNQMTGQ
ENSP00000355140.5,HOXB1,16.371,48,146,99,YGGGLSSPAFQQNSGYPAQQPPSTLGVPFPSSAPSGYAPAACSPSYGPSQYYPLGQSEGDGGYFHPSSYGAQLGGLSDGYGAGGAGPGPYPPQHPPYGN
ENSP00000318177.9,FUBP3,18.286,426,517,92,GGTNLGAPGAFGQSPFSQPPAPPHQNTFPPRSSGCFPNMAAKVNGNPHSTPVSGPPAFLTQGWGSTYQAWQQPTQQVPSQQSQPQSSQPNYS
ENSP00000311778.4,ZMIZ2,26.431,180,391,212,SQYGAMGAGQSFNSQFLQHGGPRGPSVPAGMNPTGIGGVMGPSGLSPLAMNPTRAAGMTPLYAGQRLPQHGYPGPPQAQPLPRQGVKRTYSEVYPGQQYLQGGQYAPSTAQFAPSPGQPPAPSPSYPGHRLPLQQGMTQSLSVPGPTGLHYKPTEQFNGQGASFNGGSVSYSQPGLSGPTRSIPGYPSSPLPGNPTPPMTPSSSVPYMSPNQ
ENSP00000274496.5,YIPF5,21.316,21,85,65,QSQQSYDYGGSGGPYSKQYAGYDYSQQGRFVPPDMMQPQQPYTGQIYQPTQAYTPASPQPFYGNN
ENSP00000405984.3,GLG1,32.435,31,109,79,PGQGVHSQGQGPGANFVSFVGQAGGGGPAGQQLPQLPQSSQLQQQQQQQQQQQQPQPPQPPFPAGGPPARRGGAGAGGG
ENSP00000304553.5,MPLKIP,22.448,1,116,116,MQRQNFRPPTPPYPGPGGGGWGSGSSFRGTPGGGGPRPPSPRDGYGSPHHTPPYGPRSRPYGSSHSPRHGGSFPGGRFGSPSPGGYPGSYSRSPAGSQQQFGYSPGQQQTHPQGSP
ENSP00000265436.7,FOXP2,79.027,101,231,131,PQQMQQILQQQVLSPQQLQALLQQQQAVMLQQQQLQEFYKKQQEQLHLQLLQQQQQQQQQQQQQQQQQQQQQQQQQQQQQQQQQQQQQQQQHPGKQAKEQQQQQQQQQQLAAQQLVFQQQLLQMQQLQQQQ
ENSP00000377721.3,NR2F2,18.678,16,75,60,PGSQGSQASQAPPVPGPPPGAPHTPQTPGQGGPASTPAQTAAGGQGGPGGPGSDKQQQQQ
ENSP00000243563.2,SNRPA,12.544,138,200,63,QGPVPGMPPMTQAPRIMHHMPGQPPYMPPPGMIPPPGLAPGQIPPGAMPPQQLMPGQMPPAQP
ENSP00000254108.8,FUS,113.683,1,257,257,MASNDYTQQATQSYGAYPTQPGQGYSQQSSQPYGQQSYSGYSQSTDTSGYGQSSYSSYGQSQNTGYGTQSTPQGYGSTGGYGSSQSSQSSYGQQSSYPGYGQQPAPSSTSGSYGSSSQSSSYGQPQSGSYSQQPSYGGQQQSYGQQQSYNPPQGYGQQNQYNSSSGGGGGGGGGGNYGQDQSSMSSGGGSGGGYGNQDQSGGGGSGGYGQQDRGGRGRGGSGGGGGGGGGGYNRSSGGYEPRGRGGGRGGRGGMGGS
ENSP00000292599.3,MAML1,39.753,579,927,349,QNPSSVPVQAQATSVGTQPPAVSVASSHNSSPYLSSQQQAAVMKQHQLLLDQQKQREQQQKHLQQQQFLQRQQHLLAEQEKQQFQRHLTRPPPQYQDPTQGSFPQQVGQFTGSSAAVPGMNTLGPSNSSCPRVFPQAGNLMPMGPGHASVSSLPTNSGQQDRGVAQFPGSQNMPQSSLYGMASGITQIVAQPPPQATNGHAHIPRQTNVGQNTSVSAAYGQNSLGSSGLSQQHNKGTLNPGLTKPPVPRVSPAMGGQNSSWQHQGMPNLSGQTPGNSNVSPFTAASSFHMQQQAHLKMSSPQFSQAVPNRPMAPMSSAAAVGSLLPPVSAQQRTSAPAPAPPPTAPQQG
ENSP00000385981.3,FGA,12.928,288,356,69,NPSSAGSWNSGSSGPGSTGNRNPGSSGTGGTATWKPGSSGPGSTGSWNSGSSGTGSTGNQNPGSPRPGS
ENSP00000421180.1,MAML3,84.147,404,657,254,PNPASSPANCAVQSPQTPNQAHTPGQAPPRPGNGYLLNPAAVTVAGSASGPVAVPSSDMSPAEQLKQMAAQQQQRAKLMQQKQQQQQQQQQQQQQQQQQQQQQQQQQHSNQTSNWSPLGPPSSPYGAAFTAEKPNSPMMYPQAFNNQNPIVPPMANNLQKTTMNNYLPQNHMNMINQQPNNLGTNSLNKQHNILTYGNTKPLTHFNADLSQRMTPPVANPNKNPLMPYIQQQQQQQQQQQQQQQQQQPPPPQLQ
ENSP00000437550.1,LATS1,23.879,299,482,184,GYPPPPLNTSPMNPPNQGQRGISSVPVGRQPIIMQSSSKFNFPSGRPGMQNGTGQTDFMIHQNVVPAGTVNRQPPPPYPLTAANGQSPSALQTGGSAAPSSYTNGSIPQSMMVPNRNSHNMELYNISVPGLQTNWPQSSSAPAQSSPSSGHEIPTWQPNIPVRSNSFNNPLGNRASHSANSQPS
ENSP00000375942.2,TBP,60.152,1,120,120,MDQNNSLPPYAQGLASPQGAMTPGIPIFSPMMPYGTGLTPQPIQNTNSLSILEEQQRQQQQQQQQQQQQQQQQQQQQQQQQQQQQQQQQQQQQQQAVAAAAVQQSTSQQATQGTSGQAPQ
ENSP00000356623.2,CITED2,31.139,1,204,204,MADHMMAMNHGRFPDGTNGLHHHPAHRMGMGQFPSPHHHQQQQPQHAFNALMGEHIHYGAGNMNATSGIRHAMGPGTVNGGHPPSALAPAARFNNSQFMGPPVASQGGSLPASMQLQKLNNQYFNHHPYPHNHYMPDLHPAAGHQMNGTNQHFRDCNPKHSGGSSTPGGSGGSSTPGGSGSSSGGGAGSSNSGGGSGSGNMPAS
ENSP00000354061.2,SCYL2,23.763,771,922,152,NGLNANMGFQTSGFNMPVNTNQNFYSSPSTVGVTKMTLGTPPTLPNFNALSVPPAGAKQTQQRPTDMSALNNLFGPQKPKVSMNQLSQQKPNQWLNQFVPPQGSPTMGSSVMGTQMNVIGQSAFGMQGNPFFNPQNFAQPPTTMTNSSSASN
ENSP00000404029.4,SUPT5H,34.017,846,971,126,PSPQAYGGTPNPQTPGYPDPSSPQVNPQYNPQTPGTPAMYNTDQFSPYAAPSPQGSYQPSPSPQSYHQVAPSPAGYQNTHSPASYHPTPSPMAYQASPSPSPVGYSPMTPGAPSPGGYNPHTPGSG
ENSP00000323588.1,SOX2,22.754,134,242,109,PGGNSMASGVGVGAGLGAGVNQRMDSYAHMNGWSNGSYSMMQDQLGYPQHPGLNAHGAAQMQPMHRYDVSALQYNSMTSSQTYMNGSPTYSMSYSQQGTPGMALGSMGS
ENSP00000262077.3,NUP153,25.528,1276,1451,176,GPGASSNNTTTSGFGFGATTTSSSAGSSFVFGTGPSAPSASPAFGANQTPTFGQSQGASQPNPPGFGSISSSTALFPTGSQPAPPTFGTVSSSSQPPVFGQQPSQSAFGSGTTPNSSSAFQFGSSTTNFNFTNNSPSGVFTFGANSSTPAASAQPSGSGGFPFNQSPAAFTVGSNG
ENSP00000352400.5,NUP214,20.011,1647,1926,280,QPPAASSSSAFNQLTNNTATAPSATPVFGQVAASTAPSLFGQQTGSTASTAAATPQVSSSGFSSPAFGTTAPGVFGQTTFGQASVFGQSASSAASVFSFSQPGFSSVPAFGQPASSTPTSTSGSVFGAASSTSSSSSFSFGQSSPNTGGGLFGQSNAPAFGQSPGFGQGGSVFGGTSAATTTAATSGFSFCQASGFGSSNTGSVFGQAASTGGIVFGQQSSSSSGSVFGSGNTGRGGGFFSGLGGKPSQDAANKNPFSSASGGFGSTATSNTSNLFGNSG
ENSP00000490292.1,MARCOL,28.935,104,285,182,NSGKSNQKGNPESSNKQENSGSSSQLGRPGISTQQGNPGSSDQQEKPGSFSQKVMVGSSSQQGKPGSSSQHGNLGSSTQKGNLGSSSLQGHLGLSSHQGKPESSGQQGKPGSSSQQGNLGTSGQQEKPGSSSQQGKPGLSSHQGKPGSSSQQGNLHLSSQQGNQGPSSKQRKPGSSSRQGNL
ENSP00000417235.1,MED12L,63.775,1784,2145,362,YPQSNIYRVPPNYSPISSQMMHHPQSTLWGYNLVGQPQQPGFFLQNQSLTPGGSRLDPAGSFVPTNTKQALSNMLQRRSGAMMQPPSLHAITSQQQLIQMKLLQQQQQQRLLRQAQTRPFQQGQPGDQAALFAAQARPSPQLPQYPGLQQAQTMPQGYTMYGTQMPLQQTSQQQAGSVVLSPSYNSRAYPAAHSNPVLMERLRQIQQQPSGYVQQQASPYLQPLTGSQRLNHQALQQSPLVGGGIDAVLTSAHPNLPSVPLPQDPMRPRQPQVRQQQRLLQMQQPQQPQPQQPPQPQQSSQSQSQTLGLQAMQPQQPLFPRQGLQQTQQQQQTAALVRQLQKQLSSNQPQQGVTPYGHPSHF
ENSP00000374212.2,EP400,24.991,2496,2558,63,QQKAQQPAVAQPPPPQPQPPPPPQQPPPPLPQPQAAGSQPPAGPPAVQPQPQPQPQTQPQPVQ
ENSP00000316042.4,HNRNPA0,33.958,180,305,126,YSGGGGGGSRSSRGGRGGRGRGGGRDQNGLSKGGGGGYNSYGGYGGGGGGGYNAYGGGGGGSSYGGSDYGNGFGGFGSYSQHQSSYGPMKSGGGGGGGGSSWGGRSNSGPYRGGYGGGGGYGGSSF
ENSP00000300659.5,NFATC3,13.608,904,985,82,GQPSSQLQPITYGPSHSGSATTASPAASHPLASSPLSGPPSPQLQPMPYQSPSSGTASSPSPATRMHSGQHSTQAQSTGQGG
ENSP00000483595.2,KDM6A,12.38,686,763,78,NQLSNSTQGLHKGQSSHSAGPNGERPLSSTGPSQHLQAAGSGIQNQNGHPTLPSNSVTQGAALNHLSSHTATSGGQQG
ENSP00000380413.2,AGAP3,20.442,1,60,60,MNFQAGGGQSPQQQQSLAAPGGGGAAAQQLVCGGQFGGAGPGAGGGGGPSQQLAGGPPQQ
ENSP00000352177.3,ADAM29,21.679,729,820,92,PPQSQPWVMPSQSQPPVTPSQSHPQVMPSQSQPPVTPSQSQPRVMPSQSQPPVMPSQSHPQLTPSQSQPPVTPSQRQPQLMPSQSQPPVTPS
ENSP00000262464.4,FBN2,12.422,422,483,62,PMGGIPGSAGSRPGGTGGNGFAPSGNGNGYGPGGTGFIPIPGGNGFSPGVGGAGVGAGGQGP
ENSP00000310729.3,HERPUD2,17.243,147,230,84,PQAQTDQAQSHQFPYVMQGNVDNQFPGQAAPPGFPVYPAFSPLQMLWWQQMYAHQYYMQYQAAVSAQATSNVNPTQPTTSQPLN
ENSP00000327758.4,NKX2-5,12.221,246,314,69,NPYGYNAYPAYPGYGGAACSPGYSCTAAYPAGPSPAQPATAAANNNFVNFGVGDLNAVQSPGIPQSNSG
ENSP00000430514.3,POU6F2,64.253,196,411,216,QNLQATSSLNSQLQQLQLQLQQQQQQQQQQPPPSTNQHPQPAPQAPSQSQQQPLQPTPPQQPPPASQQPPAPTSQLQQAPQPQQHQPHSHSQNQNQPSPTQQSSSPPQKPSQSPGHGLPSPLTPPNPLQLVNNPLASQAAAAAAAMSSIASSQAFGNALSSLQGVTGQLVTNAQGQIIGTIPLMPNPGPSSQAASGTQGLQVQPITPQLLTNAQGQ
ENSP00000351250.2,TRIM33,24.721,517,629,113,QHMQQQVYAQKHQQLQQMRMQQPPAPVPTTTTTTQQHPRQAAPQMLQQQPPRLISVQTMQRGNMNCGAFQAHQMRLAQNAARIPGIPRHSGPQYSMMQPHLQRQHSNPGHAGP
ENSP00000473496.2,YTHDF3,32.754,302,372,71,QQPQPLIQPPPLVQSQLPQQQPQPPQPQQQQGPQPQAQPHQVQPQQQQLQNRWVAPRNRGAGFNQNNGAGS
ENSP00000361027.3,AMOT,30.639,352,422,71,PQQHFLPNQAHQGDHYRLSQPGLSQQQQQQQQQHHHHHHHQQQQQQQPQQQPGEAYSAMPRAQPSSASYQP
ENSP00000352272.4,MYOZ1,15.168,95,158,64,GGQLGTAGQGFSYSKSNGRGGSQAGGSGSAGQYGSDQQHHLGSGSGAGGTGGPAGQAGRGGAAG
ENSP00000321845.6,SEC24C,59.062,1,315,315,MNVNQSVPPVPPFGQPQPIYPGYHQSSYGGQSGSTAPAIPYGAYNGPVPGYQQTPPQGMSRAPPSSGAPPASTAQAPCGQAAYGQFGQGDVQNGPSSTVQMQRLPGSQPFGSPLAPVGNQPPVLQPYGPPPTSAQVATQLSGMQISGAVAPAPPSSGLGFGPPTSLASASGSFPNSGLYGSYPQGQAPPLSQAQGHPGIQTPQRSAPSQASSFTPPASGGPRLPSMTGPLLPGQSFGGPSVSQPNHVSSPPQALPPGTQMTGPLGPLPPMHSPQQPGYQPQQNGSFGPARGPQSNYGGPYPAAPTFGSQPGPPQP
ENSP00000365465.2,CDSN,29.072,62,215,154,SSGFSSYSGSSSSGSSISSARSSGGGSSGSSSGSSIAQGGSAGSFKPGTGYSQVSYSSGSGSSLQGASGSSQLGSSSSHSGNSGSHSGSSSSHSSSSSSFQFSSSSFQVGNGSALPTNDNSYRGILNPSQPGQSSSSSQTFGVSSSGQSVSSNQ
ENSP00000494087.1,XG,13.167,50,154,105,PPYYPQPENPDSGGNIYPRPKPRPQPQPGNSGNSGGYFNDVDRDDGRYPPRPRPRPPAGGGGGGYSSYGNSDNTHGRGGYRLNSRYGNTYGGDHHSTYGNPEGNM
ENSP00000322898.6,EBF1,15.16,417,515,99,NHNQLPALANTSVHAGMMGVNSFSGQLAVNVSEASQATNQGFTRNSSSVSPHGYVPSTTPQQTNYNSVTTSMNGYGSAAMSNLGGSPTFLNGSAANSPY
ENSP00000373370.4,FLG2,219.808,281,1225,945,GYSNSSGCGRPQNASSSCQSHRFGGQGNQFSYIQSGCQSGIKGGQGHGCVSGGQPSGCGQPESNPCSQSYSQRGYGARENGQPQNCGGQWRTGSSQSSCCGQYGSGGSQSCSNGQHEYGSCGRFSNSSSSNEFSKCDQYGSGSSQSTSFEQHGTGLSQSSGFEQHVCGSGQTCGQHESTSSQSLGYDQHGSSSGKTSGFGQHGSGSGQSSGFGQCGSGSGQSSGFGQHGSVSGQSSGFGQHGSVSGQSSGFGQHESRSRQSSYGQHGSGSSQSSGYGQYGSRETSGFGQHGLGSGQSTGFGQYGSGSGQSSGFGQHGSGSGQSSGFGQHESRSGQSSYGQHSSGSSQSSGYGQHGSRQTSGFGQHGSGSSQSTGFGQYGSGSGQSSGFGQHVSGSGQSSGFGQHESRSGHSSYGQHGFGSSQSSGYGQHGSSSGQTSGFGQHELSSGQSSSFGQHGSGSGQSSGFGQHGSGSGQSSGFGQHESRSGQSSYGQHSSGSSQSSGYGQHGSRQTSGFGQHGSGSSQSTGFGQYGSGSGQSAGFGQHGSGSGQSSGFGQHESRSHQSSYGQHGSGSSQSSGYGQHGSSSGQTSGFGQHRSSSGQYSGFGQHGSGSGQSSGFGQHGTGSGQYSGFGQHESRSHQSSYGQHGSGSSQSSGYGQHGSSSGQTFGFGQHRSGSGQSSGFGQHGSGSGQSSGFGQHESGSGKSSGFGQHESRSSQSNYGQHGSGSSQSSGYGQHGSSSGQTTGFGQHRSSSGQYSGFGQHGSGSDQSSGFGQHGTGSGQSSGFGQYESRSRQSSYGQHGSGSSQSSGYGQHGSNSGQTSGFGQHRPGSGQSSGFGQYGSGSGQSSGFGQHGSGTGKSSGFAQHEYRSGQSSYGQHGTGSSQSSGCGQHESGSGPTTSFGQHVSGSDNFSSSGQHISDSGQSTGFGQYGSGSGQSTGLGQGESQQ
ENSP00000368212.3,TAB3,41.18,135,345,211,PNYNPFFMNEQNRSAATPPSQPPQQPSSMQTGMNPSAMQGPSPPPPPPSYMHIPRYSTNPITVTVSQNLPSGQTVPRALQILPQIPSNLYGSPGSIYIRQTSQSSSGRQTPQSTPWQSSPQGPVPHYSQRPLPVYPHQQNYQPSQYSPKQQQIPQSAYHSPPPSQCPSPFSSPQHQVQPSQLGHIFMPPSPSTTPPHPYQQGPPSYQKQGS
ENSP00000374205.3,TBR1,19.509,108,198,91,SQSSQPQSAATAPSAMFPYPGQHGPAHPAFSIGSPSRYMAHHPVITNGAYNSLLSNSSPQGYPTAGYPYPQQYGHSYQGAPFYQFSSTQPG
ENSP00000437659.1,PHC1,37.143,343,469,127,GSGQQNVGMNLTRTATPAPSQTLISSATYTQIQPHSLIQQQQQIHLQQKQVVIQQQIAIHHQQQFQHRQSQLLHTATHLQLAQQQQQQQQQQQQQQQPQATTLTAPQPPQVPPTQQVPPSQSQQQAQ
ENSP00000233078.4,DAZAP1,26.483,195,407,213,SQAPGQPGASQWGSRVVPNAANGWAGQPPPTWQQGYGPQGMWVPAGQAIGGYGPPPAGRGAPPPPPPFTSYIVSTPPGGFPPPQGFPQGYGAPPQFSFGYGPPPPPPDQFAPPGVPPPPATPGAAPLAFPPPPSQAAPDMSKPPTAQPDFPYGQYAGYGQDLSGFGQGFSDPSQQPPSYGGPSVPGSGGPPAGGSGFGRGQNHNVQGFHPYRR
ENSP00000265085.5,CPEB4,14.1,192,314,123,QGGVPAASANNGALLFQNFPHHVSPGFGGSFSPQIGPLSQHHPHHPHFQHHHSQHQQQRRSPASPHPPPFTHRNAAFNQLPHLANNLNKPPSPWSSYQSPSPTPSSSWSPGGGGYGGWGGSQG
ENSP00000271915.3,KCNN3,42.218,30,95,66,QQQQQQQQQQQQPPPPAPPAAPQQPLGPSLQPQPPQLQQQQQQQQQQQQQQPPHPLSQLAQLQSQP
ENSP00000376071.2,FAM117B,14.266,1,100,100,MSQRVRRNGSPTPAGSLGGGAVATAGGPGSRLQPMRATVPFQLKQQQQQQHGSPTRSGGGGGGNNNGGCCGGASGPAGGGGGGGPRTASRSTSPTRGGGN
ENSP00000379383.4,ENAM,20.218,252,356,105,NSTQPNPKGSQGGNDTSPTGNSTPGLNTGNNPPAQNGIGPLPAVNASGQGGPGSQIPWRPSQPNIRENHPYPNIRNFPSGRQWYFTGTVMGHRQNRPFYRNQQVQ
ENSP00000351108.3,HNRNPAB,42.104,235,332,98,YQQQQYGSGGRGNRNRGNRGSGGGGGGGGQSQSWNQGYGNYWNQGYGYQQGYGPGYGGYDYSPYGYYGYGPGYDYSQGSTNYGKSQRRGGHQNNYKPY
ENSP00000378507.4,GRINA,49.503,13,134,122,NYPPPNPGYPGGPQPPMPPYAQPPYPGAPYPQPPFQPSPYGQPGYPHGPSPYPQGGYPQGPYPQGGYPQGPYPQEGYPQGPYPQGGYPQGPYPQSPFPPNPYGQPQVFPGQDPDSPQHGNYQ
ENSP00000375863.2,HNRNPUL1,93.762,611,856,246,NRGGGGFRGRGGGGGFQRYENRGPPGGNRGGFQNRGGGSGGGGNYRGGFNRSGGGGYSQNRWGNNNRDNNNSNNRGSYNRAPQQQPPPQQPPPPQPPPQQPPPPPSYSPARNPPGASTYNKNSNIPGSSANTSTPTVSSYSPPQPSYSQPPYNQGGYSQGYTAPPPPPPPPPAYNYGSYGGYNPAPYTPPPPPTAQTYPQPSYNQYQQYAQQWNQYYQNQGQWPPYYGNYDYGSYSGNTQGGTSTQ
ENSP00000357731.3,LORICRIN,37.656,20,258,239,SGGGGGGGGSGGGGCGFFGGGGSGGGSSGSGCGYSGGGGYSGGGCGGGSSGGGGGGGIGGCGGGSGGSVKYSGGGGSSGGGSGCFSSGGGGSGCFSSGGGGSSGGGSGCFSSGGGGSSGGGSGCFSSGGGGFSGQAVQCQSYGGVSSGGSSGGGSGCFSSGGGGGSVCGYSGGGSGCGGGSSGGSGSGYVSSQQVTQTSCAPQPSYGGGSSGGGGSGGSGCFSSGGGGGSSGCGGGSSG
ENSP00000270061.5,SSBP4,24.178,123,304,182,QGPPGSQPSPHNPNAPMMGPHGQPFMSPRFPGGPRPTLRMPSQPPAGLPGSQPLLPGAMEPSPRAQGHPSMGGPMQRVTPPRGMASVGPQSYGGGMRPPPNSLAGPGLPAMNMGPGVRGPWASPSGNSIPYSSSSPGSYTGPPGGGGPPGTPIMPSPGDSTNSSENMYTIMNPIGQGAGRAN
ENSP00000389445.1,UBAP2L,12.604,881,1087,207,QPQQNQTQTHHTTQQTFLNPALPPGYSYTSLPYYTGVPGLPSTFQYGPAVFPVAPTSSKQHGVNVSVNASATPFQQPSGYGSHGYNTGVSVTSSNTGVPDISGSVYSKTQQSFEKQGFHSGTPAASFNLPSALGSGGPINPATAAAYPPAPFMHILTPHQQPHSQILHHHLQQDGQTGSGQRSQTSSIPQKPQTNKSAYNSYSWGAN
ENSP00000234198.4,DLX2,18.999,23,131,109,YHQHQQPPSGGGAGPGGNSSSSSSLHKPQESPTLPVSTATDSSYYTNQQHPAGGGGGGGSPYAHMGSYQYQASGLNNVPYSAKSSYDLGYTAAYTSYAPYGTSSSPANN
ENSP00000326767.5,MED25,20.841,554,645,92,QQQRGMGGQQAPPGLGPILEDQARPSQNLLQLRPPQPQPQGTVGASGATGQPQPQGTAQPPPGAPQGPPGAASGPPPPGPILRPQNPGANPQ
ENSP00000238823.8,FAM98A,41.696,326,518,193,QDGPQQQTGGRGGGRGGYEHSSYGGRGGHEQGGGRGGRGGYDHGGRGGGRGNKHQGGWTDGGSGGGGGYQDGGYRDSGFQPGGYHGGHSSGGYQGGGYGGFQTSSSYTGSGYQGGGYQQDNRYQDGGHHGDRGGGRGGRGGRGGRGGRAGQGGGWGGRGSQNYHQGGQFEQHFQHGGYQYNHSGFGQGRHYTS
ENSP00000317895.3,RPTN,89.697,289,647,359,QGQSSHYGQTDRQDQSYHYGQTDRQGQSSHYSQTDRQGQSSHYSQPDRQGQSSHYGQMDRKGQCYHYDQTNRQGQGSHYSQPNRQGQSSHYGQPDTQDQSSHYGQTDRQDQSSHYGQTERQGQSSHYSQMDRQGQGSHYGQTDRQGQSSHYGQPDRQGQNSHYGQTDRQGQSSHYGQTDRQGQSSHYSQPDKQGQSSHYGKIDRQDQSYHYGQPDGQGQSSHYGQTDRQGQSFHYGQPDRQGQSSHYSQMDRQGQSSHYGQTDRQGQSSHYGQTDRQGQSYHYGQTDRQGQSSHYIQSQTGEIQGQNKYFQGTEGTRKASYVEQSGRSGRLSQQTPGQEGYQNQGQGFQSRDSQQNGHQ
ENSP00000324463.7,YLPM1,21.908,153,238,86,PPGSYMPPSQSYMPPPQPPPSYYPPTSSQPYLPPAQPSPSQSPPSQSYLAPTPSYSSSSSSSQSYLSHSQSYLPSSQASPSRPSQG
ENSP00000378851.3,MAPK1IP1L,11.831,155,245,91,PGMGGQYPTPNMPYPSPGPYPAPPPPQAPGAAPPVPWGTVPPGAWGPPAPYPAPTGSYPTPGLYPTPSNPFQVPSGPSGAPPMPGGPHSYH
ENSP00000254301.9,LGALS3,24.8,12,113,102,SGSGNPNPQGWPGAWGNQPAGAGGYPGASYPGAYPGQAPPGAYPGQAPPGAYPGAPGAYPGAPAPGVYPGPPSGPGAYPSSGQPSATGAYPATGPYGAPAGP
ENSP00000265713.2,KAT6A,39.768,1643,1710,68,PPSNQQQQPPPPPPQQPQPPPPQPQPAPQPPPPQQQPQQQPQPQPQQPPPPPPPQQQPPLSQCSMNNS
ENSP00000299505.4,GARRE1,17.248,685,750,66,GAMQPQQPSLPVPPPPRAPQAGAHTPLTPQPGLAPQQQSPKQQQPQVQYYQHLLQPIGPQQPPPQP
ENSP00000356840.2,POU2F1,25.249,104,265,162,SQQPSQPSQQPSVQAAIPQTQLMLAGGQITGLTLTPAQQQLLLQQAQAQAQLLAAAVQQHSASQQHSAAGATISASAATPMTQIPLSQPIQIAQDLQQLQQLQQQNLNLQQFVLVHPTTNLQPAQFIISQTPQGQQGLLQAQNLLTQLPQQSQANLLQSQPS
ENSP00000366746.3,STAM,30.406,388,536,149,QNQPYYMQSSGVSGSQVYAGPPPSGAYLVAGNAQMSHLQSYSLPPEQLSSLSQAVVPPSANPALPSQQTQAAYPNTMVSSVQGNTYPSQAPVYSPPPAATAAAATADVTLYQNAGPNMPQVPNYNLTSSTLPQPGGSQQPPQPQQPYSQ
ENSP00000334474.5,ZMIZ1,61.243,315,534,220,NQYGPMGPTQAYNSQFMNQPGPRGPASMGGSMNPASMAAGMTPSGMSGPPMGMNQPRPPGISPFGTHGQRMPQQTYPGPRPQSLPIQNIKRPYPGEPNYGNQQYGPNSQFPTQPGQYPAPNPPRPLTSPNYPGQRMPSQPSSGQYPPPTVNMGQYYKPEQFNGQNNTFSGSSYSNYSQGNVNRPPRPVPVANYPHSPVPGNPTPPMTPGSSIPPYLSPSQ
ENSP00000358071.3,SEC23IP,23.464,141,266,126,QPGAPPSSLMGINSYLPSQPSSLPPSYFGNQPQGIPQPGYNPYRHTPGSSRANPYIAPPQLQQCQTPGPPAHPPPSGPPVQMYQMPPGSLPPVPSSVQSPAQQQVPARPGAPSVQVPSPFLLQNQY
ENSP00000307208.6,BPTF,39.695,2269,2488,220,QPQTAQPSAQPQPQTQPQSPAQPEVQTQPEVQTQTTVSSHVPSEAQPTHAQSSKPQVAAQSQPQSNVQGQSPVRVQSPSQTRIRPSTPSQLSPGQQSQVQTTTSQPIPIQPHTSLQIPSQGQPQSQPQVQSSTQTLSSGQTLNQVTVSSPSRPQLQIQQPQPQVIAVPQLQQQVQVLSQIQSQVVAQIQAQQSGVPQQIKLQLPIQIQQSSAVQTHQIQN
ENSP00000379915.2,ATN1,43.784,374,600,227,PYSSSSSSSAAASSSSSSSSSSASPFPASQALPSYPHSFPPPTSLSVSNQPPKYTQPSLPSQAVWSQGPPPPPPYGRLLANSNAHPGPFPPSTGAQSTAHPPVSTHHHHHQQQQQQQQQQQQQQQQQQQHHGNSGPPPPGAFPHPLEGGSSHHAHPYAMSPSLGSLRPYPPGPAHLPPPHSQVSYSQAGPNGPPVSSSSNSSSSTSQGSYPCSHPSPSQGPQGAPYP
ENSP00000263904.4,STAM2,18.168,383,525,143,YPPASSGVPMQTYPVQSHGGNYMGQSIHQVTVAQSYSLGPDQIGPLRSLPPNVNSSVTAQPAQTSYLSTGQDTVSNPTYMNQNSNLQSATGTTAYTQQMGMSVDMSSYQNTTSNLPQLAGFPVTVPAHPVAQQHTNYHQQPLL
ENSP00000394510.1,PRR12,16.609,433,523,91,SGAGGAGGQAYSPGQPQGLLGPQAYGQGFGGGQAQDLSKAPSYSGGPPQPPSGPPPPGLATCQSYSPDQLQGQLYGVQGEPYPGPAAHSQG
ENSP00000500925.1,ATXN2,30.887,780,1155,376,PQAQPSPSMVGHQQPTPVYTQPVCFAPNMMYPVPVSPGVQPLYPIPMTPMPVNQAKTYRAGKVPNMPQQRQDQHHQSAMMHPASAAGPPIAATPPAYSTQYVAYSPQQFPNQPLVQHVPHYQSQHPHVYSPVIQGNARMMAPPTHAQPGLVSSSATQYGAHEQTHAMYACPKLPYNKETSPSFYFAISTGSLAQQYAHPNATLHPHTPHPQPSATPTGQQQSQHGGSHPAPSPVQHHQHQAAQALHLASPQQQSAIYHAGLAPTPPSMTPASNTQSPQNSFPAAQQTVFTIHPSHVQPAYTNPPHMAHVPQAHVQSGMVPSHPTAHAPMMLMTTQPPGGPQAALAQSALQPIPVSTTAHFPYMTHPSVQAHHQQQL
ENSP00000358635.3,SYNCRIP,12.802,522,606,85,GYSQRGGPGSARGVRGARGGAQQQRGRGVRGARGGRGGNVGGKRKADGYNQPDSKRRQTNNQNWGSQPIAQQPLQGGDHSGNYGY
ENSP00000365694.2,PPP1R10,14.77,689,844,156,GGPMRGGPGPGPGPYHRGRGGRGGNEPPPPPPPFRGARGGRSGGGPPNGRGGPGGGMVGGGGHRPHEGPGGGMGNSSGHRPHEGPGGGMGSGHRPHEGPGGSMGGGGGHRPHEGPGGGISGGSGHRPHEGPGGGMGAGGGHRPHEGPGGSMGGSGG
ENSP00000316879.5,EIF4G1,19.883,1,170,170,MNKAPQSTGPPPAPSPGLPQPAFPPGQTAPVVFSTPQATQMNTPSQPRQHFYPSRAQPPSSAASRVQSAAPARPGPAAHVYPAGSQVMMIPSQISYPASQGAYYIPGQGRSTYVVPTQQYPVQPGAPGFYPGASPTEFGTYAGAYYPAQGVQQFPTGVAPTPVLMNQPPQ
ENSP00000368540.2,UBAP2,15.702,885,967,83,QPQQSQSQTHHTAQQPFVNPALPPGYSYTGLPYYTGMPSAFQYGPTMFVPPASAKQHGVNLSTPTPPFQQASGYGQHGYSTGY
ENSP00000265866.7,HNRNPH3,21.26,268,346,79,NSTPGGGSGMGGSGMGGYGRDGMDNQGGYGSVGRMGMGNNYSGGYGTPDGLGGYGRGGGGSGGYYGQGGMSGGGWRGMY
ENSP00000394902.2,TIAL1,24.532,284,375,92,NFQQVDYSQWGQWSQVYGNPQQYGQYMANGWQVPPYGVYGQPWNQQGFGVDQSPSAAWMGGFGAQPPQGQAPPPVIPPPNQAGYGMASYQTQ
ENSP00000497810.1,MAGEL2,20.005,132,381,250,PSAPGAPMAHPPPPGTPMSHPPPPGTPMAHPPPPGTPMAHPPPPGTPMVHPPPPGTPMAHPPPPGTPMAHPPPPGTPMAHPPPPGTPMAHPPPPGTPMAQPPAPGVLMAQPLTPGVLMVQPAAPGAPMVQPPPAAMMTQPQPSGAPMAKPPGPGVLMIHPPGARAPMTQPPASGAPMAQPAAPPAQPMAPPAQPMASWAPQAQPLILQIQSQVIRAPPQVPQGPQAPPAQLATPPGWQATSPGWQATQQG
ENSP00000245479.2,SOX9,23.363,339,477,139,QQAPPPPPQQPPQAPPAPQAPPQPQAAPPQQPAAPPQQPQAHTLTTLSSEPGQSQRTHIKTEQLSPSHYSEQQQHSPQQIAYSPFNLPHYSPSYPPITRSQYDYTDHQNSSSYYSHAAGQGTGLYSTFTYMNPAQRPMY
ENSP00000368933.5,TFAP2A,12.266,37,105,69,GQSPYTSAPPLSHTPNADFQPPYFPPPYQPIYPQSQDPYSHVNDPYSLNPLHAQPQPQHPGWPGQRQSQ
ENSP00000240851.4,TFG,70.889,223,400,178,QPQQPPYTGAQTQAGQIEGQMYQQYQQQAGYGAQQPQAPPQQPQQYGIQYSASYSQQTGPQQPQQFQGYGQQPTSQAPAPAFSGQPQQLPAQPPQQYQASNYPAQTYTAQTSQPTNYTVAPASQPGMAPSQPGAYQPRPGFTSLPGSTMTPPPSGPNPYARNRPPFGQGYTQPGPGYR
ENSP00000387543.2,EBF3,17.167,418,520,103,NHNQIPTLGNNPAHTGMMGVNSFSSQLAVNVSETSQANDQVGYSRNTSSVSPRGYVPSSTPQQSNYNTVSTSMNGYGSGAMASLGVPGSPGFLNGSSANSPYG
ENSP00000369889.3,COL2A1,12.223,861,924,64,GAPGPQGPSGAPGPQGPTGVTGPKGARGAQGPPGATGFPGAAGRVGPPGSNGNPGPPGPPGPSG
ENSP00000457777.1,PYGO1,32.46,85,305,221,PSSNPYLGPGYPGFGGYSTFRMPPHVPPRMSSPYCGPYSLRNQPHPFPQNPLGMGFNRPHAFNFGPHDNSSFGNPSYNNALSQNVNMPNQHFRQNPAENFSQIPPQNASQVSNPDLASNFVPGNNSNFTSPLESNHSFIPPPNTFGQAKAPPPKQDFTQGATKNTNQNSSAHPPHLNMDDTVNQSNIELKNVNRNNAVNQENSRSSSTEATNNNPANGTQN
ENSP00000388340.2,CLINT1,25.654,491,625,135,PGMQPSKPQQPSLNTMIQQQNMQQPMNVMTQSFGAVNLSSPSNMLPVRPQTNALIGGPMPMSMPNVMTGTMGMAPLGNTPMMNQSMMGMNMNIGMSAAGMGLTGTMGMGMPNIAMTSGTVQPKQDAFANFANFSK
ENSP00000478691.2,HNRNPA2B1,54.82,185,341,157,QSSRSGRGGNFGFGDSRGGGGNFGPGPGSNFRGGSDGYGSGRGFGDGYNGYGGGPGGGNFGGSPGYGGGRGGYGGGGPGYGNQGGGYGGGYDNYGGGNYGSGNYNDFGNYNQQPSNYGPMKSGNFGGSRNMGGPYGGGNYGPGGSGGSGGYGGRSRY
ENSP00000369351.4,TET2,40.278,1522,1656,135,MQQSQQPQPLQKQPPQPQQQQRPQQQQPHHPQTESVNSYSASGSTNPYMRRPNPVSPYPNSSHTSDIYGSTSPMNFYSTSSQAAGSYLNSSNPMNPYPGLLNQNTQYPSYQCNGNLSVDNCSPYLGSYSPQSQPM
ENSP00000356520.3,DHX9,23.52,1169,1270,102,NGSGYRRGGSSYSGGGYGGGYSSGGYGSGGYGGSANSFRAGYGAGVGGGYRGVSRGGFRGNSGGDYRGPSGGYRGSGGFQRGGGRGAYGTGYFGQGRGGGGY
ENSP00000254325.3,RFX1,17.104,1,74,74,MATQAYTELQAAPPPSQPPQAPPQAQPQPPPPPPPAAPQPPQPPTAAATPQPQYVTELQSPQPQAQPPGGQKQY
ENSP00000353847.3,WWTR1,22.854,159,233,75,MNQPLNHMNLHPAVSSTPVPQRSMAVSQPNLVMNHQHQQQMAPSTLSQQNHPTQNPPAGLMSMPNALTTQQQQQQ
ENSP00000262803.5,UPF1,14.956,989,1075,87,MPPMPPPGYFGQANGPAAGRGTPKGKTGRGGRQKNRFGLPGPSQTNLPNSQASQDVASQPFSQGALTQGYISMSQPSQMSQPGLSQP
ENSP00000443985.1,CPEB2,41.262,350,555,206,PGGGGGGGGGGPPGGGGGGGSASPPPLPGFGTPWSVQTASPPPQPQQPPPTQPQQQPPPPQQPPQPQPQPPGSSATTPGGGSGGSLSAMPPPSPDSENGFYPGLPSSMNPAFFPSFSPVSPHGCTGLSVPTSGGGGGGFGGPFSATAVPPPPPPAMNIPQQQPPPPAAPQQPQSRRSPVSPQLQQQHQAAAAAFLQQRNSYNHHQP
ENSP00000221566.1,SGTA,22.879,226,289,64,NNPGFMSMASNLMNNPQIQQLMSGMISGGNNPLGTPGTSPSQNDLASLIQAGQQFAQQMQQQNP
ENSP00000281928.3,MED13L,16.755,1529,1650,122,YQTPPAAAQGQATPGNAGPLAPNGSAAPPAGSAFNPTSNSSSTNPAASSSASGSSVPPVSSSASAPGISQISTTSSSGFSGSVGGQNPSTGGISADRTQGNIGCGGDTDPGQSSSQPSQDGQ
ENSP00000404121.1,ILF3,90.698,662,898,237,GGANHGGYMNAGAGYGSYGYGGNSATAGYSQFYSNGGHSGNASGGGGGGGGGSSGYGSYYQGDNYNSPVPPKHAGKKQPHGGQQKPSYGSGYQSHQGQQQSYNQSPYSNYGPPQGKQKGYNHGQGSYSYSNSYNSPGGGGGSDYNYESKFNYSGSGGRSGGNSYGSGGASYNPGSHGGYGGGSGGGSSYQGKQGGYSQSNYNSPGSGQNYSGPPSSYQSSQGGYGRNADHSMNYQYR
ENSP00000287202.5,CELF6,13.106,316,389,74,NGFGPLTPQTNGQPGSDTLYNNGLSPYPAQSPGVADPLQQAYAGMHHYAAAYPSAYAPVSTAFPQQPSALPQQQ
ENSP00000258412.3,TMBIM1,15.883,1,73,73,MSNPSAPPPYEDRNPLYPGPPPPGGYGQPSVLPGGYPAYPGYPQPGYGHPAGYPQPMPPTHPMPMNYGPGHGY
ENSP00000340766.2,SMG7,25.129,697,793,97,QPTAHSPAGNQVQAGKQSHIPYSQQRPSGPGPMNQGPQQSQPPSQQPLTSLPAQPTAQSTSQLQVQALTQQQQSPTKAVPALGKSPPHHSGFQQYQQ
ENSP00000222330.3,GSK3A,14.362,1,83,83,MSGGGPSGGGPGGSGRARTSSFAEPGGGGGGGGGGPGGSASGPGGTGGGKASVGAMGGGVGASSSGGGPGGSGGGGSGGPGAG
ENSP00000296452.4,BSN,33.697,3741,3889,149,PQAQPQLQGRQAAPGPQQSQSPSSRQIPSGAASRQPQTQQQQQGLGLQPPQQALTQARLQQQSQPTTRGSAPAASQPAGKPQPGPSTATGPQPAGPPRAEQTNGSKGTAKAPQQGRAPQAQPAPGPGPAGVKAGARPGGTPGAPAGQPG
ENSP00000381823.2,SEC24A,19.611,1,184,184,MSQPGIPASGGAPASLQAQNGAALASGSPYTNGPVQNALLSSQESVSQGYNFQLPGSYPHPIPAKTLNPVSGQSNYGGSQGSGQTLNRPPVASNPVTPSLHSGPAPRMPLPASQNPATTPMPSSSFLPEANLPPPLNWQYNYPSTASQTNHCPRASSQPTVSGNTSLTTNHQYVSSGYPSLQNS
ENSP00000318374.5,LENG8,43.058,82,206,125,QQQQYYQWYQQYNYAYPYSYYYPMSMYQSYGSPSQYGMAGSYGSATPQQPSAPQHQGTLNQPPVPGMDESMSYQAPPQQLPSAQPPQPSNPPHGAHTLNSGPQPGTAPATQHSQAGPATGQAYGP
ENSP00000345494.4,PLSCR1,17.619,1,77,77,MDKQNSQMNASHPETNLPVGYPPQYPPTAFQGPPGYSGYPGPQVSYPPPPAGHSGPGPAGFPVPNQPVYNQPVYNQP
ENSP00000016913.4,MS4A12,13.122,17,76,60,PNPYPPSSFMAPGFQQPLGSINLENQAQGAQRAQPYGITSPGIFASSQPGQGNIQMINPS
ENSP00000370104.2,GPS2,16.401,178,262,85,GQFQGSPGGAYGTAQPPPHYGPTQPAYSPSQQLRAPSAFPAVQYLSQPQPQPYAVHGHFQPTQTGFLQPGGALSLQKQMEHANQQ
ENSP00000325146.8,COL12A1,15.322,2917,3063,147,SGQMNRFNQMLNQIPNDYQSSRNQPGPPGPPGPPGSAGARGEPGPGGRPGFPGTPGMQGPPGERGLPGEKGERGTGSSGPRGLPGPPGPQGESRTGPPGSTGSRGPPGPPGRPGNSGIRGPPGPPGYCDSSQCASIPYNGQGYPGSG
ENSP00000329357.4,SP1,33.168,123,480,358,QSGSSTNGSNGSESSKNRTVSGGQYVVAAAPNLQNQQVLTGLPGVMPNIQYQVIPQFQTVDGQQLQFAATGAQVQQDGSGQIQIIPGANQQIITNRGSGGNIIAAMPNLLQQAVPLQGLANNVLSGQTQYVTNVPVALNGNITLLPVNSVSAATLTPSSQAVTISSSGSQESGSQPVTSGTTISSASLVSSQASSSSFFTNANSYSTTTTTSNMGIMNFTTSGSSGTNSQGQTPQRVSGLQGSDALNIQQNQTSGGSLQAGQQKEGEQNQQTQQQQILIQPQLVQGGQALQALQAAPLSGQTFTTQAISQETLQNLQLQAVPNSGPIIIRTPTVGPNGQVSWQTLQLQNLQVQNPQAQ
ENSP00000506350.1,BRD4,31.863,951,1038,88,QSQPPPPLPPPPHPSVQQQLQQQPPPPPPPQPQPPPQQQHQPPPRPVHLQPMQFSTHIQQPPPPQGQQPPHPPPGQQPPPPQPAKPQQ
ENSP00000226796.6,GAR1,13.974,1,67,67,MSFRGGGRGGFNRGGGGGGFNRGGSSNHFRGGGGGGGGGNFRGGGRGGFGRGGGRGGFNKGQDQGPP
ENSP00000412064.2,PRR13,14.694,1,87,87,MWNPNAGQPGPNPYPPNIGCPGGSNPAHPPPINPPFPPGPCPPPPGAPHGNPAFPPGGPPHPVPQPGYPGCQPLGPYPPPYPPPAPG
ENSP00000378830.2,QRICH1,25.458,85,181,97,QPQTQQEQQIQVQQPQQVQVQVQVQQSPQQVSAQLSPQLTVHQPTEQPIQVQVQIQGQAPQSAAPSIQTPSLQSPSPSQLQAAQIQVQHVQAAQQIQ
ENSP00000424668.2,BMP2K,67.538,424,562,139,GQGPPQQPPQQHRVLQQLQQGDWRLQQLHLQHRHPHQQQQQQQQQQQQQQQQQQQQQQQQQQQHHHHHHHHLLQDAYMQQYQHATQQQQMLQQQFLMHSVYQPQPSASQYPTMMPQYQQAFFQQQMLAQHQPSQQQASP
ENSP00000358242.5,PNISR,10.22,1,87,87,MWDQGGQPWQQWPLNQQQWMQSFQHQQDPSQIDWAALAQAWIAQREASGQQSMVEQPPGMMPNGQDMSTMESGPNNHGNFQGDSNFN
ENSP00000295470.5,HNRNPDL,45.203,316,420,105,QQQQQQKGGRGAAAGGRGGTRGRGRGQGQNWNQGFNNYYDQGYGNYNSAYGGDQNYSGYGGYDYTGYNYGNYGYGQGYADYSGQQSTYGKASRGGGNHQNNYQPY
ENSP00000316032.7,NUP98,13.324,208,329,122,YQANRKGPQNQVGAGTTTGLFGSSPATSSATGLFSSSTTNSGFAYGQNKTAFGTSTTGFGTNPGGLFGQQNQQTTSLFSKPFGQATTTQNTGFSFGNTSTIGQPSTNTMGLFGVTQASQPGG
ENSP00000339845.3,DROSHA,21.35,127,202,76,PNNPPVPGAPPGQGTFPFMMPPPSMPHPPPPPVMPQQVNYQYPPGYSHHNFPPPSFNSFQNNPSSFLPSANNSSSP
ENSP00000384160.3,RBM33,35.844,575,707,133,QPNLQGPLHPPLPPPHQPQPQQPQQQPPPQHQPPHQPPHQPPPQHQPPPQHPPQHPPQHQHHHHHHHLSVPPPPLMPMSQPQFRPHVQTAQPQASSSRMQCPQRQGLRHNTTSQNVSKRPMQQMQPTAPRNSN
ENSP00000374565.3,FAM168B,16.7,1,107,107,MNPVYSPGSSGVPYANAKGIGYPAGFPMGYAAAAPAYSPNMYPGANPTFQTGYTPGTPYKVSCSPTSGAVPPYSSSPNPYQTAVYPVRSAYPQQSPYAQQGTYYTQP
ENSP00000349168.5,HNRNPH1,18.348,382,449,68,NSTAGASGGAYGSQMMGGMGLSNQSSYGGPASQQLSGGYGGGYGGQSSMSGYDQVLQENSSDFQSNIA
ENSP00000455585.1,ZNF853,73.814,96,311,216,QQPEPQQQPQHEQLQQPQPHLELQQQPQQDGQQQLSQLQQEKHQSVHHQELKPELQLMHQQQQLQPQQVQEQQRLQQQQEQLQTQQAQEQQVLQQQEQLQQQVQEQQLLQQQQEQLQQQQLLQQQEQLQQQQFQQQQEQLQQQQQLLLLQQQGQLQQQLLQQQQAQLQQQLLEQQQAQLQQQLLLQQQEQLQQQQQQQLLQQQQEQLQQQQLQPPP
ENSP00000229195.3,CNOT2,18.084,61,215,155,SPSTSGQLSQFGASLYGQQSALGLPMRGMSNNTPQLNRSLSQGTQLPSHVTPTTGVPTMSLHTPPSPSRGILPMNPRNMMNHSQVGQGIGIPSRTNSMSSSGLGSPNRSSPSIICMPKQQPSRQPFTVNSMSGFGMNRNQAFGMNNSLSSNIFNG
ENSP00000471146.2,KHSRP,16.076,1,68,68,MSDYSTGGPPPGPPPPAGGGGGAGGAGGGPPPGPPGAGDRGGGGPGGGGPGGGSAGGPSQPPGGGGPG
ENSP00000304408.4,COL3A1,13.821,89,228,140,PQPPTAPTRPPNGQGPQGPKGDPGPPGIPGRNGDPGIPGQPGSPGSPGPPGICESCPTGPQNYSPQYDSYDVKSGVAVGGLAGYPGPAGPPGPPGPPGTSGHPGSPGSPGYQGPPGEPGQAGPSGPPGPPGAIGPSGPAG
ENSP00000341826.7,HNRNPA1,57.752,186,372,187,MASASSSQRGRSGSGNFGGGRGGGFGGNDNFGRGGNFSGRGGFGGSRGGGGYGGSGDGYNGFGNDGGYGGGGPGYSGGSRGYGSGGQGYGNQGSGYGGSGSYDSYNNGGGGGFGGGSGSNFGGGGSYNDFGNYNNQSSNFGPMKGGNFGGRSSGPYGGGGQYFAKPRNQGGYGGSSSSSSYGSGRRF
ENSP00000338718.4,ATXN2L,42.269,701,1041,341,GQSGLYSPQYISYIPQIHMGPAVQAPQMYPYPVSNSVPGQQGKYRGAKGSLPPQRSDQHQPASAPPMMQAAAAAGPPLVAATPYSSYIPYNPQQFPGQPAMMQPMAHYPSQPVFAPMLQSNPRMLTSGSHPQAIVSSSTPQYPSAEQPTPQALYATVHQSYPHHATQLHAHQPQPATTPTGSQPQSQHAAPSPVQHQAGQAPHLGSGQPQQNLYHPGALTGTPPSLPPGPSAQSPQSSFPQPAAVYAIHHQQLPHGFTNMAHVTQAHVQTGITAAPPPHPGAPHPPQVMLLHPPQSHGGPPQGAVPQSGVPALSASTPSPYPYIGHPQGEQPGQAPGFPGG
ENSP00000309823.4,FOXP4,16.293,65,215,151,QQQQALQVARQFLLQQASGLSSPGNNDSKQSASAVQVPVSVAMMSPQMLTPQQMQQILSPPQLQALLQQQQALMLQQLQEYYKKQQEQLHLQLLTQQQAGKPQPKEALGNKQLAFQQQLLQMQQLQQQHLLNLQRQGLVSLQPNQASGPLQ
ENSP00000357442.2,PYGO2,32.673,107,325,219,QGGMAGQVPPGYSTGGGGGPQPLRRQPPPFPPNPMGPAFNMPPQGPGYPPPGNMNFPSQPFNQPLGQNFSPPSGQMMPGPVGGFGPMISPTMGQPPRAELGPPSLSQRFAQPGAPFGPSPLQRPGQGLPSLPPNTSPFPGPDPGFPGPGGEDGGKPLNPPASTAFPQEPHSGSPAAAVNGNQPSFPPNSSGRGGGTPDANSLAPPGKAGGGSGPQPPPG
ENSP00000491215.1,HNRNPU,41.466,698,825,128,NQFNRGGGHRGRGGFNMRGGNFRGGAPGNRGGYNRRGNMPQRGGGGGGSGGIGYPYPRAPVFPGRGSYSNRGNYNRGGMPNRGNYNQNFRGRGNNRGYKNQSQGYNQWQQGQFWGQKPWSQHYHQGYY
ENSP00000332208.2,RFX6,14.139,746,809,64,GSPYNSRPPSSYGPSLQAQDSHNMQFLNTGSFNFLSNTGAASCQGATLPPNSPNGYYGSNINYP
ENSP00000221232.5,CNOT3,21.672,310,495,186,SNQHPQSPAVPPTYPSGPPPAASALSTTPGNNGVPAPAAPPSALGPKASPAPSHNSGTPAPYAQAVAPPAPSGPSTTQPRPPSVQPSGGGGGGSGGGGSSSSSNSSAGGGAGKQNGATSYSSVVADSPAEVALSSSGGNNASSQALGPPSGPHNPPPSTSKEPSAAAPTGAGGVAPGSGNNSGGPS
ENSP00000354118.3,PRDM10,26.082,913,1040,128,PQGDYQRIQYIPVSQSASGLQQPQHIQLQVVQVASATSPHQSQQSTVDVGQLHDPQPYPQHAIQVQHIQVSEPTASAPSSAQVSGQPLSPSAQQAQQGLSPSHIQGSSSTQGQALQQQQQQQQNSSVQ
ENSP00000319104.6,SUPT6H,25.454,1556,1668,113,PQNMTSQMFSAIAAVTGQGQNPNATPAQWASSQYGYGGSGGGSSAYHVFPTPAQQPVATPLMTPSYSYTTPSQPITTPQYHQLQASTTPQSAQAQPQPSSSSRQRQQQPKSNS
ENSP00000366607.3,SF1,44.339,351,639,289,NNPPPPSLMSTTQSRPPWMNSGPSESRPYHGMHGGGPGGPGGGPHSFPHPLPSLTGGHGGHPMQHNPNGPPPPWMQPPPPPMNQGPHPPGHHGPPPMDQYLGSTPVGSGVYRLHQGKGMMPPPPMGMMPPPPPPPSGQPPPPPSGPLPPWQQQQQQPPPPPPPSSSMASSTPLPWQQNTTTTTTSAGTGSIPPWQQQQAAAAASPGAPQMQGNPTMVPLPPGVQPPLPPGAPPPPPPPPPGSAGMMYAPPPPPPPPMDPSNFVTMMGMGVAGMPPFGMPPAPPPPPPQN
ENSP00000396345.2,CHD9,35.757,134,352,219,SNQNGSPFHQQGHSHSMHQNKSFVAHHDFALFQANEQQTQCTSLRSQQNRNNLNPGQNSLSQSKNFMNVSGPHRVNVNHPPQMTNASNSQQSISMQQFSQTSNPSAHFHKCSSHQEGNFNGPSPNMTSCSVSNSQQFSSHYSFSSNHISPNSLLQSSAVLASNHTNQTLSDFTGSNSFSPHRGIKQESTQHILNPNTSLNSNNFQILHSSHPQGNYSNS
ENSP00000301765.5,VPS37C,15.938,232,355,124,SQPSFYSGPLGPTYPAAQLGPRGAAGYSWSPQRSMPPRPGYPGTPMGASGPGYPLRGGRAPSPGYPQQSPYPATGGKPPYPIQPQLPSFPGQPQPSVPLQPPYPPGPAPPYGFPPPPGPAWPGY
ENSP00000263073.5,SMG6,17.442,493,554,62,QAQASYYKFQNSDNPYYYPRTPGPASQYPYTGYNPLQYPVGPTNGVYPGPYYPGYPTPSGQY
ENSP00000497369.1,FOXP1,24.423,55,194,140,QQQQQQALQVARQLLLQQQQQQQVSGLKSPKRNDKQPALQVPVSVAMMTPQVITPQQMQQILQQQVLSPQQLQVLLQQQQALMLQQQQLQEFYKKQQEQLQLQLLQQQHAGKQPKEQQQVATQQLAFQQQLLQMQQLQQQ
ENSP00000347434.7,EYA4,25.234,209,298,90,SQTQSPLQSGCLSYSPGFSTPQPGQTPYSYQMPGSSFAPSSTIYANNSVSNSTNFSGSQQDYPSYTAFGQNQYAQYYSASTYGAYMTSNN
ENSP00000505217.1,TCERG1,42.87,180,254,75,QAQVQAQAQAQAQAQAQAQAQAQAQAQAQAQAQAQAQAQAQAQAQAQAQAQAQAQAQAQAQAQVQAQVQAQVQAQ
ENSP00000225792.5,DDX5,24.675,531,614,84,QNGVYSAANYTNGSFGSNFVSAGIQTSFRTGNPTGTYQNGYDSTQQYGSNVPNMHNGMNQQAYAYPATAAAPMIGYPMPTGYSQ
ENSP00000331201.4,HGS,48.132,549,769,221,QQKQTVQMRAQMPAFPLPYAQLQAMPAAGGVLYQPSGPASFPSTFSPAGSVEGSPMHGVYMSQPAPAAGPYPSMPSTAADPSMVSAYMYPAGATGAQAAPQAQAGPTASPAYSSYQPTPTAGYQNVASQAPQSLPAISQPPQSSTMGYMGSQSVSMGYQPYNMQNLMTTLPSQDASLPPQQPYIAGQQPMYQQMAPSGGPPQQQPPVAQQPQAQGPPAQGS
ENSP00000301785.5,HNRNPUL2,14.335,641,747,107,NRRNNRNKRNRQNRSRGQGYVGGQRRGYDNRAYGQQYWGQPGNRGGYRNFYDRYRGDYDRFYGRDYEYNRYRDYYRQYNRDWQSYYYHHPQDRDRYYRNYYGYQGYR
ENSP00000416360.1,ATXN1,39.907,197,256,60,QQQQQQQQQQQQHQHQQQQQQQQQQQQQQHLSRAPGLITPGSPPPAQQNQYVHISSSPQN
ENSP00000345702.6,NFYA,29.446,1,161,161,MEQYTANSNSSTEQIVVQAGQIQQQQQGGVTAVQLQTEAQVASASGQQVQTLQVVQGQPLMVQVSGGQLITSTGQPIMVQAVPGGQGQTIMQVPVSGTQGLQQIQLVPPGQIQIQGGQAVQVQGQQGQTQQIIIQQPQTAVTAGQTQTQQQIAVQGQQVAQ
ENSP00000412696.4,YIPF7,10.295,1,81,81,MSNLAQFDSDFYQSNFTIDNQEQSGNDSNAYGNLYGSRKQQAGEQPQPASFVPSEMLMSSGYAGQFFQPASNSDYYSQSPY
ENSP00000347184.5,HTT,37.303,18,78,61,QQQQQQQQQQQQQQQQQQQQQPPPPPPPPPPPQLPQPPPQAQPLLPQPQPPPPPPPPPPGP
ENSP00000502190.2,POLR2A,45.103,1521,1834,314,NQGATPAYGAWSPSVGSGMTPGAAGFSPSAASDASGFSPGYSPAWSPTPGSPGSPGPSSPYIPSPGGAMSPSYSPTSPAYEPRSPGGYTPQSPSYSPTSPSYSPTSPSYSPTSPNYSPTSPSYSPTSPSYSPTSPSYSPTSPSYSPTSPSYSPTSPSYSPTSPSYSPTSPSYSPTSPSYSPTSPSYSPTSPSYSPTSPSYSPTSPSYSPTSPSYSPTSPSYSPTSPNYSPTSPNYTPTSPSYSPTSPSYSPTSPNYTPTSPNYSPTSPSYSPTSPSYSPTSPSYSPSSPRYTPQSPTYTPSSPSYSPSSPSYSP
ENSP00000357791.3,HRNR,492.201,166,2812,2647,SGQHNSYSGQSSSYGEQNSDSHQSSGRGQCGSGSGQSPNYGQHGSGSGQSSSNDTHGSGSGQSSGFSQHKSSSGQSSGYSQHGSGSGHSSGYGQHGSRSGQSSRGERHRSSSGSSSSYGQHGSGSRQSLGHGRQGSGSRQSPSHVRHGSGSGHSSSHGQHGSGSSYSYSRGHYESGSGQTSGFGQHESGSGQSSGYSKHGSGSGHSSSQGQHGSTSGQASSSGQHGSSSRQSSSYGQHESASRHSSGRGQHSSGSGQSPGHGQRGSGSGQSPSSGQHGTGFGRSSSSGPYVSGSGYSSGFGHHESSSEHSSGYTQHGSGSGHSSGHGQHGSRSGQSSRGERQGSSAGSSSSYGQHGSGSRQSLGHSRHGSGSGQSPSPSRGRHESGSRQSSSYGPHGYGSGRSSSRGPYESGSGHSSGLGHQESRSGQSSGYGQHGSSSGHSSTHGQHGSTSGQSSSCGQHGATSGQSSSHGQHGSGSSQSSRYGQQGSGSGQSPSRGRHGSDFGHSSSYGQHGSGSGWSSSNGPHGSVSGQSSGFGHKSGSGQSSGYSQHGSGSSHSSGYRKHGSRSGQSSRSEQHGSSSGLSSSYGQHGSGSHQSSGHGRQGSGSGHSPSRVRHGSSSGHSSSHGQHGSGTSCSSSCGHYESGSGQASGFGQHESGSGQGYSQHGSASGHFSSQGRHGSTSGQSSSSGQHDSSSGQSSSYGQHESASHHASGRGRHGSGSGQSPGHGQRGSGSGQSPSYGRHGSGSGRSSSSGRHGSGSGQSSGFGHKSSSGQSSGYTQHGSGSGHSSSYEQHGSRSGQSSRSEQHGSSSGSSSSYGQHGSGSRQSLGHGQHGSGSGQSPSPSRGRHGSGSGQSSSYGPYRSGSGWSSSRGPYESGSGHSSGLGHRESRSGQSSGYGQHGSSSGHSSTHGQHGSTSGQSSSCGQHGASSGQSSSHGQHGSGSSQSSGYGRQGSGSGQSPGHGQRGSGSRQSPSYGRHGSGSGRSSSSGQHGSGLGESSGFGHHESSSGQSSSYSQHGSGSGHSSGYGQHGSRSGQSSRGERHGSSSGSSSHYGQHGSGSRQSSGHGRQGSGSGHSPSRGRHGSGLGHSSSHGQHGSGSGRSSSRGPYESRSGHSSVFGQHESGSGHSSAYSQHGSGSGHFCSQGQHGSTSGQSSTFDQEGSSTGQSSSYGHRGSGSSQSSGYGRHGAGSGQSPSRGRHGSGSGHSSSYGQHGSGSGWSSSSGRHGSGSGQSSGFGHHESSSWQSSGCTQHGSGSGHSSSYEQHGSRSGQSSRGERHGSSSGSSSSYGQHGSGSRQSLGHGQHGSGSGQSPSPSRGRHGSGSGQSSSYSPYGSGSGWSSSRGPYESGSSHSSGLGHRESRSGQSSGYGQHGSSSGHSSTHGQHGSTSGQSSSCGQHGASSGQSSSHGQHGSGSSQSSGYGRQGSGSGQSPGHGQRGSGSRQSPSYGRHGSGSGRSSSSGQHGSGLGESSGFGHHESSSGQSSSYSQHGSGSGHSSGYGQHGSRSGQSSRGERHGSSSRSSSRYGQHGSGSRQSSGHGRQGSGSGQSPSRGRHGSGLGHSSSHGQHGSGSGRSSSRGPYESRSGHSSVFGQHESGSGHSSAYSQHGSGSGHFCSQGQHGSTSGQSSTFDQEGSSTGQSSSHGQHGSGSSQSSSYGQQGSGSGQSPSRGRHGSGSGHSSSYGQHGSGSGWSSSSGRHGSGSGQSSGFGHHESSSWQSSGYTQHGSGSGHSSSYEQHGSRSGQSSRGEQHGSSSGSSSSYGQHGSGSRQSLGHGQHGSGSGQSPSPSRGRHGSGSGQSSSYGPYGSGSGWSSSRGPYESGSGHSSGLGHRESRSGQSSGYGQHGSSSGHSSTHGQHGSASGQSSSCGQHGASSGQSSSHGQHGSGSSQSSGYGRQGSGSGQSPGHGQRGSGSRQSPSYGRHGSGSGRSSSSGQHGPGLGESSGFGHHESSSGQSSSYSQHGSGSGHSSGYGQHGSRSGQSSRGERHGSSSGSSSRYGQHGSGSRQSSGHGRQGSGSGHSPSRGRHGSGSGHSSSHGQHGSGSGRSSSRGPYESRSGHSSVFGQHESGSGHSSAYSQHGSGSGHFCSQGQHGSTSGQSSTFDQEGSSTGQSSSHGQHGSGSSQSSSYGQQGSGSGQSPSRGRHGSGSGHSSSYGQHGSGSGWSSSSGRHGSGSGQSSGFGHHESSSWQSSGYTQHGSGSGHSSSYEQHGSRSGQSSRGERHGSSSGSSSSYGQHGSGSRQSLGHGQHGSGSGQSPSPSRGRHGSGSGQSSSYSPYGSGSGWSSSRGPYESGSGHSSGLGHRESRSGQSSGYGQHGSSSGHSSTHGQHGSTSGQSSSCGQHGASSGQSSSHGQHGSGSSQSSGYGRQGSGSGQSPGHGQRGSGSRQSPSYGRHGSGSGRSSSSGQHGSGLGESSGFGHHESSSGQSSSYSQHGSGSGHSSGYGQHGSRSGQSSRGERHGSSSGSSSHYGQHGSGSRQSSGHGRQGSGSGQSPSRGRHGSGLGHSSSHGQHGSGSGRSSSRGPYESRLGHSSVFGQHESGSGHSSAYSQHGSGSGHFCSQGQHGSTSGQSSTFDQEGSSTGQSSSYGHRGSGSSQSSGYGRHGAGSGQSLSHGRHGSGSGQSSSYGQHGSGSGQSSGYSQHGSGSGQDGYSY
ENSP00000343896.4,SMARCA4,32.189,1,281,281,MSTPDPPLGGTPRPGPSPGPGPSPGAMLGPSPGPSPGSAHSMMGPSPGPPSAGHPIPTQGPGGYPQDNMHQMHKPMESMHEKGMSDDPRYNQMKGMGMRSGGHAGMGPPPSPMDQHSQGYPSPLGGSEHASSPVPASGPSSGPQMSSGPGGAPLDGADPQALGQQNRGPTPFNQNQLHQLRAQIMAYKMLARGQPLPDHLQMAVQGKRPMPGMQQQMPTLPPPSVSATGPGPGPGPGPGPGPGPAPPNYSRPHGMGGPNMPPPGPSGVPPGMPGQPPGGPP
ENSP00000301624.4,TNRC6C,27.04,1061,1205,145,GMQNLNSSRQIPSGNLGMFGNSGAAQARTMQQPPQPPVQPLNSSQPSLRAQVPQFLSPQVQAQLLQFAAKNIGLNPALLTSPINPQHMTMLNQLYQLQLAYQRLQIQQQMLQAQRNVSGSMRQQEQQVARTITNLQQQIQQHQRQ
ENSP00000449396.1,SMARCC2,23.534,979,1107,129,QQHFQQMHQQQQQPPPALPPGSQPIPPTGAAGPPAVHGLAVAPASVVPAPAGSGAPPGSLGPSEQIGQAGSTAGPQQQQPAGAPQPGAVPPGVPPPGPHGPSPFPNQQTPPSMMPGAVPGSGHPGVAGN
ENSP00000267023.4,NABP2,16.391,115,202,88,YSTQQAPNKAVQNDSNPSASQPTTGPSAASPASENQNGNGLSAPPGPGGGPHPPHTPSHPPSTRITRSQPNHTPAGPPGPSSNPVSNG
ENSP00000378165.4,ZNF207,23.992,398,494,97,YQRNLPRPGQAPIGNPPVGPIGGMMPPQPGIPQQQGMRPPMPPHGQYGGHHQGMPGYLPGAMPPYGQGPPMVPPYQGGPPRPPMGMRPPVMSQGGRY
ENSP00000386458.4,PRPF40A,20.467,92,169,78,MMGHPGMHYAPMGMHPMGQRANMPPVPHGMMPQMMPPMGGPPMGQMPGMMSSVMPGMMMSHMSQASMQPALPPGVNSM
ENSP00000355064.7,SHISA4,10.196,138,197,60,QPVYPYPQDPKAGPAPPQPGFIYPPSGPAPQYPLYPAGPPVYNPAAPPPYMPPQPSYPGA
ENSP00000269576.5,KRT10,33.059,457,584,128,GSSGGGGRGGGSFGGGYGGGSSGGGSSGGGHGGGHGGSSGGGYGGGSSGGGSSGGGYGGGSSSGGHGGSSSGGYGGGSSGGGGGGYGGGSSGGGSSSGGGYGGGSSSGGHKSSSSGSVGESSSKGPRY
ENSP00000265562.4,PTPN23,13.322,952,1024,73,GPQPQPHPQPHPSQAFGPQPPQQPLPLQHPHLFPPQAPGLLPPQSPYPYAPQPGVLGQPPPPLHTQLYPGPAQ
ENSP00000364449.1,SIK3,14.966,728,806,79,QPSSPPPNHPNNHLFRQPSNSPPPMSSAMIQPHGAASSSQFQGLPSRSAIFQQQPENCSSPPNVALTCLGMQQPAQSQQ
ENSP00000311747.5,RBM14,62.383,264,576,313,QPMTAQAASYRAQPSVSLGAPYRGQLASPSSQSAAASSLGPYGGAQPSASALSSYGGQAAAASSLNSYGAQGSSLASYGNQPSSYGAQAASSYGVRAAASSYNTQGAASSLGSYGAQAASYGAQSAASSLAYGAQAASYNAQPSASYNAQSAPYAAQQAASYSSQPAAYVAQPATAAAYASQPAAYAAQATTPMAGSYGAQPVVQTQLNSYGAQASMGLSGSYGAQSAAAATGSYGAAAAYGAQPSATLAAPYRTQSSASLAASYAAQQHPQAAASYRGQPGNAYDGAGQPSAAYLSMSQGAVANANSTPPPY
ENSP00000266671.5,PHLDA1,30.346,299,401,103,QQHLVQQQPPSQPQPQPQLQPQPQPQPQPQPQPQSQPQPQPQPKPQPQQLHPYPHPHPHPHSHPHSHPHPHPHPHPHQIPHPHPQPHSQPHGHRLLRSTSNSA
ENSP00000313059.6,WNK1,22.843,699,781,83,QAQSQPHGVYPPSSVAQGQSQGQPSSSSLTGVSSSQPIQHPQQQQGIQQTAPPQQTVQYSLSQTSTSSEATTAQPVSQPQAPQ
ENSP00000341024.5,SATB1,13.298,260,358,99,SQQGANHVNFGQQPVPGNTAEQPPSPAQLSHGSQPSVRTPLPNLHPGLVSTPISPQLVNQQLVMAQLLNQQYAVNRLLAQQSLNQQYLNHPPPVSRSMN
ENSP00000251968.3,TSG101,15.981,147,209,63,SASYPPYQATGPPNTSYMPGMPGGISPYPSGYPPNPSGYPGCPYPPGGPYPATTSSQYPSQPP
ENSP00000301067.7,KMT2D,147.338,3599,3994,396,QQQQQQQQQQQQQQHSAVLALSPSQSPRLLTKLPGQLLPGHGLQPPQGPPGGQAGGLRLTPGGMALPGQPGGPFLNTALAQQQQQQHSGGAGSLAGPSGGFFPGNLALRSLGPDSRLLQERQLQLQQQRMQLAQKLQQQQQQQQQQQHLLGQVAIQQQQQQGPGVQTNQALGPKPQGLMPPSSHQGLLVQQLSPQPPQGPQGMLGPAQVAVLQQQHPGALGPQGPHRQVLMTQSRVLSSPQLAQQGQGLMGHRLVTAQQQQQQQQHQQQGSMAGLSHLQQSLMSHSGQPKLSAQPMGSLQQLQQQQQLQQQQQLQQQQQQQLQQQQQLQQQQLQQQQQQQQLQQQQQQQLQQQQQQLQQQQQQQQQQFQQQQQQQQMGLLNQSRTLLSPQQQQQQQ
ENSP00000296444.2,SHISA5,17.488,158,233,76,PYPQPPSVPPSYPGPSYQGYHTMPPQPGMPAAPYPMQYPPPYPAQPMGPPAYHETLAGGAAAPYPASQPPYNPAYM
ENSP00000507462.1,ZNF384,47.886,492,574,83,QQQVQAAAAAAAVAQAQAQAQAQAQAQAQAQAQAQASQASQQQQQQQQQQQQQQQQPPPHFQSPGAAPQGGGGGDSNPNPPPQ
ENSP00000376309.2,HNRNPA3,58.659,207,378,172,MQSAGSQRGRGGGSGNFMGRGGNFGGGGGNFGRGGNFGGRGGYGGGGGGSRGSYGGGDGGYNGFGGDGGNYGGGPGYSSRGGYGGGGPGYGNQGGGYGGGGGYDGYNEGGNFGGGNYGGGGNYNDFGNYSGQQQSNYGPMKGGSFGGRSSGSPYGGGYGSGGGSGGYGSRRF
ENSP00000391723.2,PUM1,24.428,604,670,67,SANGAAGGLAGTTNGPFRPLGTQQPQPQPQQQPNNNLASSSFYGNNSLNSNSQSSSLFSQGSAQPAN
ENSP00000478901.1,LPP,18.682,227,347,121,SAQPSPHYMAAPSSGQIYGSGPQGYNTQPVPVSGQCPPPSTRGGMDYAYIPPPGLQPEPGYGYAPNQGRYYEGYYAAGPGYGGRNDSDPTYGQQGHPNTWKREPGYTPPGAGNQNPPGMYP
ENSP00000506922.1,ARPP21,72.391,483,811,329,NPHTGQPFVNPDGTPAIYNPPTSQQPLRSAMVGQSQQQPPQQQPSPQPQQQVQPPQPQMAGPLVTQSVQGLQASSQSVQYPAVSFPPQHLLPVSPTQHFPMRDDVATQFGQMTLSRQSSGETPEPPSGPVYPSSLMPQPAQQPSYVIASTGQQLPTGGFSGSGPPISQQVLQPPPSPQGFVQQPPPAQMPVYYYPSGQYPTSTTQQYRPMAPVQYNAQRSQQMPQAAQQAGYQPVLSGQQGFQGLIGVQQPPQSQNVINNQQGTPVQSVMVSYPTMSSYQVPMTQGSQGLPQQSYQQPIMLPNQAGQGSLPATGMPVYCNVTPPTPQNN
ENSP00000354543.2,TSC22D2,27.642,258,448,191,MSQPTPAQPQSFSVGQPQPPPPPVGGAVAQSSAPLPPFPGAATGPQPMMAAAQPSQPQGAGPGGQTLPPTNVTLAQPAMSLPPQPGPAVGAPAAQQPQQFAYPQPQIPPGHLLPVQPSGQSEYLQQHVAGLQPPSPAQPSSTGAAASPATAATLPVGTGQNASSVGAQLMGASSQPSEAMAPRTGPAQGGQ
ENSP00000359804.2,FUBP1,25.795,466,579,114,PGPHGPPGPPGPGTPMGPYNPAPYNPGPPGPAPHGPPAPYAPQGWGNAYPHWQQQAPPDPAKAGTDPNSAAWAAYYAHYYQQQAQPPPAAPAGAPTTTQTNGQGDQQNPAPAGQ
ENSP00000507778.1,BCL9L,31.111,763,881,119,PPMGPGNLNMNMNVNMNMNMNLNVQMTPQQQMLMSQKMRGPGDLMGPQGLSPEEMARVRAQNSSGVMGGPQKMLMPSQFPNQGQQGFSGGQGPYQAMSQDMGNTQDMFSPDQSSMPMSN
ENSP00000483453.1,SYNRG,20.927,1,116,116,MALRPGAGSGGGGAAGAGAGSAGGGGFMFPVAGGIRPPQAGLMPMQQQGFPMVSVMQPNMQGIMGMNYSSQMSQGPIAMQAGIPMGPMPAAGMPYLGQAPFLGMRPPGPQYTPDMQ
ENSP00000480291.1,HNF1B,14.773,426,513,88,NPQQSQNLIMTPLSGVMAIAQSLNTSQAQSVPVINSVAGSLAALQPVQFSQQLHSPHQQPLMQQSPGSHMAQQPFMAAVTQLQNSHMY
ENSP00000386759.3,SETD2,16.896,2266,2335,70,QGQNYSVWDSNQQSVSVQQQYSPAQSQATIYYQGQTCPTVYGVTSPYSQTTPPIVQSYAQPSLQYIQGQQ
ENSP00000362807.4,PEF1,34.396,1,114,114,MASYPYRQGCPGAAGQAPGAPPGSYYPGPPNSGGQYGSGLPPGGGYGGPAPGGPYGPPAGGGPYGHPNPGMFPSGTPGGPYGGAAPGGPYGQPPPSSYGAQQPGLYGQGGAPPN
ENSP00000355777.5,ACBD3,21.822,241,308,68,QQKQQIMAALNSQTAVQFQQYAAQQYPGNYEQQQILIRQLQEQHYQQYMQQLYQVQLAQQQAALQKQQ
ENSP00000361949.3,PABPC4,15.721,380,458,79,NQYMQRVAGMRALPANAILNQFQPAAGGYFVPAVPQAQGRPPYYTPNQLAQMRPNPRWQQGGRPQGFQGMPSAIRQSGP
ENSP00000474096.1,TAF15,61.481,1,152,152,MSDSGSYGQSGGEQQSYSTYGNPGSQGYGQASQSYSGYGQTTDSSYGQNYSGYSSYGQSQSGYSQSYGGYENQKQSSYSQQPYNNQGQQQNMESSGSQGGRAPSYDQPDYGQQDSYDQQSGYDQHQGSYDEQSNYDQQHDSYSQNQQSYHSQ
ENSP00000462419.1,FAM222B,13.522,147,225,79,PQAQALARQQALQHAQTLAHAPPQTLQHPQGIPPPQALSHPQSLQQPQGLGHPQPMAQTQGLVHPQALAHQGLQHPHNP
ENSP00000362918.3,YTHDF2,23.229,294,380,87,QNIGQPTQGSPQPVGQQANNSPPVAQASVGQQTQPLPPPPPQPAQLSVQQQAAQPTRWVAPRNRGSGFGHNGVDGNGVGQSQAGSGS
ENSP00000325377.3,WDR33,98.664,584,971,388,GPQPFPGQGPMSQIPQGFQQPHPSQQMPMNMAQMGPPGPQGQFRPPGPQGQMGPQGPPLHQGGGGPQGFMGPQGPQGPPQGLPRPQDMHGPQGMQRHPGPHGPLGPQGPPGPQGSSGPQGHMGPQGPPGPQGHIGPQGPPGPQGHLGPQGPPGTQGMQGPPGPRGMQGPPHPHGIQGGPGSQGIQGPVSQGPLMGLNPRGMQGPPGPRENQGPAPQGMIMGHPPQEMRGPHPPGGLLGHGPQEMRGPQEIRGMQGPPPQGSMLGPPQELRGPPGSQSQQGPPQGSLGPPPQGGMQGPPGPQGQQNPARGPHPSQGPIPFQQQKTPLLGDGPRAPFNQEGQSTGPPPLIPGLGQQGAQGRIPPLNPGQGPGPNKGDSRGPPNHHMGPMS
ENSP00000479674.2,SSBP3,43.675,103,326,224,GNIPPNDGMPGGPIPPGFFQGPPGSQPSPHAQPPPHNPSSMMGPHSQPFMSPRYAGGPRPPIRMGNQPPGGVPGTQPLLPNSMDPTRQQGHPNMGGSMQRMNPPRGMGPMGPGPQNYGSGMRPPPNSLGPAMPGINMGPGAGRPWPNPNSANSIPYSSSSPGTYVGPPGGGGPPGTPIMPSPADSTNSSDNIYTMINPVPPGGSRSNFPMGPGSDGPMGGMGGM
ENSP00000386456.3,AAK1,72.734,397,589,193,QPPPQAAGSSNQPGLLASVPQPKPQAPPSQPLPQTQAKQPQAPPTPQQTPSTQAQGLPAQAQATPQHQQQLFLKQQQQQQQPPPAQQQPAGTFYQQQQAQTQQFQAVHPATQKPAIAQFPVVSQGGSQQQLMQNFYQQQQQQQQQQQQQQLATALHQQQLMTQQAALQQKPTMAAGQQPQPQPAAAPQPAPAQ
ENSP00000361535.4,MED8,11.478,196,268,73,PSGSSGPGQAGQPGAGTILAGTSGLQQVQMAGAPSQQQPMLSGVQMAQAGQPGKMPSGIKTNIKSASMHPYQR
ENSP00000401371.2,TIA1,34.135,292,386,95,NPVQQQNQIGYPQPYGQWGQWYGNAQQIGQYMPNGWQVPAYGMYGQAWNQQGFNQTQSSAPWMGPNYGVQPPQGQNGSMLPNQPSGYRVAGYETQ
ENSP00000271628.8,SF3B4,21.281,258,397,140,PPAMPPPPMPPGAAGHGPPSAGTPGAGHPGHGHSHPHPFPPGGMPHPGMSQMQLAHHGPHGLGHPHAGPPGSGGQPPPRPPPGMPHPGPPPMGMPPRGPPFGSPMGHPGPMPPHGMRGPPPLMPPHGYTGPPRPPPYGYQ
ENSP00000506980.1,R3HDM1,64.854,488,878,391,NPQTGQPFINPDGSPVVYNPPMTQQPVRSQVPGPPQPPLPAPPQQPAANHIFSQPVHPLQSSSQPVQYSTAPYPSPFLPVSPTQQYSVQDNLGSQFSHMSLARQPSADGSDPHAAMFQSTVVLQSPQQSGYIMTAAPPPHPPPPPPPPPPPPPLPPGQPVPTAGYPASGHPVSQPVLQQQGYIQQPSPQMPACYCAPGHYHSSQPQYRPVPSVHYNSHLNQPLPQPAQQTGYQVIPNQQQNYQGIVGVQQPQSQSLVSGQPNSIGNQIQGVVIPYTSVPTYQVSLPQGSQGIPHQTYQQPVMFPNQSNQGSMPTTGMPVYYSVIPPGQQNNLSSSVGYLQHPGSEQVQFPRTTSPCSSQQLQGHQCTAGPPPPPGGGMVMMQLSVPNNPQS
ENSP00000240185.4,TARDBP,43.436,277,414,138,GGNPGGFGNQGGFGNSRGGGAGLGNNQGSNMGGGMNFGAFSINPAMMAAAQAALQSSWGMMGMLASQQNQSGPSGNNQNQGNMQREPNQAFGSGNNSYSGSNSGAAIGWGSASNAGSGSGFNGGFGSSMDSKSSGWGM
ENSP00000304405.6,HNRNPR,22.291,503,633,131,GGGRGGRGAPPPPRGRGAPPPRGRAGYSQRGAPLGPPRGSRGGRGGPAQQQRGRGSRGSRGNRGGNVGGKRKADGYNQPDSKRRQTNNQQNWGSQPIAQQPLQQGGDYSGNYGYNNDNQEFYQDTYGQQWK
ENSP00000384823.4,FBXO11,30.473,1,73,73,MNSVRAANRRPRRVSRPRPVQQQQQQPPQQPPPQPPQQQPPQQQPPPPPQQQQQQQPPPPPPPPPPLPQERNN
ENSP00000310301.6,SP3,18.414,350,486,137,QQNTNSLTTSSGQVHSSDLQGNYIQSPVSEETQAQNIQVSTAQPVVQHLQLQESQQPTSQAQIVQGITPQTIHGVQASGQNISQQALQNLQLQLNPGTFLIQAQTVTPSGQVTWQTFQVQGVQNLQNLQIQNTAAQQ
ENSP00000290583.4,CELF3,27.767,280,373,94,NGYSPVPTQPTGQPAPDALYPNGVHPYPAQSPAAPVDPLQQAYAGMQHYTAAYPAAYSLVAPAFPQPPALVAQQPPPPPQQQQQQQQQQQQQQQ
ENSP00000320940.5,NCOA1,68.388,988,1349,362,PNLYSQPYSSPSPTANLPSPFQGMVRQKPSLGTMPVQVTPPRGAFSPGMGMQPRQTLNRPPAAPNQLRLQLQQRLQGQQQLIHQNRQAILNQFAATAPVGINMRSGMQQQITPQPPLNAQMLAQRQRELYSQQHRQRQLIQQQRAMLMRQQSFGNNLPPSSGLPVQMGNPRLPQGAPQQFPYPPNYGTNPGTPPASTSPFSQLAANPEASLANRNSMVSRGMTGNIGGQFGTGINPQMQQNVFQYPGAGMVPQGEANFAPSLSPGSSMVPMPIPPPQSSLLQQTPPASGYQSPDMKAWQQGAIGNNNVFSQAVQNQPTPAQPGVYNNMSITVSMAGGNTNVQNMNPMMAQMQMSSLQMPGMN
ENSP00000349748.5,SFPQ,40.57,33,266,234,SPPPGMGLNQNRGPMGPGPGQSGPKPPIPPPPPHQQQQQPPPQQPPPQQPPPHQPPPHPQPHQQQQPPPPPQDSSKPVVAQGPGPAPGVGSAPPASSSAPPATPPTSGAPPGSGPGPTPTPPPAVTSAPPGAPPPTPPSSGVPTTPPQAGGPPPPPAAVPGPGPGPKQGPGPGGPKGGKMPGGPKPGGGPGLSTPGGHPKPPHRGGGEPRGGRQHHPPYHQQHHQGPPPGGPGG
ENSP00000495867.2,PRRC2C,13.522,2372,2446,75,QQQQNPQVYVSQSAAAQIPAFYMDTSHLFNTQHARLAPPSLAQQQGFQPGLSQPTSVQQIPIPIYAPLQGQHQAQ
ENSP00000234739.3,BCL9,20.411,1262,1426,165,QPQGPGPGFSHMQGMMGEQAPRMGLALPGMGGPGPVGTPDIPLGTAPSMPGHNPMRPPAFLQQGMMGPHHRMMSPAQSTMPGQPTLMSNPAAAVGMIPGKDRGPAGLYTHPGPVGSPGMMMSMQGMMGPQQNIMIPPQMRPRGMAADVGMGGFSQGPGNPGNMMF
ENSP00000507877.1,PHC2,19.248,30,167,138,NNSSSGGSGRPTGPQISVYSGIPDRQTVQVIQQALHRQPSTAAQYLQQMYAAQQQHLMLQTAALQQQHLSSAQLQSLAAVQQASLVSNRQGSTSGSNVSAQAPAQSSSINLAASPAAAQLLNRAQSVNSAAASGIAQQ
ENSP00000383274.2,EIF4G3,21.485,1,134,134,MNSQPQTRSPFFQRPQIQPPRATIPNSSPSIRPGAQTPTAVYQANQHIMMVNHLPMPYPVPQGPQYCIPQYRHSGPPYVGPPQQYPVQPPGPGPFYPGPGPGDFPNAYGTPFYPSQPVYQSAPIIVPTQQQPPP
ENSP00000380033.4,DDX17,29.226,614,731,118,GYANGSGYGSPNSAFGAQAGQYTYGQGTYGAAAYGTSSYTAQEYGAGTYGASSTTSTGRSSQSSSQQFSGIGRSGQQPQPLMSQQFAQPPGATNMIGYMGQTAYQYPPPPPPPPPSRK
ENSP00000488624.1,MYO15B,17.025,1839,1936,98,GPTQQGYPMVYPGMIQMPAYQPGMVPAPMPMMPAMGTVPAMPAMVVPPQPPLPSLDAGQLAVQQQNFIQQQALILAQQMTAQAMSLSLEQQMQQRQQQ
ENSP00000479285.1,SMAP2,39.804,267,424,158,YGSQTPQMPTQAMFMAPAQMAYPTAYPSFPGVTPPNSIMGSMMPPPVGMVAQPGASGMVAPMAMPAGYMGGMQASMMGVPNGMMTTQQAGYMAGMAAMPQTVYGVQPAQQLQWNLTQMTQQMAGMNFYGANGMMNYGQSMSGGNGQAANQTLSPQMWK