RowOrder,GeneID,Cluster
1,CENPC,Early
2,DMTF1,Early
3,F12,Early
4,GAL3ST3,Early
7,DHH,Early
8,DUOX1,Early
9,CTSV,Early
10,C1R,Early
14,FRMPD2,Early
15,CCL26,Early
16,AQP5,Early
18,CHRM5,Early
20,C22orf23,Early
21,FMR1,Early
22,ERP29,Early
23,FLJ20021,Early
24,GADL1,Early
25,C2orf15,Early
26,B3GAT2,Early
28,ALDH3A1,Early
30,ADD2,Early
31,BCR,Early
32,AK3,Early
33,ATP8B3,Early
35,FOXP4,Early
36,ELF1,Early
37,AFAP1L2,Early
38,BRD1,Early
40,DENND5B-AS1,Early
41,CHPT1,Early
42,CLMP,Early
43,FAM131C,Early
44,C16orf86,Early
45,FAM66C,Early
46,CASP8AP2,Early
47,CTDSPL2,Early
48,EBF4,Early
49,FKBP5,Early
50,FAM66D,Early
51,CCDC171,Early
52,FLT3,Early
53,CELSR2,Early
54,ARID1A,Early
55,CNFN,Early
56,CDK5RAP2,Early
57,FRMPD3,Early
58,C18orf54,Early
59,C5orf34,Early
60,ERICH6-AS1,Early
61,ABLIM1,Early
62,DPYSL2,Early
64,ATF7IP2,Early
65,BRF1,Early
66,CCDC24,Early
67,FBXO15,Early
68,FAM227B,Early
69,FN3K,Early
70,C2orf91,Early
71,DLGAP4-AS1,Early
72,CEP192,Early
73,DNAH6,Early
74,EML6,Early
75,ENTPD5,Early
77,CDYL,Early
78,FAF1,Early
80,AGAP1,Early
81,EVC,Early
83,DCLK2,Early
84,DAND5,Early
85,ATP13A4,Early
86,BOLA3-AS1,Early
87,CD27,Early
90,CCM2L,Early
92,CCDC73,Early
94,CCDC87,Early
95,ATG10,Early
96,CEP57L1,Early
97,ARL6IP6,Early
98,ESYT2,Early
99,CCDC134,Early
100,AIG1,Early
101,ATP2C1,Early
102,CDKAL1,Early
103,APBB2,Early
104,ARL13B,Early
105,DDX11-AS1,Early
106,CENPP,Early
107,C22orf15,Early
108,BCL11A,Early
109,BRI3BP,Early
110,CNTLN,Early
111,ALDH7A1,Early
112,CTNNAL1,Early
113,CASC15,Early
114,AKAP7,Early
115,CERK,Early
117,FAM66A,Early
119,CEACAM21,Early
120,CALCOCO2,Early
122,C2CD4C,Early
123,FAXC,Early
125,FAM167B,Early
131,AK5,Early
132,FAM27C,Early
133,FLG-AS1,Early
134,FAM163B,Early
135,DYDC1,Early
136,DYDC2,Early
137,AXDND1,Early
140,ASIC4,Early
141,CYP4F3,Early
142,C19orf33,Early
143,FAM71C,Early
145,ASAH2B,Early
146,CDK18,Early
148,ETFA,Early
149,AGPAT4,Early
150,CNTD1,Early
152,ALDH3B2,Early
153,ARHGAP28,Early
155,DPP9-AS1,Early
160,ACSS3,Early
161,AUTS2,Early
163,ABHD12,Early
164,BDH2,Early
166,FAM171B,Early
167,FSTL4,Early
168,ARID1B,Early
169,DZIP3,Early
170,CYB5RL,Early
172,CARS2,Early
173,FZD2,Early
174,ERO1B,Early
175,CNOT10,Early
176,DENND5B,Early
177,ABCB10,Early
178,CTPS2,Early
179,CAPRIN2,Early
180,CD200,Early
181,ACP6,Early
183,DENND6A,Early
185,FAM72A,Early
186,ASIC3,Early
187,GABRG1,Early
189,C9orf131,Early
190,FHL2,Early
192,ASPDH,Early
193,BHLHA15,Early
198,ACTR1B,Early
199,CBLN3,Early
200,B3GALT1,Early
201,CCDC6,Early
203,FBXO48,Early
204,C17orf67,Early
205,ANKRD62P1-PARP4P3,Early
206,AMOTL2,Early
208,DACT1,Early
209,C1QL1,Early
210,DIO2-AS1,Early
212,DCC,Early
213,FLRT3,Early
214,FLNC,Early
215,EPHA6,Early
216,ELFN1,Early
218,EFEMP1,Early
219,DDHD1,Early
220,FMN2,Early
221,DUSP1,Early
222,CYP26A1,Early
223,GALNT16,Early
224,ECI2,Early
225,FAM189A1,Early
226,CBLC,Early
227,FKBP1B,Early
228,BSPRY,Early
229,FAM90A1,Early
230,CHRFAM7A,Early
231,FAM3D,Early
234,FOXN3-AS2,Early
236,CLPSL1,Early
239,FOXA2,Early
241,CNR1,Early
242,CCDC136,Early
243,BCAM,Early
244,FBLN7,Early
245,CKB,Early
246,ARL10,Early
247,FIP1L1,Early
248,DHX36,Early
249,FOXJ3,Early
251,CHEK2,Early
252,BMX,Early
254,CARD11,Early
255,CHST6,Early
256,CLSTN1,Early
257,EFNA4,Early
258,ATL2,Early
259,ACADS,Early
261,CCDC88C,Early
263,CEP250,Early
264,EEFSEC,Early
265,EBPL,Early
266,AKAP6,Early
268,AQP1,Early
269,DTD1,Early
270,CNOT6,Early
271,ADNP2,Early
272,ANKRD35,Early
273,C3orf52,Early
274,BPHL,Early
275,ADCK5,Early
277,C17orf64,Early
283,EIF5A2,Early
285,CCDC39,Early
287,CDON,Early
288,CFDP1,Early
289,FOXK1,Early
290,FAM219A,Early
291,CAMSAP1,Early
292,CCDC184,Early
293,ELL3,Early
294,FOXP2,Early
295,BMP2,Early
296,ATF4,Early
297,CHST7,Early
298,DSTN,Early
299,DLG1,Early
300,FAM162A,Early
301,C4orf45,Early
303,FCRL1,Early
304,ETV5,Early
305,ENO2,Early
306,ACSBG1,Early
308,ANKRD27,Early
309,BNIP3,Early
312,CCDC3,Early
313,FGD5,Early
314,GAS1,Early
315,DGCR6,Early
316,C6orf163,Early
317,EIF4EBP1,Early
318,ACER2,Early
320,ACO1,Early
321,C3orf35,Early
322,FBXO36,Early
326,ARFGEF1,Early
327,BCL2L11,Early
328,ABCA12,Early
329,EIF2AK3,Early
330,ADGRB3,Early
331,CHN2,Early
333,EFL1,Early
334,DIRC3,Early
335,DIS3L,Early
336,EHMT2,Early
337,EFCAB7,Early
338,FOXO1,Early
339,FGF9,Early
340,CASD1,Early
341,CDAN1,Early
342,BRD3,Early
343,ANKRD10,Early
344,DVL2,Early
345,B4GAT1,Early
346,C12orf65,Early
347,DHRS11,Early
348,CCHCR1,Early
349,FAM178B,Early
350,ANO1,Early
351,CYB5A,Early
352,ACOT13,Early
353,CFAP36,Early
355,FRA10AC1,Early
357,FNDC5,Early
358,BAIAP2L2,Early
359,AFMID,Early
360,DLG2,Early
361,GAB1,Early
363,AASDH,Early
364,DHTKD1,Early
365,FBXO10,Early
366,CNIH3,Early
367,FAM76B,Early
368,ELMOD2,Early
369,CWF19L2,Early
370,DMGDH,Early
371,ALDH6A1,Early
373,CHL1,Early
378,CERKL,Early
380,CNNM3,Early
381,ETAA1,Early
382,BVES-AS1,Early
383,DENND2A,Early
384,DIP2C,Early
385,ACVR2B,Early
386,CEP290,Early
387,GALNT18,Early
388,DUBR,Early
389,BBS7,Early
390,ACVR2B-AS1,Early
391,AKR7A3,Early
392,CEP68,Early
393,DNTT,Early
394,ARPP21,Early
395,CASKIN1,Early
396,F2R,Early
397,DCLRE1B,Early
398,CHIC1,Early
399,CCDC106,Early
400,CTNNA3,Early
401,ARHGAP17,Early
403,FBXW7,Early
405,BBS5,Early
406,CDNF,Early
407,GALM,Early
408,AGBL5,Early
410,CD320,Early
411,FBXO21,Early
412,AGK,Early
413,CCDC85C,Early
414,FAM169A,Early
415,B4GALT6,Early
416,FAM171A2,Early
418,ATP9A,Early
419,FGD1,Early
420,ATP11C,Early
421,CCDC138,Early
422,DSG2,Early
423,FIGNL1,Early
424,CD24,Early
425,ALDH5A1,Early
426,DPYSL3,Early
427,ANKS6,Early
428,ABHD17B,Early
429,ERG,Early
431,AFF2,Early
432,B4GALNT4,Early
433,ASIC2,Early
434,GABPB1,Early
435,CTXN1,Early
436,DCAF16,Early
438,BAHCC1,Early
439,ENDOD1,Early
440,AKAP12,Early
441,DPYSL4,Early
442,CDH2,Early
444,CHAC2,Early
445,ARHGAP32,Early
446,CGREF1,Early
447,ERAP1,Early
448,EXOG,Early
450,CDK14,Early
451,ADAM22,Early
452,CFAP57,Early
453,EXTL2,Early
454,CAPSL,Early
455,CCL28,Early
456,FERMT1,Early
457,FAM110D,Early
458,C1orf159,Early
459,ETNK2,Early
460,CAND2,Early
461,ACBD7,Early
463,FLRT1,Early
464,DCPS,Early
465,CCDC61,Early
466,ADGRB2,Early
467,DNAAF3,Early
469,EDEM1,Early
470,FAAH,Early
472,ADTRP,Early
473,CD22,Early
474,FANCM,Early
475,EXOC3L2,Early
476,CLGN,Early
477,C14orf132,Early
478,ARHGAP44,Early
479,C11orf80,Early
480,AMOTL1,Early
481,ASAP2,Early
482,ASB12,Early
483,CBS,Early
485,FAM229B,Early
486,DENND6B,Early
487,ANKRD23,Early
488,ANKRD34A,Early
489,CYP4F12,Early
490,FAM53A,Early
491,DPY30,Early
492,CIB2,Early
493,CEP57,Early
494,CD72,Early
495,ANKRD36B,Early
496,CEP295,Early
497,GARNL3,Early
498,BTBD3,Early
499,AK7,Early
500,CD96,Early
501,BGN,Early
502,ELOVL2,Early
504,CNKSR2,Early
506,BCL11B,Early
507,EBF1,Early
508,FOXO6,Early
509,CACNB3,Early
510,CABLES2,Early
511,ANKS1B,Early
512,AMOT,Early
513,FAT1,Early
514,DLGAP2,Early
515,CDH4,Early
516,ESPN,Early
517,EML5,Early
519,ERVH48-1,Early
520,ANKRD36,Early
521,ADNP,Early
522,AIF1L,Early
523,EPB41L5,Early
524,C15orf32,Early
525,GAMT,Early
526,FRMPD1,Early
527,FAM27E3,Early
528,EVA1A,Early
529,AP1S3,Early
530,ANKRD36C,Early
532,FN3KRP,Early
533,ESR2,Early
536,ETV7,Early
537,FBXL16,Early
538,ECI1,Early
539,DACT3,Early
540,ALG6,Early
541,CCR7,Early
542,EIF2AK2,Early
543,DAB1,Early
544,FAM117B,Early
545,CEP95,Early
547,ANKRD9,Early
548,ASAP3,Early
551,CELF2-AS1,Early
553,C3orf56,Early
554,APOBEC2,Early
556,CD6,Early
558,CCDC68,Early
559,DTNB,Early
560,ARSK,Early
561,ADAMTS6,Early
562,ENTPD1-AS1,Early
563,EFHC1,Early
564,CCDC14,Early
565,ENPP3,Early
566,ECHDC2,Early
567,FAM221A,Early
568,BBX,Early
569,CEP120,Early
570,BLK,Early
571,BLNK,Early
572,ATPAF1,Early
573,ATP6V0E2,Early
574,FXYD7,Early
575,FUT2,Early
576,CASP6,Early
579,DALRD3,Early
580,GAS1RR,Early
581,DCBLD2,Early
582,ATP8A1,Early
583,FHOD3,Early
584,DAAM1,Early
585,EHBP1,Early
586,ATRNL1,Early
587,ABCD3,Early
588,GAN,Early
589,CDC14B,Early
590,CD2AP,Early
592,ANK2,Early
593,ATP10A,Early
594,ESPNL,Early
595,CHRNA7,Early
596,AMMECR1,Early
597,ATP1A2,Early
598,ADAMTS3,Early
601,EVPL,Early
603,CELF5,Early
604,ELOVL5,Early
605,EPHA3,Early
606,BASP1,Early
607,BCAT1,Early
608,DOC2A,Early
609,DNAJC6,Early
610,C16orf87,Early
611,DCHS2,Early
612,CLTCL1,Early
613,GACAT2,Early
614,C12orf77,Early
615,FAM184A,Early
616,FCRLA,Early
618,EYA4,Early
619,CDK6,Early
620,EXPH5,Early
621,CEBPZOS,Early
622,AMIGO1,Early
624,DPEP1,Early
625,FGFR2,Early
626,DPYSL5,Early
627,CYP2W1,Early
628,CHRNA1,Early
631,ATP2B2,Early
633,FAM3C,Early
634,BIK,Early
635,FRMD5,Early
636,ADCY5,Early
637,EPB41L4B,Early
638,GALNT2,Early
639,CYFIP2,Early
640,ERGIC1,Early
641,CHRDL1,Early
642,ASXL3,Early
644,CDC27,Early
645,DNM1P35,Early
646,ELOVL2-AS1,Early
649,GATA3,Early
650,C9orf116,Early
653,DPY19L2,Early
655,EBF3,Early
656,C1orf198,Early
657,CD48,Early
658,AKR1A1,Early
660,ASNS,Early
661,CALM3,Early
662,DIABLO,Early
663,CBARP,Early
664,FTCD,Early
668,EEF1A2,Early
669,DPP6,Early
670,BAZ1A,Early
671,FAM78B,Early
672,BVES,Early
673,FAM155B,Early
675,ATG9B,Early
676,CLCN2,Early
677,FBXO31,Early
678,CACNA1H,Early
679,DDX24,Early
680,CADM4,Early
681,CCNJ,Early
682,ARPP19,Early
683,DLL3,Early
684,FJX1,Early
685,DDN,Early
686,CNTN2,Early
687,DHX40,Early
688,CDK5R1,Early
689,CAMKV,Early
690,CDC42EP5,Early
691,C12orf66,Early
692,CACFD1,Early
693,FBXO44,Early
698,ACRV1,Early
699,DUSP4,Early
700,ADO,Early
701,CHRNB4,Early
702,ERAP2,Early
703,GALNT7,Early
704,EFNA2,Early
705,DOCK1,Early
706,ADCY1,Early
707,CWC27,Early
708,C1orf74,Early
709,C15orf62,Early
710,FXYD1,Early
711,AHI1,Early
712,ERI3,Early
713,CHD9,Early
714,DZANK1,Early
715,ALG9,Early
717,ENOSF1,Early
718,ACTR3B,Early
721,DKFZP434A062,Early
722,CHCHD6,Early
723,FGF13,Early
724,DIXDC1,Early
726,FMR1NB,Early
727,EXD1,Early
729,CCDC173,Early
730,ARL3,Early
731,CFAP45,Early
733,ECHDC3,Early
734,EFNB3,Early
735,DUSP9,Early
736,CDHR3,Early
738,ADRA2C,Early
739,BCAT2,Early
740,FBRSL1,Early
741,FCRL5,Early
742,ANKRD65,Early
744,BEST3,Early
745,CACNA1E,Early
746,FAM133B,Early
747,ADAM33,Early
748,C2orf88,Early
749,DNAJC21,Early
750,APLP1,Early
751,CHAT,Early
752,EXD2,Early
754,DPP7,Early
755,ERCC1,Early
759,CHPF,Early
760,DCDC1,Early
761,C7orf31,Early
763,ASIC1,Early
764,C3orf33,Early
765,ASAH2,Early
766,ABHD5,Early
767,DLC1,Early
768,DRAP1,Early
769,CAMK2N1,Early
770,AHNAK2,Early
771,ATF5,Early
772,CCDC25,Early
773,ECHDC1,Early
774,FAM20B,Early
776,EOGT,Early
780,CYP2E1,Early
781,CIART,Early
783,DDAH2,Early
785,DUSP15,Early
787,FGF5,Early
788,FDX1,Early
789,FCRLB,Early
790,GAREM2,Early
791,ADAM11,Early
792,CCDC187,Early
793,ANO9,Early
794,C19orf73,Early
798,EIF4B,Early
799,ARL5B,Early
800,FXR1,Early
801,ARGLU1,Early
802,EIF3E,Early
804,GABPA,Early
805,ARL6,Early
806,ANKRD16,Early
807,BTBD6,Early
809,C17orf50,Early
810,ANKRD62,Early
811,AMBP,Early
812,BAIAP3,Early
813,EPS8L1,Early
814,EDNRB-AS1,Early
816,CNTN4,Early
818,FCRL2,Early
819,DEXI,Early
820,CACNB2,Early
821,C10orf88,Early
822,EPHX4,Early
824,CBLL1,Early
827,CHRNB1,Early
830,ATL3,Early
831,BAMBI,Early
832,EFNB2,Early
834,ADARB2,Early
835,GALNTL6,Early
836,CACNG4,Early
837,FLJ16779,Early
838,C5orf38,Early
839,CALD1,Early
840,AXIN2,Early
841,AZI2,Early
842,ESAM,Early
843,CCDC85B,Early
844,DUSP16,Early
845,DESI2,Early
846,BCAR1,Early
847,ARHGAP29,Early
848,CBX1,Early
849,EPS8L2,Early
850,ENPP1,Early
851,CAMSAP3,Early
852,ACBD6,Early
853,FZD3,Early
854,DOCK3,Early
855,FGFR1,Early
856,DAG1,Early
857,AFAP1,Early
858,DTX1,Early
859,C5orf24,Early
860,CASC3,Early
861,FGFR4,Early
862,ELMOD1,Early
863,BPGM,Early
866,ANKRD49,Early
867,ALG10B,Early
868,DGKE,Early
869,CD9,Early
870,DDRGK1,Early
871,C10orf95,Early
873,ARL5A,Early
874,DDX6,Early
875,AGL,Early
876,DCP1A,Early
877,DUSP8,Early
879,FUT8-AS1,Early
880,CCDC182,Early
881,CCDC110,Early
882,AAMDC,Early
883,ADCY6,Early
884,CASP7,Early
885,BNC2,Early
886,ABCA3,Early
887,B3GAT1,Early
888,ACADSB,Early
889,ABCG2,Early
892,BPTF,Early
894,ARL4C,Early
895,CADM2,Early
896,APBA1,Early
897,CTC1,Early
898,CDKL3,Early
899,C22orf34,Early
900,AKAP9,Early
901,C1GALT1,Early
902,DOCK7,Early
904,C16orf96,Early
905,EDRF1-AS1,Early
906,ENTPD7,Early
907,FRG2C,Early
908,FAM149A,Early
909,C8orf34,Early
910,C2orf50,Early
911,C2CD2,Early
912,EPHA4,Early
913,DMD,Early
914,EEF2K,Early
915,APP,Early
916,CLIP3,EarlyInter
917,C17orf80,EarlyInter
919,C20orf96,EarlyInter
920,ATP2A1,EarlyInter
921,ELP2,EarlyInter
922,CCDC121,EarlyInter
924,AASS,EarlyInter
925,DPF1,EarlyInter
926,FAR2,EarlyInter
927,CEP126,EarlyInter
930,FAM220A,EarlyInter
931,C17orf75,EarlyInter
932,AP4M1,EarlyInter
933,CNTNAP1,EarlyInter
935,DRAXIN,EarlyInter
936,CAMLG,EarlyInter
937,BRD7,EarlyInter
938,DIRAS1,EarlyInter
939,ACAD9,EarlyInter
940,CNKSR1,EarlyInter
941,DYNC1H1,EarlyInter
943,ANAPC5,EarlyInter
944,FUNDC1,EarlyInter
945,DISP3,EarlyInter
947,EFNA1,EarlyInter
948,CDKN1B,EarlyInter
950,BTN3A2,EarlyInter
951,FBF1,EarlyInter
952,CCBE1,EarlyInter
955,ABCD2,EarlyInter
956,CCDC148,EarlyInter
957,DNAJC9-AS1,EarlyInter
958,CELF3,EarlyInter
959,ACD,EarlyInter
960,CDIP1,EarlyInter
962,ARHGEF17,EarlyInter
963,CMC2,EarlyInter
964,FANCC,EarlyInter
965,CASK,EarlyInter
966,APOLD1,EarlyInter
967,C1orf112,EarlyInter
968,DLEU7,EarlyInter
969,FAM184B,EarlyInter
970,C6orf136,EarlyInter
972,AZIN2,EarlyInter
973,EFCAB2,EarlyInter
974,CCNE1,EarlyInter
975,DONSON,EarlyInter
976,ARHGEF18,EarlyInter
979,CCNE2,EarlyInter
980,DNMT3B,EarlyInter
981,ASH2L,EarlyInter
982,AKNAD1,EarlyInter
983,CCT6B,EarlyInter
985,CDPF1,EarlyInter
987,ASB16,EarlyInter
988,CCDC81,EarlyInter
989,ANKMY1,EarlyInter
990,FAM222A,EarlyInter
993,FARS2,EarlyInter
994,CASC2,EarlyInter
995,C19orf44,EarlyInter
996,DLGAP3,EarlyInter
997,ANKRD54,EarlyInter
998,ALKBH2,EarlyInter
999,AMPD2,EarlyInter
1000,BRD2,EarlyInter
1001,ANGPTL2,EarlyInter
1003,DGCR8,EarlyInter
1004,ARHGEF10,EarlyInter
1005,DGKI,EarlyInter
1006,ANK1,EarlyInter
1007,DAGLB,EarlyInter
1008,CCDC102A,EarlyInter
1009,CIZ1,EarlyInter
1011,CD79A,EarlyInter
1012,FSIP1,EarlyInter
1013,C1orf109,EarlyInter
1014,FBN1,EarlyInter
1015,CCDC117,EarlyInter
1016,FAM216A,EarlyInter
1017,FANCE,EarlyInter
1018,BUD13,EarlyInter
1019,CAP2,EarlyInter
1020,CCP110,EarlyInter
1021,ARHGAP42,EarlyInter
1022,CEP83,EarlyInter
1023,CLN6,EarlyInter
1024,CUBN,EarlyInter
1025,CACNA2D4,EarlyInter
1026,AP3B2,EarlyInter
1027,AHCYL1,EarlyInter
1028,ADAMTSL2,EarlyInter
1029,CAPN13,EarlyInter
1030,ARID2,EarlyInter
1031,CTSG,EarlyInter
1032,ATXN10,EarlyInter
1033,ELP6,EarlyInter
1034,EPDR1,EarlyInter
1035,CHCHD3,EarlyInter
1036,ANAPC11,EarlyInter
1037,EEF2KMT,EarlyInter
1038,EXOSC8,EarlyInter
1039,CDKN2D,EarlyInter
1040,DYNC1I1,EarlyInter
1041,C2CD3,EarlyInter
1042,BAG6,EarlyInter
1043,BOLA3,EarlyInter
1044,FAU,EarlyInter
1045,DRG1,EarlyInter
1046,DPF2,EarlyInter
1047,DHPS,EarlyInter
1048,CCDC120,EarlyInter
1049,DTX3,EarlyInter
1050,C11orf1,EarlyInter
1051,APOBEC3F,EarlyInter
1053,CETN2,EarlyInter
1055,CHST5,EarlyInter
1056,CEBPA,EarlyInter
1057,EME1,EarlyInter
1060,DOCK10,EarlyInter
1061,CCDC74A,EarlyInter
1062,FBXO43,EarlyInter
1063,ERCC6L,EarlyInter
1064,DEK,EarlyInter
1065,EID2,EarlyInter
1066,CCDC150,EarlyInter
1067,DCK,EarlyInter
1068,BARD1,EarlyInter
1069,CENPJ,EarlyInter
1070,ASF1A,EarlyInter
1071,G2E3,EarlyInter
1072,EPB41,EarlyInter
1073,CARHSP1,EarlyInter
1074,CHAF1A,EarlyInter
1075,CHAF1B,EarlyInter
1076,DNA2,EarlyInter
1077,CENPM,EarlyInter
1079,EZH2,EarlyInter
1080,FAM111B,EarlyInter
1081,DSCC1,EarlyInter
1082,CEP152,EarlyInter
1083,DNMT1,EarlyInter
1084,BCOR,EarlyInter
1085,DHFR,EarlyInter
1086,E2F7,EarlyInter
1087,DSN1,EarlyInter
1088,DRP2,EarlyInter
1089,BRIP1,EarlyInter
1090,DIAPH3,EarlyInter
1091,CCDC77,EarlyInter
1094,FBLN1,EarlyInter
1095,GALNT12,EarlyInter
1096,BCL2,EarlyInter
1097,CD38,EarlyInter
1098,DDX11,EarlyInter
1099,AKR1B1,EarlyInter
1100,CEP131,EarlyInter
1101,ACYP1,EarlyInter
1102,CLNS1A,EarlyInter
1103,DNM1,EarlyInter
1105,FKBP10,EarlyInter
1106,C16orf95,EarlyInter
1107,AKR7A2,EarlyInter
1108,ATP6V0E2-AS1,EarlyInter
1109,ADCK2,EarlyInter
1110,DMC1,EarlyInter
1111,AGBL4,EarlyInter
1112,BOLA1,EarlyInter
1113,CD81-AS1,EarlyInter
1115,CCDC74B,EarlyInter
1116,EP300-AS1,EarlyInter
1117,C8orf88,EarlyInter
1118,CAPN9,EarlyInter
1119,ARTN,EarlyInter
1120,FLNB,EarlyInter
1121,DGCR5,EarlyInter
1123,CEP128,EarlyInter
1124,CDC6,EarlyInter
1125,FANCA,EarlyInter
1126,DCHS1,EarlyInter
1127,FAM120C,EarlyInter
1128,FANCG,EarlyInter
1129,CETN3,EarlyInter
1130,CDT1,EarlyInter
1131,CENPH,EarlyInter
1132,CEP97,EarlyInter
1133,ESCO2,EarlyInter
1134,ATAD5,EarlyInter
1135,DUT,EarlyInter
1136,FBXO5,EarlyInter
1137,CNN3,EarlyInter
1138,CHEK1,EarlyInter
1139,DEPDC1B,EarlyInter
1140,DTL,EarlyInter
1142,EXO1,EarlyInter
1143,CENPU,EarlyInter
1144,BRCA1,EarlyInter
1145,CDC45,EarlyInter
1146,CDCA8,EarlyInter
1147,AURKB,EarlyInter
1148,BUB1B,EarlyInter
1149,CENPO,EarlyInter
1150,FANCB,EarlyInter
1151,FEN1,EarlyInter
1152,CDCA5,EarlyInter
1153,ESPL1,EarlyInter
1154,CDCA2,EarlyInter
1155,DBF4B,EarlyInter
1156,CENPA,EarlyInter
1157,CENPN,EarlyInter
1158,BIRC5,EarlyInter
1160,ARHGAP11A,EarlyInter
1161,BUB1,EarlyInter
1162,CCNA2,EarlyInter
1163,CKAP2L,EarlyInter
1164,CEP55,EarlyInter
1165,CCNB2,EarlyInter
1166,FAM83D,EarlyInter
1167,CDCA3,EarlyInter
1168,CCNF,EarlyInter
1169,CBX3,EarlyInter
1170,CENPL,EarlyInter
1171,FAM81A,EarlyInter
1172,CDC7,EarlyInter
1173,BRCA2,EarlyInter
1175,CEP85,EarlyInter
1176,ANKRD39,EarlyInter
1177,ATXN2L,EarlyInter
1178,CDK2AP1,EarlyInter
1179,FKBP3,EarlyInter
1180,DBF4,EarlyInter
1181,ATG4D,EarlyInter
1182,ELAVL1,EarlyInter
1183,ANP32B,EarlyInter
1184,CDK2,EarlyInter
1185,CHTF18,EarlyInter
1186,CKS1B,EarlyInter
1187,ALYREF,EarlyInter
1188,BAZ1B,EarlyInter
1189,ANP32E,EarlyInter
1190,AUNIP,EarlyInter
1191,CDKN3,EarlyInter
1192,DEPDC1,EarlyInter
1193,CENPF,EarlyInter
1194,CKAP5,EarlyInter
1195,FAM72B,EarlyInter
1196,CXCR4,EarlyInter
1198,BORA,EarlyInter
1199,DLGAP5,EarlyInter
1200,ASPM,EarlyInter
1201,CDK1,EarlyInter
1202,CENPE,EarlyInter
1204,ECT2,EarlyInter
1205,CKAP2,EarlyInter
1206,ATP6V1B1-AS1,EarlyInter
1207,FIBP,EarlyInter
1208,FAM102A,EarlyInter
1209,EPHX2,EarlyInter
1210,ADCY3,EarlyInter
1211,ASXL1,EarlyInter
1212,C21orf58,EarlyInter
1213,FANCD2,EarlyInter
1214,FANCI,EarlyInter
1215,ATAD2,EarlyInter
1216,CIT,EarlyInter
1217,BLM,EarlyInter
1218,CDC25C,EarlyInter
1219,E2F8,EarlyInter
1221,CENPI,EarlyInter
1222,CCDC28B,EarlyInter
1223,CCDC122,EarlyInter
1224,EP400,EarlyInter
1225,CAMK4,EarlyInter
1226,FLT1,EarlyInter
1227,ALDH4A1,EarlyInter
1228,C7orf50,EarlyInter
1229,CLEC11A,EarlyInter
1230,GALNT14,EarlyInter
1231,BCAS4,EarlyInter
1232,ATP2A1-AS1,EarlyInter
1233,ABCB4,EarlyInter
1234,ACOT7,EarlyInter
1235,CEP72,EarlyInter
1236,CEP78,EarlyInter
1237,CCDC26,EarlyInter
1238,EPB41L2,EarlyInter
1239,E2F1,EarlyInter
1240,C4orf46,EarlyInter
1241,CACHD1,EarlyInter
1242,ALMS1,EarlyInter
1243,FANCL,EarlyInter
1244,FUT8,EarlyInter
1245,CMSS1,EarlyInter
1246,FKBP7,EarlyInter
1247,ANKRD13B,EarlyInter
1248,AGPAT5,EarlyInter
1249,CDCA7,EarlyInter
1250,CBX5,EarlyInter
1251,DDIAS,EarlyInter
1252,FSTL1,EarlyInter
1253,ACTL6A,EarlyInter
1254,CDC25A,EarlyInter
1255,ANP32A,EarlyInter
1256,CBX2,EarlyInter
1257,CENPW,EarlyInter
1258,CFAP20,EarlyInter
1259,C12orf57,EarlyInter
1260,ALG10,EarlyInter
1261,E2F2,EarlyInter
1262,C9orf40,EarlyInter
1263,CCDC34,EarlyInter
1264,BTG3,EarlyInter
1265,CGN,EarlyInter
1266,FAHD2B,EarlyInter
1267,BCL9,EarlyInter
1268,ADGRA3,EarlyInter
1269,ARNT2,EarlyInter
1270,ACAT1,EarlyInter
1271,FPGS,EarlyInter
1272,ADAMTS7,EarlyInter
1273,FAM171A1,EarlyInter
1274,BUB3,EarlyInter
1275,EIF2AK1,EarlyInter
1276,BTBD2,EarlyInter
1277,AEBP1,EarlyInter
1279,FAM89B,EarlyInter
1280,CCDC167,EarlyInter
1281,ABRACL,EarlyInter
1282,CD79B,EarlyInter
1283,CCDC78,EarlyInter
1284,C1orf35,EarlyInter
1286,ENAH,EarlyInter
1287,ABCB9,EarlyInter
1288,CHD1L,EarlyInter
1290,DUS4L,EarlyInter
1291,GAREM1,EarlyInter
1292,ELOVL6,EarlyInter
1293,CCDC168,EarlyInter
1294,DGKH,EarlyInter
1295,FOXP4-AS1,EarlyInter
1296,FAIM,EarlyInter
1297,EIF4E,EarlyInter
1298,C5orf63,EarlyInter
1299,CEP112,EarlyInter
1300,CEP70,EarlyInter
1301,C4orf48,EarlyInter
1302,B4GALNT3,EarlyInter
1303,CASZ1,EarlyInter
1304,CASKIN2,EarlyInter
1305,ANTXR1,EarlyInter
1306,ANKRD33B,EarlyInter
1307,AJUBA,EarlyInter
1308,BCL7A,EarlyInter
1309,BIN1,EarlyInter
1310,CDH24,EarlyInter
1311,BLACE,EarlyInter
1312,FAM227A,EarlyInter
1314,BBOF1,EarlyInter
1315,C14orf93,EarlyInter
1316,AADAT,EarlyInter
1317,DPH5,EarlyInter
1318,ARL9,EarlyInter
1319,ARMC1,EarlyInter
1320,ADA,EarlyInter
1321,CDCA7L,EarlyInter
1322,DYRK3,EarlyInter
1323,EXOSC9,EarlyInter
1324,ATP1A3,EarlyInter
1325,BEND6,EarlyInter
1326,CLEC14A,EarlyInter
1327,ARVCF,EarlyInter
1328,CHRNA5,EarlyInter
1329,ALDH18A1,EarlyInter
1330,ENOPH1,EarlyInter
1331,E2F5,EarlyInter
1332,BAG2,EarlyInter
1333,FOXRED2,EarlyInter
1334,ESD,EarlyInter
1335,FIRRE,EarlyInter
1336,BCKDHB,EarlyInter
1337,FAM161A,EarlyInter
1338,DLEU1,EarlyInter
1339,DOT1L,EarlyInter
1340,FOXK2,EarlyInter
1341,FOXRED1,EarlyInter
1343,CHSY1,EarlyInter
1344,BAIAP2L1,EarlyInter
1345,FAM98B,EarlyInter
1346,CDR2,EarlyInter
1347,CACNA2D2,EarlyInter
1348,CDK11B,EarlyInter
1349,CEP76,EarlyInter
1350,AGBL3,EarlyInter
1351,CDKN2AIP,EarlyInter
1352,APOBEC3D,EarlyInter
1353,CAND1,EarlyInter
1354,CTCF,EarlyInter
1355,DDX50,EarlyInter
1356,DHRS13,EarlyInter
1357,DNAAF2,EarlyInter
1358,GALNT15,EarlyInter
1359,FAM83E,EarlyInter
1360,AK6,EarlyInter
1363,CASP3,EarlyInter
1364,EIF3F,EarlyInter
1365,ARHGEF25,EarlyInter
1366,DCAF17,EarlyInter
1367,CENPV,EarlyInter
1368,CYP2U1,EarlyInter
1369,CHD1,EarlyInter
1370,ALKBH8,EarlyInter
1371,AARS2,EarlyInter
1372,CDC23,EarlyInter
1373,CSTF2,EarlyInter
1375,DDX1,EarlyInter
1376,C15orf61,EarlyInter
1377,CEBPZ,EarlyInter
1378,FKBP4,EarlyInter
1379,G3BP1,EarlyInter
1380,EMC4,EarlyInter
1381,C18orf21,EarlyInter
1382,CHD7,EarlyInter
1383,DTD2,EarlyInter
1384,BCAS2,EarlyInter
1386,AP3M2,EarlyInter
1388,FAM217B,EarlyInter
1389,FAHD2A,EarlyInter
1390,CSTF2T,EarlyInter
1391,AMER1,EarlyInter
1392,ACP1,EarlyInter
1394,CACYBP,EarlyInter
1397,AKAP1,EarlyInter
1399,C12orf73,EarlyInter
1400,FUBP1,EarlyInter
1401,BTF3,EarlyInter
1402,CHD4,EarlyInter
1403,FGFRL1,EarlyInter
1404,ESF1,EarlyInter
1405,BMS1,EarlyInter
1406,BSG,EarlyInter
1408,F2RL3,EarlyInter
1409,DDX18,EarlyInter
1410,DOK3,EarlyInter
1411,GAS8,EarlyInter
1412,DYRK2,EarlyInter
1413,CCDC59,EarlyInter
1414,BMP4,EarlyInter
1415,FKTN,EarlyInter
1417,BCS1L,EarlyInter
1419,EIF3H,EarlyInter
1420,EIF5,EarlyInter
1421,CEBPG,EarlyInter
1422,DYNLL2,EarlyInter
1423,C7orf26,EarlyInter
1424,ENY2,EarlyInter
1426,DEPDC1-AS1,EarlyInter
1427,CFAP43,EarlyInter
1428,EXO5,EarlyInter
1429,FAAP24,EarlyInter
1430,CCNT1,EarlyInter
1431,EEF1G,EarlyInter
1432,G3BP2,EarlyInter
1433,AP3M1,EarlyInter
1434,EMG1,EarlyInter
1435,CHORDC1,EarlyInter
1436,DHX37,EarlyInter
1437,DNTTIP2,EarlyInter
1438,ATP6V0A2,EarlyInter
1439,C9orf78,EarlyInter
1440,DNAJA1,EarlyInter
1441,EXOSC10,EarlyInter
1442,BCCIP,EarlyInter
1443,API5,EarlyInter
1444,CNOT7,EarlyInter
1445,EIF2A,EarlyInter
1446,EIF3A,EarlyInter
1448,AASDHPPT,EarlyInter
1450,CTBP1,EarlyInter
1451,EEF1B2,EarlyInter
1452,EARS2,EarlyInter
1454,EIF3J,EarlyInter
1455,B3GALT6,EarlyInter
1456,FLJ12825,EarlyInter
1458,FZR1,EarlyInter
1459,CUL7,EarlyInter
1462,DCTN3,EarlyInter
1465,ACY3,EarlyInter
1466,CDC25B,EarlyInter
1467,FZD4,EarlyInter
1468,DDX25,EarlyInter
1470,ANKRD61,EarlyInter
1471,AP4B1-AS1,EarlyInter
1472,CAGE1,EarlyInter
1473,FAM86B2,EarlyInter
1474,ARL16,EarlyInter
1476,EIF1B,EarlyInter
1477,CGGBP1,EarlyInter
1478,FAM72D,EarlyInter
1479,CUL1,EarlyInter
1480,DGCR6L,EarlyInter
1481,F8A1,EarlyInter
1482,CDK9,EarlyInter
1483,CD19,EarlyInter
1484,BLMH,EarlyInter
1485,BEND4,EarlyInter
1486,DNAJC9,EarlyInter
1487,FH,EarlyInter
1488,DTYMK,EarlyInter
1489,CEP41,EarlyInter
1490,CNOT1,EarlyInter
1491,CDCA4,EarlyInter
1492,ARHGAP33,EarlyInter
1493,DHX30,EarlyInter
1494,DCXR,EarlyInter
1495,EDC4,EarlyInter
1496,APEX1,EarlyInter
1498,CCND3,EarlyInter
1499,CACNA1A,EarlyInter
1500,DARS2,EarlyInter
1501,ATRIP,EarlyInter
1503,ADAT1,EarlyInter
1504,CDC20,EarlyInter
1505,AURKA,EarlyInter
1506,CCNB1,EarlyInter
1507,DDX39A,EarlyInter
1508,DUSP28,EarlyInter
1509,ATAT1,EarlyInter
1510,CKS2,EarlyInter
1511,ADSL,EarlyInter
1512,EXOSC2,EarlyInter
1513,FLAD1,EarlyInter
1514,DLAT,EarlyInter
1515,DDX51,EarlyInter
1516,CCT6A,EarlyInter
1517,ANKLE1,EarlyInter
1518,DDX23,EarlyInter
1519,DDX20,EarlyInter
1520,C11orf95,EarlyInter
1521,CCNB1IP1,EarlyInter
1522,BRSK1,EarlyInter
1523,FANCF,EarlyInter
1524,EXOSC3,EarlyInter
1525,CAD,EarlyInter
1526,BEND3,EarlyInter
1527,CDKN2AIPNL,EarlyInter
1528,DHX33,EarlyInter
1529,CYB5D1,EarlyInter
1530,BRIX1,EarlyInter
1532,CAPRIN1,EarlyInter
1533,DDX46,EarlyInter
1534,DDX55,EarlyInter
1535,DANCR,EarlyInter
1536,ANAPC1,EarlyInter
1537,CTPS1,EarlyInter
1538,DBN1,EarlyInter
1539,FSD1,EarlyInter
1540,DHX15,EarlyInter
1541,CCAR1,EarlyInter
1542,DHODH,EarlyInter
1543,FAM86B1,EarlyInter
1544,DDX10,EarlyInter
1545,FKBP11,EarlyInter
1546,B4GALT2,EarlyInter
1547,C12orf29,EarlyInter
1549,AMN,EarlyInter
1550,BRMS1L,EarlyInter
1551,ACTR5,EarlyInter
1552,DNLZ,EarlyInter
1553,ADAT2,EarlyInter
1554,DECR2,EarlyInter
1555,FAM104B,EarlyInter
1556,ECSIT,EarlyInter
1557,ALG3,EarlyInter
1558,C8orf33,EarlyInter
1559,DDR2,EarlyInter
1561,EXOC3-AS1,EarlyInter
1563,CCDC157,EarlyInter
1564,CNOT3,EarlyInter
1565,FBXO45,EarlyInter
1566,C17orf58,EarlyInter
1567,C6orf58,EarlyInter
1568,CHERP,EarlyInter
1569,CDK4,EarlyInter
1570,ANAPC7,EarlyInter
1571,ERH,EarlyInter
1572,DCTPP1,EarlyInter
1573,FUS,EarlyInter
1574,APBA2,EarlyInter
1575,FARSB,EarlyInter
1576,CCT8,EarlyInter
1577,CCT2,EarlyInter
1578,FABP5,EarlyInter
1579,FBL,EarlyInter
1580,CCT5,EarlyInter
1581,GART,EarlyInter
1582,C1QBP,EarlyInter
1583,C2orf69,EarlyInter
1584,CCT7,EarlyInter
1585,CHCHD2,EarlyInter
1586,CCT4,EarlyInter
1589,CENPT,EarlyInter
1590,ELP5,EarlyInter
1593,DDX31,EarlyInter
1594,DNAJA3,EarlyInter
1595,FARSA,EarlyInter
1596,EMD,EarlyInter
1597,CCDC86,EarlyInter
1598,FTSJ3,EarlyInter
1599,DDX47,EarlyInter
1600,DHX9,EarlyInter
1601,EIF3B,EarlyInter
1602,GAR1,EarlyInter
1603,DKC1,EarlyInter
1605,ABCE1,EarlyInter
1606,EIF3M,EarlyInter
1607,CCDC43,EarlyInter
1608,CCT3,EarlyInter
1609,BOP1,EarlyInter
1610,DNAAF5,EarlyInter
1611,DNAH17-AS1,EarlyInter
1612,FBXL19,EarlyInter
1613,ATP8B2,EarlyInter
1615,DDX41,EarlyInter
1616,DUS1L,EarlyInter
1617,ABCF2,EarlyInter
1618,DPH2,EarlyInter
1619,DDX28,EarlyInter
1620,EIF1AD,EarlyInter
1621,ADH5,EarlyInter
1622,BAP1,EarlyInter
1623,DDB1,EarlyInter
1625,DNAJC14,EarlyInter
1626,CLUH,EarlyInter
1628,CCAR2,EarlyInter
1629,CISD1,EarlyInter
1630,FEM1A,EarlyInter
1631,EZR,EarlyInter
1632,EWSR1,EarlyInter
1635,ATIC,EarlyInter
1636,AHSA1,EarlyInter
1637,FTSJ1,EarlyInter
1638,DCAF13,EarlyInter
1639,DDX54,EarlyInter
1640,CHRAC1,EarlyInter
1641,DOLPP1,EarlyInter
1642,EIF4H,EarlyInter
1643,EIF2B2,EarlyInter
1644,DFFA,EarlyInter
1645,BTBD1,EarlyInter
1646,CNKSR3,EarlyInter
1647,DNAJC11,EarlyInter
1648,EIF3I,EarlyInter
1649,EIF5A,EarlyInter
1650,DNAJC8,EarlyInter
1651,APRT,EarlyInter
1652,C19orf53,EarlyInter
1653,DHCR7,EarlyInter
1654,ATXN7L3B,EarlyInter
1655,CACNB1,EarlyInter
1656,C16orf91,EarlyInter
1657,FDXACB1,EarlyInter
1658,DUSP2,EarlyInter
1659,ATAD3A,EarlyInter
1660,ALDH1B1,EarlyInter
1661,AHCY,EarlyInter
1662,CCDC124,EarlyInter
1663,CFAP97,EarlyInter
1664,BZW2,EarlyInter
1665,EIF1AX,EarlyInter
1666,DIMT1,EarlyInter
1667,CWC15,EarlyInter
1668,DNAJC2,EarlyInter
1669,FAM136A,EarlyInter
1670,FAM98A,EarlyInter
1671,EIF2S1,EarlyInter
1672,DDX21,EarlyInter
1673,EBNA1BP2,EarlyInter
1674,CYCS,EarlyInter
1675,EIF4G2,EarlyInter
1676,BRMS1,EarlyInter
1677,ELAC2,EarlyInter
1678,FGF11,EarlyInter
1679,CCDC137,EarlyInter
1680,DCAF4,EarlyInter
1681,CHCHD1,EarlyInter
1682,EDF1,EarlyInter
1683,CLPP,EarlyInter
1684,FADS1,EarlyInter
1685,EIF2S2,EarlyInter
1686,ARL6IP4,EarlyInter
1687,CBR1,EarlyInter
1688,BUD31,EarlyInter
1690,CLEC18B,EarlyInter
1691,C1orf115,EarlyInter
1692,EIF3G,EarlyInter
1693,CDC34,EarlyInter
1694,C5orf51,EarlyInter
1695,CHAMP1,EarlyInter
1696,DDX42,EarlyInter
1697,DYNLL1,EarlyInter
1698,ACLY,EarlyInter
1700,DAZAP1,EarlyInter
1701,FASN,EarlyInter
1703,ANKLE2,EarlyInter
1705,FDPS,EarlyInter
1706,EBP,EarlyInter
1707,BRD4,EarlyInter
1708,DPP3,EarlyInter
1709,FBXL13,EarlyInter
1711,CYB5B,EarlyInter
1712,ACACA,EarlyInter
1714,EID1,EarlyInter
1715,CDH15,EarlyInter
1717,CARM1,EarlyInter
1718,CLPTM1L,EarlyInter
1719,AEN,EarlyInter
1720,AIFM1,EarlyInter
1721,AP2B1,EarlyInter
1722,EIF2B3,EarlyInter
1723,AVEN,EarlyInter
1724,FKBPL,EarlyInter
1725,FXN,EarlyInter
1726,ALG8,EarlyInter
1727,CUTA,EarlyInter
1728,C12orf45,EarlyInter
1729,ABCB6,EarlyInter
1730,ABCC4,EarlyInter
1731,GADD45GIP1,EarlyInter
1732,ENDOG,EarlyInter
1733,FLVCR1,EarlyInter
1734,EIF5B,EarlyInter
1735,ABCF1,EarlyInter
1736,EMC6,EarlyInter
1737,CARNMT1,EarlyInter
1738,CDK16,EarlyInter
1740,DDHD2,EarlyInter
1741,CHN1,EarlyInter
1742,ADARB1,EarlyInter
1744,FBXW8,EarlyInter
1745,FAM207A,EarlyInter
1747,ENSA,EarlyInter
1748,FDFT1,EarlyInter
1749,ADGRL1,EarlyInter
1750,EIF5AL1,EarlyInter
1751,ERCC8,EarlyInter
1752,DNAJC30,EarlyInter
1754,BICD1,EarlyInter
1756,CCDC38,EarlyInter
1757,CTTN,EarlyInter
1758,DDTL,EarlyInter
1759,CCER2,EarlyInter
1760,CDC42BPG,EarlyInter
1761,FIZ1,EarlyInter
1763,B3GLCT,EarlyInter
1764,DLG3,EarlyInter
1765,ARHGEF39,EarlyInter
1766,ATP6V1E2,EarlyInter
1767,BDH1,EarlyInter
1768,ACAA2,EarlyInter
1769,FOXM1,EarlyInter
1770,ANLN,EarlyInter
1772,DROSHA,EarlyInter
1773,CENPK,EarlyInter
1774,CLSPN,EarlyInter
1775,ACAT2,EarlyInter
1776,AGAP2,EarlyInter
1777,FHL1,EarlyInter
1778,C21orf91,EarlyInter
1779,CHCHD4,EarlyInter
1780,AIP,EarlyInter
1781,CYTH2,EarlyInter
1782,GANAB,EarlyInter
1783,AK2,EarlyInter
1784,DNAJC18,EarlyInter
1785,BANF1,EarlyInter
1786,ETV4,EarlyInter
1788,ERAL1,EarlyInter
1789,APOBEC3G,EarlyInter
1790,BCL2L12,EarlyInter
1791,FAM189B,EarlyInter
1793,DCAF15,EarlyInter
1794,DLG5,EarlyInter
1795,FSCN1,EarlyInter
1796,CHRNA10,EarlyInter
1798,ANAPC15,EarlyInter
1800,CUEDC2,EarlyInter
1801,ACAP3,EarlyInter
1802,GAL3ST4,EarlyInter
1803,FAM72C,EarlyInter
1804,BRAT1,EarlyInter
1807,ATXN7L2,EarlyInter
1808,EXOSC5,EarlyInter
1809,BYSL,EarlyInter
1810,DUSP12,EarlyInter
1811,C1orf131,EarlyInter
1812,EHD1,EarlyInter
1813,CNPY2,EarlyInter
1814,DDX49,EarlyInter
1815,DAXX,EarlyInter
1816,EPHB4,EarlyInter
1817,EIF2S3,EarlyInter
1818,CAMKK2,EarlyInter
1819,BAALC-AS1,EarlyInter
1820,ATAD3B,EarlyInter
1821,AIMP2,EarlyInter
1822,CTU2,EarlyInter
1823,DUSP14,EarlyInter
1824,EIF2B5,EarlyInter
1825,DUS3L,EarlyInter
1826,AQR,EarlyInter
1827,ARPC5L,EarlyInter
1828,ADAR,EarlyInter
1829,ARFGAP3,EarlyInter
1830,ABT1,EarlyInter
1831,ARMC6,EarlyInter
1832,C12orf43,EarlyInter
1833,CIAPIN1,EarlyInter
1834,EI24,EarlyInter
1835,DOLK,EarlyInter
1836,CSTF3,EarlyInter
1837,EIF3K,EarlyInter
1838,ADRM1,EarlyInter
1839,DHX38,EarlyInter
1840,DDX56,EarlyInter
1842,CLP1,EarlyInter
1843,ANKRD40,EarlyInter
1844,CLK2,EarlyInter
1845,CD2BP2,EarlyInter
1846,ETF1,EarlyInter
1849,ELOVL7,EarlyInter
1850,ADM5,EarlyInter
1852,EMC8,EarlyInter
1853,CXXC1,EarlyInter
1854,E4F1,EarlyInter
1855,EIF4EBP2,EarlyInter
1856,CNIH1,EarlyInter
1857,ATP6V1G1,EarlyInter
1858,ANKRD52,EarlyInter
1859,ECHS1,EarlyInter
1860,EIF4G1,EarlyInter
1861,DAP3,EarlyInter
1862,CDC123,EarlyInter
1863,ENO1,EarlyInter
1865,AURKAIP1,EarlyInter
1866,CYC1,EarlyInter
1868,GAPDH,EarlyInter
1869,EIF6,EarlyInter
1870,CYB5R3,EarlyInter
1871,DDA1,EarlyInter
1873,CUL4A,EarlyInter
1874,AHCTF1,EarlyInter
1876,ADPRM,Inter1
1877,DVL3,Inter1
1878,C9orf153,Inter1
1879,CISD2,Inter1
1880,EPM2AIP1,Inter1
1881,EFR3B,Inter1
1883,AMH,Inter1
1884,C19orf84,Inter1
1885,DGKD,Inter1
1886,CMTR1,Inter1
1887,DEAF1,Inter1
1888,ABCC2,Inter1
1889,ASPN,Inter1
1890,ANKRD7,Inter1
1891,ADGRF3,Inter1
1892,C22orf24,Inter1
1893,CCDC183-AS1,Inter1
1894,EIF2D,Inter1
1895,AKAP5,Inter1
1896,CTBP1-AS,Inter1
1897,CECR3,Inter1
1898,DDR1,Inter1
1899,FGF6,Inter1
1900,ALPK2,Inter1
1901,ABCC8,Inter1
1904,ESRP2,Inter1
1905,CDRT1,Inter1
1906,CYGB,Inter1
1910,C5orf22,Inter1
1911,CCDC154,Inter1
1912,FAM76A,Inter1
1913,DNAJC19,Inter1
1914,BAAT,Inter1
1916,FAN1,Inter1
1917,CAPN14,Inter1
1919,GAS2,Inter1
1920,CLVS1,Inter1
1921,AOC3,Inter1
1922,CCL25,Inter1
1923,ATN1,Inter1
1924,DCUN1D2,Inter1
1925,EIF4A2,Inter1
1926,EEF1A1,Inter1
1928,CIPC,Inter1
1929,CDADC1,Inter1
1930,GAS5,Inter1
1931,EPB41L4A-AS1,Inter1
1932,EDRF1,Inter1
1933,EEF1D,Inter1
1934,CYB5R2,Inter1
1936,BAALC,Inter1
1937,CCDC42,Inter1
1938,FAM234B,Inter1
1939,DNAL1,Inter1
1940,C9orf24,Inter1
1943,EIF2B1,Inter1
1944,CCDC66,Inter1
1945,DRICH1,Inter1
1946,ADAL,Inter1
1947,BBS1,Inter1
1948,AFAP1L1,Inter1
1949,CHRNA9,Inter1
1951,ACR,Inter1
1952,ABHD15,Inter1
1953,CALR3,Inter1
1961,ANKRD31,Inter1
1963,B3GALNT2,Inter1
1967,DPH1,Inter1
1968,FSTL3,Inter1
1969,ANGPT2,Inter1
1970,CILP,Inter1
1971,CEP89,Inter1
1972,CYP46A1,Inter1
1973,CDH3,Inter1
1977,BDKRB2,Inter1
1978,C1orf226,Inter1
1980,C1S,Inter1
1981,CAMK2B,Inter1
1983,BEND2,Inter1
1985,EFNB1,Inter1
1986,CIB4,Inter1
1987,C16orf89,Inter1
1988,FGF17,Inter1
1989,FZD8,Inter1
1990,GALNT1,Inter1
1992,DDX27,Inter1
1993,BRD9,Inter1
1994,CYP27B1,Inter1
1995,EMC1,Inter1
1996,CDC5L,Inter1
1997,FCF1,Inter1
1998,BCL6B,Inter1
1999,DCDC2C,Inter1
2000,CXCL9,Inter1
2001,CBX4,Inter1
2003,EGR3,Inter1
2004,DNPEP,Inter1
2005,EIF3D,Inter1
2007,C1orf43,Inter1
2008,ADAM29,Inter1
2009,APOD,Inter1
2010,EML1,Inter1
2011,ACSL6,Inter1
2013,CLUAP1,Inter1
2015,ERBB3,Inter1
2016,ADAMTS18,Inter1
2018,C10orf55,Inter1
2020,CHRNA3,Inter1
2022,FAM83F,Inter1
2023,EGLN3,Inter1
2024,FBXO40,Inter1
2025,CYP27C1,Inter1
2027,CXCR5,Inter1
2029,CCDC40,Inter1
2030,CYP27A1,Inter1
2031,APBA3,Inter1
2032,DHX8,Inter1
2033,ENKD1,Inter1
2034,EIF2B4,Inter1
2039,FABP2,Inter1
2041,DNAH14,Inter1
2042,FSD2,Inter1
2044,FOXE3,Inter1
2048,C6orf226,Inter1
2049,FBLIM1,Inter1
2056,DLG5-AS1,Inter1
2057,CFAP52,Inter1
2059,CITED1,Inter1
2060,BRF2,Inter1
2061,ACCS,Inter1
2063,FAM229A,Inter1
2064,FAM209B,Inter1
2066,BNIPL,Inter1
2067,DIO2,Inter1
2068,ASTE1,Inter1
2069,BAD,Inter1
2072,DNM3,Inter1
2073,DMAP1,Inter1
2074,ATG2A,Inter1
2076,ASTL,Inter1
2077,ERCC3,Inter1
2078,BTG1,Inter1
2079,BSDC1,Inter1
2080,CCNL2,Inter1
2081,DBR1,Inter1
2084,ACIN1,Inter1
2085,ACTR6,Inter1
2086,BET1,Inter1
2087,GADD45B,Inter1
2088,ARMCX1,Inter1
2089,ERCC6L2,Inter1
2097,ABALON,Inter1
2098,CCNT2,Inter1
2099,ESR1,Inter1
2101,GALT,Inter1
2103,CA11,Inter1
2104,EID2B,Inter1
2110,CA12,Inter1
2113,C5orf58,Inter1
2114,CYP51A1-AS1,Inter1
2116,ANAPC13,Inter1
2117,DND1,Inter1
2119,ALPL,Inter1
2123,ADGRG2,Inter1
2125,CLDN19,Inter1
2126,C11orf91,Inter1
2127,AANAT,Inter1
2130,BOLA2B,Inter1
2134,C1orf189,Inter1
2135,DAPK3,Inter1
2137,AAAS,Inter1
2138,AMZ1,Inter1
2143,DHX16,Inter1
2144,DUS2,Inter1
2145,EPHB1,Inter1
2147,C12orf50,Inter1
2148,CNDP1,Inter1
2149,DUOX2,Inter1
2150,GABRD,Inter1
2152,DNAAF1,Inter1
2153,DUSP26,Inter1
2155,CADM1,Inter1
2159,AKR1D1,Inter1
2160,FRRS1L,Inter1
2166,APLN,Inter1
2167,CCDC102B,Inter1
2168,CTH,Inter1
2169,C11orf96,Inter1
2170,FLT4,Inter1
2183,CCL17,Inter1
2189,GAPLINC,Inter1
2190,DIRC3-AS1,Inter1
2192,CCL20,Inter1
2194,DCDC2B,Inter1
2200,CLEC18A,Inter1
2202,BIRC7,Inter1
2204,DUSP23,Inter1
2206,CFAP44,Inter1
2207,ATP2B4,Inter1
2208,DDX17,Inter1
2209,C11orf58,Inter1
2210,BAG5,Inter1
2211,B4GALNT1,Inter1
2212,ARL14EP,Inter1
2213,ATMIN,Inter1
2215,FXR2,Inter1
2216,CDR2L,Inter1
2217,ENKUR,Inter1
2218,FZD6,Inter1
2219,DDX19A,Inter1
2220,DKK1,Inter1
2222,BCLAF1,Inter1
2223,BNIP1,Inter1
2224,AMMECR1L,Inter1
2225,ENPP7,Inter1
2226,EXOSC6,Inter1
2227,FNBP4,Inter1
2228,C1orf174,Inter1
2229,FMR1-AS1,Inter1
2230,FBXO2,Inter1
2231,AIMP1,Inter1
2232,DPH3,Inter1
2233,DIS3,Inter1
2234,ASNSD1,Inter1
2236,CCNC,Inter1
2237,C17orf98,Inter1
2239,BOD1,Inter1
2240,DGAT2,Inter1
2241,DIO3,Inter1
2242,ABCB8,Inter1
2246,ATR,Inter1
2247,ARFIP2,Inter1
2248,AAR2,Inter1
2249,CWC25,Inter1
2250,DDX5,Inter1
2251,DOHH,Inter1
2252,BFAR,Inter1
2254,FUT4,Inter1
2255,AGAP6,Inter1
2256,CHTOP,Inter1
2258,CCDC47,Inter1
2260,B4GALT1-AS1,Inter1
2261,ARL1,Inter1
2262,BZW1,Inter1
2264,CTDNEP1,Inter1
2265,BCL2L10,Inter1
2266,DCTN5,Inter1
2267,BET1L,Inter1
2268,FEM1B,Inter1
2269,EBAG9,Inter1
2270,AMD1,Inter1
2272,CD81,Inter1
2274,CIAO1,Inter1
2275,CTF1,Inter1
2276,AOC2,Inter1
2277,FBXL19-AS1,Inter1
2279,C16orf46,Inter1
2280,CCDC51,Inter1
2282,ATRAID,Inter1
2284,ANGEL1,Inter1
2285,ARHGEF26,Inter1
2287,FAM186A,Inter1
2288,DUXAP8,Inter1
2293,C2orf49,Inter1
2294,CHRNB2,Inter1
2297,FAM107A,Inter1
2299,CKM,Inter1
2301,ACTRT3,Inter1
2302,DYNC1LI2,Inter1
2306,AIDA,Inter1
2308,DXO,Inter1
2309,CTRL,Inter1
2311,CENPB,Inter1
2312,DPH7,Inter1
2313,CLDN15,Inter1
2314,ANAPC2,Inter1
2318,DSCR9,Inter1
2319,ALKBH4,Inter1
2321,A1BG,Inter1
2322,EMB,Inter1
2323,DCAF12,Inter1
2324,CAPN10,Inter1
2326,FUNDC2,Inter1
2327,BLOC1S4,Inter1
2328,ASS1,Inter1
2329,ASB6,Inter1
2331,DHX35,Inter1
2332,EIF4A3,Inter1
2333,CNDP2,Inter1
2334,ASB1,Inter1
2335,CERS2,Inter1
2336,FAM53C,Inter1
2337,ETS2,Inter1
2338,AFG3L2,Inter1
2339,CDC42EP2,Inter1
2341,FASTKD2,Inter1
2342,CARMN,Inter1
2343,CDK11A,Inter1
2344,CCDC113,Inter1
2345,FBXW9,Inter1
2346,ALG1,Inter1
2347,EFCAB3,Inter1
2348,FAM174B,Inter1
2349,FGFBP3,Inter1
2350,APC2,Inter1
2351,EVA1C,Inter1
2352,C17orf107,Inter1
2353,CLPTM1,Inter1
2355,ARHGEF33,Inter1
2356,FAAP100,Inter1
2360,CD160,Inter1
2363,FAAP20,Inter1
2364,DCTN1,Inter1
2365,ASPHD1,Inter1
2366,CHID1,Inter1
2367,AIFM2,Inter1
2368,CHCHD7,Inter1
2371,BMPER,Inter1
2373,DNAL4,Inter1
2374,CDH22,Inter1
2375,CTNS,Inter1
2376,ADAM19,Inter1
2377,CCNL1,Inter1
2378,BTG2,Inter1
2379,CCDC97,Inter1
2380,CDK12,Inter1
2381,DRG2,Inter1
2383,EMC7,Inter1
2384,C8orf58,Inter1
2385,AZIN1,Inter1
2387,CALM1,Inter1
2388,CHMP6,Inter1
2389,CCL4,Inter1
2390,FAM118B,Inter1
2391,DHDDS,Inter1
2392,BRAP,Inter1
2393,EIF4ENIF1,Inter1
2394,CALML6,Inter1
2395,FBXL18,Inter1
2397,AATF,Inter1
2398,DBNDD1,Inter1
2399,DHX57,Inter1
2400,DNAJC24,Inter1
2401,ARFGAP1,Inter1
2402,ATP10B,Inter1
2403,AQP11,Inter1
2404,ADAMTS9,Inter1
2405,DNAH11,Inter1
2406,DVL1,Inter1
2407,DFFB,Inter1
2408,BDP1,Inter1
2409,DCTD,Inter1
2410,DCUN1D5,Inter1
2411,ELOF1,Inter1
2412,ERGIC2,Inter1
2413,CACTIN,Inter1
2414,EXOSC7,Inter1
2416,CDK5RAP1,Inter1
2425,CHUK,Inter1
2427,DKK3,Inter1
2429,CHST10,Inter1
2430,ATF3,Inter1
2431,CATSPERD,Inter1
2433,FAM181B,Inter1
2435,FASTKD3,Inter1
2436,AGMAT,Inter1
2437,E2F6,Inter1
2439,CTNNBL1,Inter1
2440,FBXL14,Inter1
2441,CMPK1,Inter1
2442,C6orf120,Inter1
2444,ANOS1,Inter1
2445,CWC22,Inter1
2446,FRG1,Inter1
2448,ELK4,Inter1
2449,DHX29,Inter1
2450,AAGAB,Inter1
2451,ECD,Inter1
2452,DNAH10,Inter2
2455,ABCA2,Inter2
2457,FYTTD1,Inter2
2458,CMTM2,Inter2
2460,DOCK9,Inter2
2461,DLST,Inter2
2463,EHD3,Inter2
2465,CASP8,Inter2
2466,CCR6,Inter2
2467,C9orf43,Inter2
2469,ADAD2,Inter2
2470,C1QTNF7,Inter2
2471,EXOSC1,Inter2
2472,BRD8,Inter2
2473,DNAH17,Inter2
2474,ADGRB1,Inter2
2475,CEACAM1,Inter2
2476,FAM43A,Inter2
2477,CLDND2,Inter2
2479,ATP1A1,Inter2
2480,ARHGEF19,Inter2
2481,ASPHD2,Inter2
2482,FMNL2,Inter2
2483,G6PC3,Inter2
2484,CHMP7,Inter2
2485,C20orf27,Inter2
2486,A1BG-AS1,Inter2
2487,FMNL3,Inter2
2489,CYTL1,Inter2
2490,ELK3,Inter2
2492,CHD3,Inter2
2493,CD44,Inter2
2494,CECR2,Inter2
2495,ATP1A1-AS1,Inter2
2496,ARHGAP25,Inter2
2497,AP4E1,Inter2
2498,AR,Inter2
2499,C12orf75,Inter2
2500,DOK4,Inter2
2501,EFHC2,Inter2
2502,EXTL3,Inter2
2503,APEX2,Inter2
2504,FAM117A,Inter2
2505,ANKRD28,Inter2
2507,BSN,Inter2
2508,BTK,Inter2
2510,FRMD3,Inter2
2511,CDYL2,Inter2
2512,CMAS,Inter2
2513,ALG5,Inter2
2514,CABP1,Inter2
2515,ARHGEF4,Inter2
2516,BCL9L,Inter2
2517,C5orf66,Inter2
2519,FAM221B,Inter2
2520,ASB2,Inter2
2521,DIRAS3,Inter2
2523,CHRNA6,Inter2
2524,C18orf63,Inter2
2525,F2RL2,Inter2
2528,EXOC3L1,Inter2
2530,A2ML1,Inter2
2531,CIRBP,Inter2
2534,CEL,Inter2
2536,EPM2A,Inter2
2537,CENPQ,Inter2
2539,DAB2IP,Inter2
2540,ACACB,Inter2
2542,DGAT2L6,Inter2
2543,DCLRE1A,Inter2
2545,CCNG2,Inter2
2547,ALOX15,Inter2
2549,CMTM5,Inter2
2550,CYP4F8,Inter2
2553,DLL1,Inter2
2554,ADCY9,Inter2
2555,ACADM,Inter2
2556,ALKBH5,Inter2
2558,AQP6,Inter2
2561,ERVFRD-1,Inter2
2565,ANKRD29,Inter2
2566,ADAMTS4,Inter2
2567,CDKL4,Inter2
2571,BOLA2,Inter2
2573,C20orf203,Inter2
2574,CDH12,Inter2
2575,EXTL3-AS1,Inter2
2576,CMC4,Inter2
2577,BCAS1,Inter2
2582,ECSCR,Inter2
2583,CYB561A3,Inter2
2584,FAM166A,Inter2
2587,CTRC,Inter2
2588,CD34,Inter2
2590,FAM83A,Inter2
2592,ELAVL3,Inter2
2595,FAM87B,Inter2
2596,FAM9C,Inter2
2597,ADPRHL1,Inter2
2598,DCT,Inter2
2599,ECM2,Inter2
2600,CEACAM6,Inter2
2601,CNPY3,Inter2
2602,CLCN7,Inter2
2603,ASCC1,Inter2
2604,BANK1,Inter2
2607,FLI1,Inter2
2608,DCSTAMP,Inter2
2609,CAMKK1,Inter2
2610,CD1C,Inter2
2613,ALB,Inter2
2614,CHDH,Inter2
2615,ABHD2,Inter2
2616,FAM71F2,Inter2
2617,ARID5A,Inter2
2620,BRWD1-AS1,Inter2
2621,EED,Inter2
2622,CEACAM3,Inter2
2624,DAPK2,Inter2
2631,C1orf167,Inter2
2632,FGF23,Inter2
2633,BRSK2,Inter2
2637,ANKRD34C-AS1,Inter2
2642,CA6,Inter2
2643,CLDN20,Inter2
2644,APOBEC3H,Inter2
2645,CCDC189,Inter2
2646,CLASP1,Inter2
2647,ABAT,Inter2
2648,C5,Inter2
2649,FBXO46,Inter2
2650,AGBL2,Inter2
2651,CELF1,Inter2
2652,APOO,Inter2
2653,BRICD5,Inter2
2654,FOXD4L5,Inter2
2657,CIB3,Inter2
2658,ARMCX5,Inter2
2659,CATSPER3,Inter2
2663,AREG,Inter2
2668,FBXL22,Inter2
2672,B4GALT7,Inter2
2674,FGF7,Inter2
2675,ENO1-AS1,Inter2
2676,CTHRC1,Inter2
2677,FOXD4,Inter2
2686,CNPY4,Inter2
2687,BFSP1,Inter2
2688,EEF1AKMT1,Inter2
2689,ALPK3,Inter2
2690,ASB16-AS1,Inter2
2694,ANKRD63,Inter2
2696,FAS-AS1,Inter2
2697,CFAP54,Inter2
2699,FLJ13224,Inter2
2701,FANCD2OS,Inter2
2702,DNM3OS,Inter2
2705,ATCAY,Inter2
2710,CERS6-AS1,Inter2
2714,ADAM2,Inter2
2715,EPCAM,Inter2
2717,FITM1,Inter2
2718,F2,Inter2
2720,C16orf71,Inter2
2722,FAM8A1,Inter2
2726,CA2,Inter2
2727,DNAJC22,Inter2
2730,APOE,Inter2
2731,ARHGEF35,Inter2
2732,CFAP74,Inter2
2734,ASF1B,Inter2
2736,CBFB,Inter2
2737,ANGPTL6,Inter2
2738,ACTN4,Inter2
2739,ACTG1,Inter2
2740,ENO3,Inter2
2741,ARHGEF37,Inter2
2742,DEGS2,Inter2
2743,ATL1,Inter2
2744,EFCAB5,Inter2
2745,CFAP58,Inter2
2746,CABYR,Inter2
2747,AK8,Inter2
2748,CHST12,Inter2
2749,ABI3,Inter2
2750,CHST11,Inter2
2751,ADAM12,Inter2
2752,C15orf65,Inter2
2753,ADIPOR2,Inter2
2754,ADGRV1,Inter2
2757,GALNT9,Inter2
2758,ABCA13,Inter2
2759,ADK,Inter2
2760,BCL2L15,Inter2
2761,BTNL9,Inter2
2762,AP4B1,Inter2
2764,EXTL1,Inter2
2765,CNOT8,Inter2
2766,FAM186B,Inter2
2767,APOA1,Inter2
2769,FLJ37453,Inter2
2770,ENTPD4,Inter2
2771,FCMR,Inter2
2772,ABCB11,Inter2
2773,CEACAM4,Inter2
2774,EGLN1,Inter2
2776,BTBD18,Inter2
2777,FAM160A1,Inter2
2778,CELA1,Inter2
2779,CD1D,Inter2
2780,ATP2C2,Inter2
2781,FIBCD1,Inter2
2782,CILP2,Inter2
2784,C19orf54,Inter2
2785,CHIT1,Inter2
2786,EHD4-AS1,Inter2
2787,CLIC3,Inter2
2788,CA3-AS1,Inter2
2791,DNAH12,Inter2
2792,ATP2A3,Inter2
2794,DEPDC5,Inter2
2795,CD226,Inter2
2796,CAPN11,Inter2
2797,DIAPH1,Inter2
2798,BACE1,Inter2
2799,CLEC17A,Inter2
2800,ACSM3,Inter2
2801,ACTB,Inter2
2802,G6PD,Inter2
2803,FLYWCH2,Inter2
2804,CLEC4C,Inter2
2805,FAM155A,Inter2
2806,FIGNL2,Inter2
2807,C6orf52,Inter2
2808,CBWD1,Inter2
2809,CHST3,Inter2
2810,EMP2,Inter2
2811,CLPB,Inter2
2812,FAM107B,Inter2
2813,ERI1,Inter2
2814,CDK10,Inter2
2815,CFL1,Inter2
2816,CCDC57,Inter2
2817,DNAJB5,Inter2
2818,ADORA2A-AS1,Inter2
2819,CDK17,Inter2
2820,DYRK4,Inter2
2821,ARRDC1-AS1,Inter2
2822,FGD5-AS1,Inter2
2823,CHST14,Inter2
2826,FKRP,Inter2
2828,CDC37L1,Inter2
2829,CASP2,Inter2
2830,EPGN,Inter2
2832,AVPR1B,Inter2
2836,ALDOB,Inter2
2837,C20orf144,Inter2
2839,APOA1-AS,Inter2
2840,AGBL5-AS1,Inter2
2841,AP5M1,Inter2
2843,ASB3,Inter2
2846,ASCL2,Inter2
2847,CA13,Inter2
2849,DISP2,Inter2
2850,ARFRP1,Inter2
2851,DYNC1LI1,Inter2
2852,DDX59,Inter2
2853,CLDN11,Inter2
2854,GABPB1-AS1,Inter2
2855,FGFR3,Inter2
2856,ARL6IP1,Inter2
2857,DNAJB1,Inter2
2859,CITED4,Inter2
2860,BMP8B,Inter2
2861,ERLIN1,Inter2
2862,DLD,Inter2
2863,ACSL3,Inter2
2865,CTC-338M12.4,Inter2
2866,CCDC69,Inter2
2867,ADGRG5,Inter2
2868,CNR2,Inter2
2869,CLIP2,Inter2
2870,CELF2,Inter2
2872,CD53,Inter2
2873,BTBD11,Inter2
2875,ALDH3B1,Inter2
2876,CIDEB,Inter2
2877,ADAM8,Inter2
2878,DENND3,Inter2
2879,ETV6,Inter2
2881,BTNL3,Inter2
2882,ETFB,Inter2
2883,AGPAT1,Inter2
2885,C17orf97,Inter2
2886,ACTN1,Inter2
2887,DDIT4,Inter2
2888,DRC7,Inter2
2889,ARSD,Inter2
2890,AATBC,Inter2
2891,FASTKD1,Inter2
2892,GAS7,Inter2
2893,FOSL2,Inter2
2895,AFF3,Inter2
2896,BHLHE40-AS1,Inter2
2897,DNAJB6,Inter2
2898,CDH23,Inter2
2899,DGCR2,Inter2
2900,ANXA7,Inter2
2901,ARRDC3,Inter2
2902,BCKDHA,Inter2
2904,FCN1,Inter2
2905,ALOX5AP,Inter2
2906,CCNA1,Inter2
2907,ETS1,Inter2
2908,ACVR1B,Inter2
2909,C4orf36,Inter2
2910,BMF,Inter2
2911,ELAC1,Inter2
2912,CETP,Inter2
2913,FPR2,Inter2
2914,C10orf105,Inter2
2915,ACOT8,Inter2
2917,CCDC13,Inter2
2918,DGAT1,Inter2
2919,ACVR1C,Inter2
2920,ANAPC16,Inter2
2921,ALDH9A1,Inter2
2923,CLDND1,Inter2
2924,ARAF,Inter2
2925,CASR,Inter2
2926,DNAJC15,Inter2
2927,DHRS4,Inter2
2928,APOC1,Inter2
2929,ARSG,Inter2
2930,ELF4,Inter2
2931,C19orf38,Inter2
2932,CMIP,Inter2
2933,ARHGAP15,Inter2
2934,C16orf54,Inter2
2935,FAM111A,Inter2
2937,C9orf50,Inter2
2938,ATP2B3,Inter2
2939,AGRP,Inter2
2940,APBB1IP,Inter2
2941,CYBA,Inter2
2942,FLNA,Inter2
2943,C3orf62,Inter2
2944,C20orf197,Inter2
2945,ADD3-AS1,Inter2
2946,ABTB2,Inter2
2947,BAG4,Inter2
2948,CDK5,Inter2
2949,BNIP2,Inter2
2950,CUL2,Inter2
2951,ACTN1-AS1,Inter2
2952,C3,Inter2
2953,GALNT3,Inter2
2954,ALAS1,Inter2
2955,FUT7,Inter2
2956,ETHE1,Inter2
2957,ADAM17,Inter2
2959,AKNA,Inter2
2960,CD58,Inter2
2962,CABIN1,Inter2
2963,DNM2,Inter2
2964,ACSL5,Inter2
2965,AKIRIN1,Inter2
2966,BATF3,Inter2
2967,AGPAT2,Inter2
2968,CCDC144A,Inter2
2969,EFCAB12,Inter2
2970,DYRK1B,Inter2
2971,ADPGK-AS1,Inter2
2972,AGER,Inter2
2973,CCDC62,Inter2
2974,BRK1,Inter2
2975,ERCC4,Inter2
2976,ANKRD13D,Inter2
2977,CYB561,Inter2
2978,CEP170,Inter2
2979,ARHGAP1,Inter2
2980,CCDC142,Inter2
2981,ELL2,Inter2
2982,ARAP2,Inter2
2983,FMNL1,Inter2
2984,ALOX5,Inter2
2986,ALDH16A1,Inter2
2987,EDEM3,Inter2
2988,CDC42SE1,Inter2
2989,ASAP1,Inter2
2990,DNAJB12,Inter2
2991,CMTM3,Inter2
2992,FUBP3,Inter2
2993,EFHD2,Inter2
2994,C9orf139,Inter2
2995,ARHGAP27,Inter2
2996,CD82,Inter2
2997,EPHA2,Inter2
2998,DDI2,Inter2
3000,ACTR8,Inter2
3001,BMP1,Inter2
3002,EPC2,Inter2
3003,ABHD16A,Inter2
3004,CCL3,Inter2
3005,BPNT1,Inter2
3007,FBXL6,Inter2
3008,FITM2,Inter2
3009,FUOM,Inter2
3010,ATPAF2,Inter2
3011,CC2D1B,Inter2
3012,CTNNA1,Inter2
3013,CEBPE,Inter2
3015,DYNC2H1,Inter2
3017,ERF,Inter2
3018,DNAJC10,Inter2
3019,CLDN12,Inter2
3020,DBI,Inter2
3021,ATP13A1,Inter2
3022,CCL5,Inter2
3023,ATP13A2,Inter2
3024,BRPF1,Inter2
3025,AKAP8,Inter2
3026,DNAJA2,Inter2
3027,AUP1,Inter2
3028,AAMP,Inter2
3029,CTR9,Inter2
3031,GABRR2,Inter2
3032,CCL3L1,Inter2
3033,FASTK,Inter2
3034,BABAM1,Inter2
3035,BAK1,Inter2
3036,ATXN7L3,Inter2
3037,ACTR1A,Inter2
3039,CNIH4,Inter2
3040,E2F4,Inter2
3041,BAG1,Inter2
3042,C1orf216,Inter2
3043,DPM2,Inter2
3044,DNM1L,Inter2
3045,ACO2,Inter2
3046,EFTUD2,Inter2
3047,DNAJB11,Inter2
3048,ECE1,Inter2
3049,ATP2A2,Inter2
3050,EXOSC4,Inter2
3051,B4GALT5,Inter2
3052,ELMO3,Inter2
3053,BTBD19,Inter2
3054,ATAD1,Inter2
3057,EGR1,Inter2
3058,CLINT1,Inter2
3059,CD164,Inter2
3060,DDX52,Inter2
3061,B9D2,Inter2
3062,AK1,Inter2
3063,ARMC5,Inter2
3064,CHTF8,Inter2
3065,AP5B1,Inter2
3066,ELOVL1,Inter2
3067,ARF3,Inter2
3068,DPP9,Inter2
3069,AGO2,Inter2
3070,GAS6-AS1,Inter2
3072,ARFGAP2,Inter2
3073,CELSR1,Inter2
3074,FAHD1,Inter2
3076,CANX,Inter2
3078,ATF6B,Inter2
3079,FBRS,Inter2
3080,CHMP1A,Inter2
3081,ASH1L-AS1,Inter2
3082,CCZ1B,Inter2
3083,CYB561D2,Inter2
3084,ASPG,Inter2
3085,CHPF2,Inter2
3086,DERL1,Inter2
3087,BATF,Inter2
3088,ARL2BP,Inter2
3089,FBXO6,Inter2
3090,ARAP3,Inter2
3091,FRMD8,Inter2
3092,ARPC3,Inter2
3093,ENC1,Inter2
3094,DYSF,Inter2
3095,ATG3,Inter2
3096,ESRRA,Inter2
3097,ABCF3,Inter2
3098,C14orf119,Inter2
3099,BECN1,Inter2
3100,DCAKD,InterLate
3101,GALK1,InterLate
3102,FFAR1,InterLate
3103,DIO3OS,InterLate
3105,FAM106A,InterLate
3106,C7orf57,InterLate
3107,ELF3,InterLate
3110,ALOXE3,InterLate
3111,CLPSL2,InterLate
3112,FBLL1,InterLate
3115,APTX,InterLate
3116,ARL4D,InterLate
3118,FOXD4L3,InterLate
3121,ALG1L2,InterLate
3127,EFCAB14-AS1,InterLate
3129,ARMC12,InterLate
3130,ARPC4,InterLate
3132,FBXL8,InterLate
3133,ESRRG,InterLate
3135,ACRBP,InterLate
3137,C17orf99,InterLate
3138,EREG,InterLate
3139,EML2-AS1,InterLate
3141,FNDC8,InterLate
3142,DGKQ,InterLate
3143,ALKBH7,InterLate
3144,BEST2,InterLate
3149,EMC10,InterLate
3150,CHI3L2,InterLate
3152,C3orf49,InterLate
3155,ATP8B1,InterLate
3157,CYP1B1-AS1,InterLate
3159,ARG1,InterLate
3160,CIB1,InterLate
3162,FOXD2,InterLate
3165,C2orf81,InterLate
3167,EIF3C,InterLate
3168,GALNT6,InterLate
3169,CMPK2,InterLate
3170,BACH2,InterLate
3177,C19orf47,InterLate
3178,CAV1,InterLate
3179,C1orf220,InterLate
3180,DRC3,InterLate
3181,CHMP4C,InterLate
3183,CKMT2,InterLate
3184,ACOXL,InterLate
3185,CCDC188,InterLate
3186,ATP8A2,InterLate
3188,DPAGT1,InterLate
3189,ERCC2,InterLate
3190,CNP,InterLate
3191,ARL17A,InterLate
3192,EDARADD,InterLate
3193,CAMK2A,InterLate
3194,E2F3,InterLate
3195,CLSTN3,InterLate
3196,CCDC18,InterLate
3197,FAH,InterLate
3198,CDK2AP2,InterLate
3199,B3GNTL1,InterLate
3200,C1QTNF1,InterLate
3201,C16orf74,InterLate
3202,ABI2,InterLate
3203,APEH,InterLate
3204,FADS2,InterLate
3205,EHMT1,InterLate
3206,ECH1,InterLate
3207,ARHGDIB,InterLate
3208,ARHGEF28,InterLate
3209,ARL17B,InterLate
3211,DEPDC4,InterLate
3212,CDC14A,InterLate
3213,ANO10,InterLate
3214,CUX1,InterLate
3215,ANKRD11,InterLate
3216,FSCN2,InterLate
3218,ACAP1,InterLate
3220,ERP27,InterLate
3221,CYP3A5,InterLate
3226,B3GAT3,InterLate
3229,CD7,InterLate
3231,ACOT2,InterLate
3232,ALOX12B,InterLate
3233,CCNT2-AS1,InterLate
3235,C6orf132,InterLate
3236,C9orf152,InterLate
3238,AGGF1,InterLate
3240,GABARAPL2,InterLate
3252,ARGFX,InterLate
3259,ABCB5,InterLate
3263,DNALI1,InterLate
3264,ASIP,InterLate
3265,FLJ31356,InterLate
3266,AIM2,InterLate
3267,ADAMTS5,InterLate
3271,ACSM1,InterLate
3275,CADM3-AS1,InterLate
3279,CALB2,InterLate
3281,G0S2,InterLate
3282,C4orf19,InterLate
3283,CFHR3,InterLate
3284,C19orf81,InterLate
3286,DACT3-AS1,InterLate
3289,GACAT3,InterLate
3290,AKAP14,InterLate
3293,FCHSD1,InterLate
3294,CLCNKA,InterLate
3296,FRY-AS1,InterLate
3297,AFAP1-AS1,InterLate
3299,CHRM3-AS2,InterLate
3300,AQP4-AS1,InterLate
3301,FBLN2,InterLate
3303,ENHO,InterLate
3304,DOK7,InterLate
3305,CBR3,InterLate
3306,CACNB4,InterLate
3307,CHD5,InterLate
3308,B3GALNT1,InterLate
3309,ANXA6,InterLate
3310,CIRBP-AS1,InterLate
3312,BCDIN3D,InterLate
3314,CCR10,InterLate
3316,GATA1,InterLate
3317,BCAR4,InterLate
3319,ABCC6,InterLate
3321,GALNT8,InterLate
3322,FLJ40194,InterLate
3324,AP1G2,InterLate
3325,CD2,InterLate
3326,FOXD4L1,InterLate
3328,FADD,InterLate
3329,CDHR4,InterLate
3330,DNAJB9,InterLate
3331,CLK3,InterLate
3332,ARIH2OS,InterLate
3335,CHGB,InterLate
3338,BCDIN3D-AS1,InterLate
3339,BACE1-AS,InterLate
3342,CDC20B,InterLate
3346,EPHX3,InterLate
3347,ASB14,InterLate
3348,C8G,InterLate
3349,CDHR2,InterLate
3350,CARD14,InterLate
3352,AGFG2,InterLate
3353,DIAPH2-AS1,InterLate
3354,GAL3ST2,InterLate
3355,CLCNKB,InterLate
3357,BEST4,InterLate
3358,CC2D2B,InterLate
3359,BMP8A,InterLate
3361,FAM71D,InterLate
3362,ABCG5,InterLate
3363,BANP,InterLate
3364,BEX4,InterLate
3365,FAM234A,InterLate
3366,CAPNS1,InterLate
3367,ADGRG1,InterLate
3368,DAP,InterLate
3369,FAM83G,InterLate
3370,CHCHD5,InterLate
3371,CBWD6,InterLate
3373,CAMP,InterLate
3374,EPHA1,InterLate
3375,ADGRG3,InterLate
3376,EVA1B,InterLate
3377,FBXW5,InterLate
3378,ACTR2,InterLate
3379,AOX1,InterLate
3380,BAG3,InterLate
3381,FAF2,InterLate
3382,BACH1-IT2,InterLate
3383,BCKDK,InterLate
3384,C12orf54,InterLate
3387,ARPC1A,InterLate
3389,ADAM23,InterLate
3390,ANKRD55,InterLate
3392,C6orf223,InterLate
3393,CES1,InterLate
3396,ABHD17C,InterLate
3397,CAPN1,InterLate
3398,EML2,InterLate
3399,CCL23,InterLate
3400,BORCS6,InterLate
3401,APOM,InterLate
3402,ABHD11,InterLate
3403,CASQ1,InterLate
3404,DSC1,InterLate
3406,FGF18,InterLate
3414,ACER1,InterLate
3415,DIS3L2,InterLate
3416,C11orf49,InterLate
3417,ALDH8A1,InterLate
3418,C15orf40,InterLate
3419,BATF2,InterLate
3420,ACTR3C,InterLate
3421,C1QTNF4,InterLate
3422,DSP,InterLate
3424,ABCG8,InterLate
3427,ACKR4,InterLate
3428,CISD3,InterLate
3433,DAAM2,InterLate
3434,CCNK,InterLate
3435,C3orf14,InterLate
3436,DMPK,InterLate
3437,DMWD,InterLate
3438,FOSL1,InterLate
3440,ATG101,InterLate
3441,CDC37,InterLate
3442,DESI1,InterLate
3443,CALU,InterLate
3444,FBXO41,InterLate
3445,CDC26,InterLate
3446,ATP13A3,InterLate
3448,CAPN15,InterLate
3449,C19orf25,InterLate
3450,C19orf12,InterLate
3451,ARF1,InterLate
3452,DENR,InterLate
3453,DR1,InterLate
3455,GALE,InterLate
3456,DNAJC7,InterLate
3457,EME2,InterLate
3458,ELOVL3,InterLate
3459,DLL4,InterLate
3460,ARF4,InterLate
3461,BCL10,InterLate
3462,ARCN1,InterLate
3463,EAF1,InterLate
3464,C8orf76,InterLate
3466,ALG12,InterLate
3468,DNAJC5B,InterLate
3469,FFAR3,InterLate
3470,DNMBP-AS1,InterLate
3471,DMKN,InterLate
3473,C1orf122,InterLate
3474,CINP,InterLate
3477,C8orf82,InterLate
3478,CALM2,InterLate
3481,CC2D1A,InterLate
3482,CCDC107,InterLate
3483,GAS5-AS1,InterLate
3484,ASGR1,InterLate
3485,DBH-AS1,InterLate
3486,AKT1,InterLate
3487,ADAMTS1,InterLate
3488,BCL7B,InterLate
3489,CCDC71,InterLate
3490,CKAP4,InterLate
3491,ELK1,InterLate
3492,DPY19L3,InterLate
3493,B4GALT3,InterLate
3495,ARHGDIA,InterLate
3496,CLU,InterLate
3497,ARF5,InterLate
3498,CALR,InterLate
3499,BEGAIN,InterLate
3501,FAM89A,InterLate
3502,CYP51A1,InterLate
3506,FIS1,InterLate
3507,ALDOA,InterLate
3508,CDC42BPB,InterLate
3509,AP2S1,InterLate
3510,CTAGE6,InterLate
3511,CHST13,InterLate
3512,BLACAT1,InterLate
3523,ERICH4,InterLate
3524,GADD45A,InterLate
3527,EFCAB10,InterLate
3528,CUX2,InterLate
3529,C9orf163,InterLate
3530,CLCN4,InterLate
3531,FSCN3,InterLate
3532,FBXL15,InterLate
3533,C9orf16,InterLate
3534,FUT1,InterLate
3535,BID,InterLate
3536,CFAP157,InterLate
3537,CCNH,InterLate
3539,APTR,InterLate
3540,FAM210A,InterLate
3543,C3orf70,InterLate
3547,CCND1,InterLate
3548,ACBD3,InterLate
3550,DAD1,InterLate
3551,ASCC3,InterLate
3552,ARMC10,InterLate
3553,FAM124A,InterLate
3554,CXorf65,InterLate
3555,CDKN2C,InterLate
3557,FAM168B,InterLate
3558,DTX3L,InterLate
3560,CDKL1,InterLate
3561,ENOX1,InterLate
3562,ADAM32,InterLate
3563,C16orf72,InterLate
3564,ANO7,InterLate
3565,DYNC1I2,InterLate
3566,CCNG1,InterLate
3567,CHD8,InterLate
3568,CDK7,InterLate
3571,CCDC71L,InterLate
3572,ERICH2,InterLate
3573,AGAP2-AS1,InterLate
3576,DPCD,InterLate
3577,DHDH,InterLate
3579,ARIH2,InterLate
3580,CXCR2,InterLate
3581,DNAH3,InterLate
3582,DCTN6,InterLate
3583,ERO1A,InterLate
3584,FSD1L,InterLate
3585,CCDC12,InterLate
3586,APBB1,InterLate
3590,FBXL2,InterLate
3591,CD1A,InterLate
3592,B9D1,InterLate
3593,CCDC65,InterLate
3594,A2M-AS1,InterLate
3595,ALDOC,InterLate
3596,AKT2,InterLate
3597,DNPH1,InterLate
3598,ATP6V1C2,InterLate
3599,ADPRH,InterLate
3600,CLIC1,InterLate
3601,EIF4G3,InterLate
3603,FHOD1,InterLate
3604,DYNLRB1,InterLate
3606,ADM2,InterLate
3607,EMILIN1,InterLate
3608,ARNTL2,InterLate
3609,ARG2,InterLate
3610,FYN,InterLate
3611,CHAC1,InterLate
3612,DDX19B,InterLate
3613,FOXN3-AS1,InterLate
3614,CHCHD10,InterLate
3615,ARHGAP23,InterLate
3616,FBXO22,InterLate
3617,CLIC6,InterLate
3621,CEMIP,InterLate
3631,AXIN1,InterLate
3634,AOC1,InterLate
3635,C2CD2L,InterLate
3640,CCL7,InterLate
3641,CDH5,InterLate
3642,FAM180B,InterLate
3645,CHRNA2,InterLate
3647,FAM166B,InterLate
3648,AP1S1,InterLate
3650,ARHGEF5,InterLate
3652,DES,InterLate
3654,C5AR2,InterLate
3655,CYP19A1,InterLate
3658,ART3,InterLate
3659,F3,InterLate
3660,CLC,InterLate
3661,AMDHD1,InterLate
3663,DST,InterLate
3664,CAPN12,InterLate
3665,FADS3,InterLate
3666,FKBP2,InterLate
3667,DLGAP4,InterLate
3668,AACS,InterLate
3669,CNBD2,InterLate
3671,ESCO1,InterLate
3672,AKR1C3,InterLate
3673,C1orf21,InterLate
3674,ANKEF1,InterLate
3675,ERLIN2,InterLate
3677,CEP170B,InterLate
3678,CDC42EP1,InterLate
3679,ARFGEF3,InterLate
3680,ASPH,InterLate
3681,ADGRA2,InterLate
3683,ELMO1-AS1,Late1
3684,BCAP29,Late1
3685,DCST2,Late1
3686,ENDOU,Late1
3687,GAPT,Late1
3688,CYSLTR1,Late1
3689,C12orf42,Late1
3690,FAM53B,Late1
3691,CBR3-AS1,Late1
3692,CLIC2,Late1
3695,FTO,Late1
3696,EPS15L1,Late1
3698,ENOX2,Late1
3699,ARHGAP10,Late1
3700,CAPS2,Late1
3701,FLT3LG,Late1
3702,CERS6,Late1
3703,CTBP2,Late1
3704,APOL3,Late1
3705,AP1M1,Late1
3708,EIF1B-AS1,Late1
3710,CYB5D2,Late1
3711,FAM66B,Late1
3712,C1QTNF6,Late1
3713,ABTB1,Late1
3714,AMFR,Late1
3715,CEP350,Late1
3716,ACSF2,Late1
3717,FAM13A-AS1,Late1
3718,FGGY,Late1
3719,C11orf68,Late1
3720,ABHD3,Late1
3721,FAM102B,Late1
3722,C8orf37-AS1,Late1
3723,ANKRD26,Late1
3724,DEF6,Late1
3725,CLIC4,Late1
3726,D2HGDH,Late1
3727,DENND1C,Late1
3728,ACER3,Late1
3730,CACNA1D,Late1
3731,ACOT11,Late1
3732,ECM1,Late1
3733,CAPG,Late1
3734,CCDC17,Late1
3735,CD180,Late1
3736,ARL6IP5,Late1
3738,CLHC1,Late1
3740,ARRDC5,Late1
3741,GANC,Late1
3742,ACAD10,Late1
3744,EFHB,Late1
3745,BTD,Late1
3748,ACVR1,Late1
3749,BRWD3,Late1
3750,ATP6V1H,Late1
3751,AGAP5,Late1
3753,CHM,Late1
3754,CYTH4,Late1
3755,CD86,Late1
3756,CTSH,Late1
3757,FOXO4,Late1
3759,FNBP1,Late1
3760,AKAP10,Late1
3761,EPHB6,Late1
3762,FAM110A,Late1
3763,DLEC1,Late1
3764,DPYD,Late1
3765,CAPZB,Late1
3766,ARNTL,Late1
3767,DSE,Late1
3768,FAM114A1,Late1
3770,DOCK5,Late1
3771,DOCK2,Late1
3772,ATF7,Late1
3773,ARID3A,Late1
3774,FES,Late1
3775,ARHGAP22,Late1
3776,CARD8,Late1
3777,ADAP2,Late1
3778,ENG,Late1
3779,BTBD9,Late1
3780,ACVRL1,Late1
3782,ABHD18,Late1
3783,ARL15,Late1
3785,BLVRB,Late1
3786,ATXN7L1,Late1
3787,FMN1,Late1
3788,ATP9B,Late1
3789,ARHGAP35,Late1
3790,CATSPER2,Late1
3791,DPF3,Late1
3792,ARMC7,Late1
3793,CHD2,Late1
3794,GABBR1,Late1
3795,DNASE1L1,Late1
3797,DTX4,Late1
3798,CAST,Late1
3799,CALHM2,Late1
3800,CAPN5,Late1
3801,CBL,Late1
3802,ANKRD6,Late1
3803,C11orf21,Late1
3804,CX3CR1,Late1
3806,AGO4,Late1
3807,ATP6V1A,Late1
3808,ADAM28,Late1
3809,CCR1,Late1
3810,CD14,Late1
3811,AVL9,Late1
3813,AGTPBP1,Late1
3814,BST1,Late1
3815,FBXO9,Late1
3816,FGR,Late1
3817,EPSTI1,Late1
3818,DKK2,Late1
3819,ERN1,Late1
3820,DGKA,Late1
3823,DAPP1,Late1
3824,CD300A,Late1
3825,FBXL3,Late1
3826,CCR3,Late1
3828,FAM228A,Late1
3830,ABHD14B,Late1
3832,AGAP9,Late1
3834,ARMCX5-GPRASP2,Late1
3835,B3GNT9,Late1
3836,CATIP,Late1
3838,DCTN2,Late1
3842,FBLN5,Late1
3847,EDN1,Late1
3849,GABARAPL1,Late1
3850,EVI2B,Late1
3855,CD69,Late1
3856,BLOC1S6,Late1
3857,DPY19L1,Late1
3858,DYNLT3,Late1
3859,CABP4,Late1
3860,BPI,Late1
3861,CLEC4M,Late1
3862,ATP1A4,Late1
3864,CLRN1-AS1,Late1
3865,DNAH7,Late1
3866,DNAJC4,Late1
3867,CNN2,Late1
3868,ATP7B,Late1
3869,ARRDC1,Late1
3870,DGUOK,Late1
3871,ALAD,Late1
3872,DPM3,Late1
3873,C6orf62,Late1
3874,CCZ1,Late1
3875,ACOX3,Late1
3876,ADAM15,Late1
3877,CHSY3,Late1
3878,ARHGEF16,Late1
3879,CERS5,Late1
3880,ABCC10,Late1
3881,CIC,Late1
3882,BCL2L13,Late1
3883,FBXL12,Late1
3884,ATOH8,Late1
3885,FAM98C,Late1
3887,DLGAP1-AS2,Late1
3888,EPOR,Late1
3889,BICD2,Late1
3890,EPN1,Late1
3891,FAM214B,Late1
3892,ACOT9,Late1
3893,CHMP4B,Late1
3894,ADORA2B,Late1
3895,DNHD1,Late1
3896,CD300C,Late1
3897,CD52,Late1
3898,CTSW,Late1
3899,CDA,Late1
3900,FAM131B,Late1
3901,ADAM10,Late1
3902,CATIP-AS1,Late1
3903,CACNA1C,Late1
3904,CCR2,Late1
3906,EMP1,Late1
3907,FBXL5,Late1
3908,CATSPER1,Late1
3909,ACSL4,Late1
3910,CUL3,Late1
3911,CCDC82,Late1
3912,DDX60L,Late1
3913,FAM135A,Late1
3914,ALDH1A2,Late1
3915,FAM200B,Late1
3916,FAIM2,Late1
3918,DGKZ,Late1
3920,GALNT10,Late1
3921,CAPN2,Late1
3922,CCNJL,Late1
3923,BCAR3,Late1
3924,FNDC3B,Late1
3925,DCBLD1,Late1
3926,CHMP2A,Late1
3928,ALDH2,Late1
3929,BIN2,Late1
3931,CLCF1,Late1
3933,EPHB3,Late1
3934,ERMN,Late1
3935,EML3,Late1
3936,DGUOK-AS1,Late1
3937,FFAR2,Late1
3938,ACTR3,Late1
3939,ADD3,Late1
3940,B3GNT8,Late1
3941,CBWD3,Late1
3942,C1RL-AS1,Late1
3944,EIF4E3,Late1
3945,FAM118A,Late1
3946,CEBPB-AS1,Late1
3947,EYS,Late1
3948,CARD9,Late1
3949,FAM20C,Late1
3950,APOBR,Late1
3951,DNAJC13,Late1
3952,DIAPH2,Late1
3953,DENND5A,Late1
3954,AGTRAP,Late1
3955,CLCN6,Late1
3956,ANXA1,Late1
3957,ARHGAP9,Late1
3958,FOS,Late1
3959,ARHGEF1,Late1
3960,DYNLT1,Late1
3961,CBWD2,Late1
3962,CBWD5,Late1
3963,CCDC90B,Late1
3964,ARPC1B,Late1
3965,ANXA2,Late1
3966,CAP1,Late1
3968,CCDC22,Late1
3969,AKIRIN2,Late1
3970,FBXO30,Late1
3971,C11orf24,Late1
3972,CEP19,Late1
3973,FAM120AOS,Late1
3974,CEACAM19,Late1
3975,FCHO1,Late1
3976,FLOT2,Late1
3978,FBP1,Late1
3979,CACNG6,Late1
3981,FLYWCH1,Late1
3982,APH1B,Late1
3983,FAM3A,Late1
3986,CYB561D1,Late1
3988,ATP6V1E1,Late1
3989,ATXN3,Late1
3990,ELF2,Late1
3991,ERVK13-1,Late1
3992,ARMC2,Late1
3993,CALCOCO1,Late1
3994,ALOX12-AS1,Late1
3995,FPR1,Late1
3996,C2orf74,Late1
3997,DNAJC28,Late1
3998,CTSK,Late1
3999,CASP10,Late1
4000,CCM2,Late1
4001,BMPR2,Late1
4003,CHIC2,Late1
4004,ALKBH6,Late1
4005,ARHGEF40,Late1
4006,FTX,Late1
4007,GAK,Late1
4008,ACYP2,Late1
4009,B4GALT1,Late1
4010,ATG7,Late1
4011,DPY19L4,Late1
4012,C19orf18,Late1
4013,ABCA9,Late1
4014,CTTNBP2NL,Late1
4016,DHRS3,Late1
4017,GAA,Late1
4019,FLVCR2,Late1
4020,EEPD1,Late1
4021,ARFIP1,Late1
4022,ATP10D,Late1
4023,FAM120B,Late1
4024,AGPAT3,Late1
4025,EDEM2,Late1
4026,ALPK1,Late1
4027,CYP20A1,Late1
4028,ATF6,Late1
4029,FAM151B,Late1
4030,CGRRF1,Late1
4031,ALKBH1,Late1
4032,ATG4A,Late1
4034,CARD8-AS1,Late1
4035,ATP6AP1,Late1
4037,DCTN4,Late1
4038,FTL,Late1
4039,CTSS,Late1
4040,EXOC3,Late1
4041,DOK1,Late1
4042,EXOC8,Late1
4043,APPBP2,Late1
4044,DLGAP1,Late1
4046,FCER2,Late1
4047,CLCN3,Late1
4049,CFLAR,Late1
4051,FEZ2,Late1
4052,ELMOD3,Late1
4053,EXOC1,Late1
4054,DPEP2,Late1
4055,CCL24,Late1
4056,CXCL16,Late1
4057,DIP2A,Late1
4058,FCHO2,Late1
4059,FAM228B,Late1
4060,CCNDBP1,Late1
4061,CD300LF,Late1
4062,ASAH1,Late1
4063,DEPTOR,Late1
4064,AOAH,Late1
4065,EP300,Late1
4066,C1orf162,Late1
4067,BMP6,Late1
4068,FEZ1,Late1
4069,FAM114A2,Late1
4070,CD37,Late1
4071,CAMTA2,Late1
4072,CLEC4E,Late1
4073,APBB3,Late1
4074,FAM135B,Late1
4075,CCR5,Late1
4076,CD300E,Late1
4077,FAM13A,Late1
4078,C5AR1,Late1
4080,CTSZ,Late1
4081,AP1S2,Late1
4082,ARFGEF2,Late1
4083,ERP44,Late1
4084,CCRL2,Late1
4085,FZD1,Late1
4086,ACTA2,Late1
4088,ARL8B,Late1
4089,CD55,Late1
4090,ARPC5,Late1
4091,ENGASE,Late1
4092,CD209,Late1
4093,DNAJB2,Late1
4094,BIRC2,Late1
4095,DLGAP1-AS1,Late1
4096,C9orf72,Late1
4097,FAM199X,Late1
4098,ERCC6,Late1
4099,ARNT,Late1
4101,ANXA11,Late1
4102,AGO3,Late1
4104,ARMC8,Late1
4106,FAM149B1,Late1
4107,DSTYK,Late1
4108,ATP8B4,Late1
4109,BCL7C,Late1
4110,FBXO42,Late1
4111,ARRB1,Late1
4112,FRS2,Late1
4113,FER,Late1
4118,BBC3,Late1
4119,FBXO28,Late1
4120,ERICH1,Late1
4121,CASP9,Late1
4123,CD244,Late1
4124,GAS2L1,Late1
4125,DEDD2,Late1
4126,ARHGAP18,Late1
4127,GAS6,Late1
4128,DAB2,Late1
4129,DOK2,Late1
4130,CACNA2D3,Late1
4131,AIF1,Late1
4132,FKBP15,Late1
4133,BTBD7,Late1
4134,ASXL2,Late1
4135,CLCN5,Late1
4136,CAB39,Late1
4137,EPS15,Late1
4140,ANKRD22,Late1
4141,FCGBP,Late1
4143,CLEC12B,Late1
4144,ARMT1,Late1
4145,CLDN7,Late1
4146,CD163,Late1
4147,CASP4,Late1
4148,CHP1,Late1
4149,CFD,Late1
4151,CAPZA2,Late1
4152,CCL2,Late1
4154,DHRS1,Late1
4155,CYP2R1,Late1
4157,FGFR1OP2,Late1
4158,DHRS7,Late1
4159,ADGRE3,Late1
4160,F11R,Late1
4161,ATP6V0E1,Late1
4162,BST2,Late1
4163,CTSD,Late1
4164,FURIN,Late1
4165,CDC42EP3,Late1
4166,APLP2,Late1
4167,ADAMTSL4-AS1,Late1
4168,DHRS9,Late1
4169,CCDC159,Late1
4170,FGD3,Late1
4171,ATP6V1B2,Late1
4172,ANKDD1B,Late1
4173,DDX60,Late1
4174,DIP2B,Late1
4175,FOXO3,Late1
4176,ARHGEF10L,Late1
4177,ADCY7,Late1
4178,ARHGAP26,Late1
4179,ANKRD44,Late1
4180,ARHGAP31,Late1
4181,CFP,Late1
4182,CYBB,Late1
4183,CLIP1,Late1
4184,ASGR2,Late1
4185,AHNAK,Late1
4186,DOCK11,Late1
4187,ADCY4,Late1
4188,CD33,Late1
4189,CFH,Late1
4190,DENND1A,Late1
4191,CA5B,Late1
4192,CTDSP2,Late1
4193,CYTIP,Late1
4194,ENTPD1,Late1
4195,DOCK8,Late1
4197,ADRB2,Late1
4198,C1RL,Late1
4199,AKAP13,Late1
4200,FLII,Late1
4201,CD101,Late1
4202,CD300LB,Late1
4203,ACKR3,Late1
4204,DHRS12,Late1
4205,ATXN1,Late1
4206,EPHB2,Late1
4207,ADRB1,Late1
4208,EPHA1-AS1,Late1
4209,ARHGAP30,Late1
4211,FBXO38,Late1
4212,ARHGAP31-AS1,Late1
4214,CTNNB1,Late1
4216,ASB7,Late1
4217,B3GNT5,Late1
4218,CTBS,Late1
4219,DUSP5,Late1
4220,BROX,Late1
4221,EMILIN2,Late1
4222,ELL,Late1
4223,ATP6V1C1,Late1
4224,ARHGEF11,Late1
4225,CHFR,Late1
4226,CEBPB,Late1
4227,EFCAB14,Late1
4228,EGR2,Late1
4229,BCL2L2-PABPN1,Late1
4230,FN1,Late1
4231,CTSA,Late1
4232,CARD6,Late1
4233,CLEC5A,Late1
4234,FAS,Late1
4235,DPP8,Late1
4236,EFR3A,Late1
4237,BTAF1,Late1
4238,DLG4,Late1
4239,CDH11,Late1
4240,ATP6V0A1,Late1
4241,FTH1,Late1
4242,ARAP1,Late1
4243,CD68,Late1
4244,ACAP2,Late1
4245,FCGR2A,Late1
4246,ANTXR2,Late1
4247,CASP1,Late1
4248,BCL3,Late1
4249,DRAM1,Late1
4250,ATP11A,Late1
4251,ACAA1,Late1
4253,BTBD10,Late1
4254,ANKDD1A,Late1
4255,BAHD1,Late1
4256,FDXR,Late1
4257,BRPF3,Late1
4258,CLEC1A,Late1
4260,CDC42EP4,Late1
4261,ANXA9,Late1
4262,C5orf64,Late1
4263,CMTM4,Late1
4264,C1orf53,Late1
4269,AMIGO2,Late1
4271,CCDC170,Late1
4272,FCER1G,Late1
4275,AQP9,Late1
4277,AHR,Late1
4279,FAM126A,Late1
4280,DLGAP1-AS3,Late1
4281,DCP1B,Late1
4282,DOCK6,Late1
4283,ACAD8,Late1
4284,ATP1B3,Late1
4285,BLOC1S2,Late1
4286,ARHGEF3,Late1
4287,EYA3,Late1
4288,BACH1,Late1
4289,EDA2R,Late1
4291,CHST15,Late1
4292,CD248,Late1
4293,ATG16L1,Late1
4294,DNER,Late1
4295,CXCL8,Late1
4297,ANGPT1,Late1
4298,CD36,Late1
4299,C3AR1,Late1
4300,CLEC7A,Late1
4301,FGL2,Late1
4304,CACNG8,Late1
4305,FAM157C,Late1
4306,AATK,Late1
4307,CEBPD,Late1
4308,AFTPH,Late1
4309,FCGR1A,Late1
4310,CLEC12A,Late1
4311,FCGR1B,Late1
4312,DNAJC3,Late1
4313,CDKN2B-AS1,Late1
4314,BIRC6,Late1
4315,FKBP8,Late1
4317,FRY,Late1
4318,ANXA5,Late1
4319,CCDC88A,Late1
4320,DBNL,Late1
4321,ATP6V0C,Late1
4322,ANPEP,Late1
4324,CDKN2B,Late1
4326,CLEC4D,Late1
4327,F5,Late1
4328,FILIP1L,Late1
4329,CD276,Late1
4330,ANKH,Late1
4331,CDKN2A,Late1
4332,EML4,Late1
4335,FXYD5,Late1
4336,AGAP4,Late1
4337,ERC1,Late1
4338,ACSS2,Late1
4339,DHRS7B,Late1
4340,DECR1,Late1
4341,DPYD-AS1,Late1
4342,APOBEC3C,Late1
4343,FAM104A,Late1
4344,DICER1,Late1
4345,ANXA4,Late1
4346,AP4S1,Late1
4347,FOCAD,Late1
4348,ADCK1,Late1
4349,ETV2,Late1
4350,FBXW11,Late1
4352,DBP,Late1
4353,DEGS1,Late1
4354,CLK1,Late1
4355,FAM160B1,Late1
4356,CLK4,Late1
4357,FBXO7,Late1
4358,B3GALT4,Late1
4359,CCDC92,Late1
4365,DCAF11,Late1
4366,DCP2,Late1
4367,ACBD4,Late1
4368,CDKN1C,Late1
4369,CAT,Late1
4370,ABHD8,Late1
4373,CLDN23,Late1
4374,ANKRD45,Late1
4375,AP5S1,Late1
4377,EZH1,Late1
4378,DNASE1,Late1
4379,CALCB,Late1
4382,BOD1L1,Late1
4383,ATG16L2,Late1
4384,CAPN3,Late1
4385,CELF6,Late1
4386,ALCAM,Late1
4387,ABR,Late1
4388,CYB5R4,Late1
4390,EVI2A,Late1
4391,DNAJC27,Late1
4392,AVIL,Late1
4393,EXOC5,Late1
4394,ARHGAP4,Late1
4395,GAB3,Late1
4396,BTNL8,Late1
4397,FAM78A,Late1
4398,CYTH1,Late1
4399,ABCC5,Late1
4400,APAF1,Late1
4401,ANGEL2,Late1
4402,ADAM20,Late1
4403,ADHFE1,Late1
4404,AMPD3,Late1
4405,CHST2,Late1
4407,FHDC1,Late1
4408,AP2A1,Late1
4409,DNTTIP1,Late1
4410,DNAH1,Late1
4411,CYLD,Late1
4412,C6orf89,Late1
4413,C2orf42,Late1
4414,BMP2K,Late1
4415,GAB2,Late1
4416,CCS,Late1
4417,A2M,Late1
4418,ABCD4,Late1
4419,ARC,Late1
4420,ACBD5,Late1
4421,CC2D2A,Late1
4423,DNAJC27-AS1,Late1
4424,ATG4C,Late1
4425,ARMCX4,Late1
4426,BDNF-AS,Late1
4427,FGD2,Late1
4428,ATF7IP,Late1
4429,GABARAP,Late1
4430,ANKZF1,Late1
4432,ATG13,Late1
4434,CTSO,Late1
4435,BTN2A1,Late1
4436,AFF1,Late1
4437,ATE1,Late1
4438,EFCAB6,Late1
4439,DUSP10,Late1
4440,ABCD1,Late1
4442,CD40,Late1
4444,C15orf39,Late1
4445,CISH,Late1
4447,ARHGEF6,Late1
4448,FCGRT,Late1
4449,CFAP70,Late1
4450,DTNA,Late1
4451,DOCK4,Late1
4452,ADAP1,Late1
4453,ADPGK,Late1
4454,ARRB2,Late1
4455,BHLHE40,Late1
4456,ATP6V0D1,Late1
4457,ADGRE2,Late1
4458,ACSL1,Late1
4459,EHD4,Late1
4460,CNPPD1,Late1
4461,CCDC130,Late1
4463,ARSA,Late1
4464,FHL3,Late1
4466,DTHD1,Late1
4467,DNAJC17,Late1
4468,CYB5R1,Late1
4469,ACTR10,Late1
4471,C1GALT1C1,Late1
4472,ARSB,Late1
4473,CYP4V2,Late1
4475,FNTA,Late1
4476,ATF1,Late1
4477,CMTM6,Late1
4478,GALNS,Late1
4479,APH1A,Late1
4481,C6orf47,Late1
4482,DENND4B,Late1
4483,BAZ2A,Late1
4484,ARL8A,Late1
4486,EDC3,Late1
4487,FAM161B,Late1
4489,APOL6,Late1
4491,CTSB,Late1
4493,CYHR1,Late1
4494,BTLA,Late1
4495,FBXW2,Late1
4496,ARHGAP21,Late1
4497,CTSC,Late1
4498,CNST,Late1
4499,CES3,Late1
4500,ABCA1,Late1
4501,C3orf18,Late1
4502,FRMD6,Late1
4504,FAM204A,Late1
4505,ALG11,Late1
4506,ETV3,Late1
4507,ERGIC3,Late1
4508,DUSP18,Late1
4509,ATP6V0B,Late1
4510,BIN3,Late1
4511,EMC3,Late1
4512,ADGRE5,Late1
4513,CES2,Late1
4514,FAM160B2,Late1
4515,ARRDC2,Late1
4516,B2M,Late1
4517,BCO2,Late1
4518,FAM32A,Late1
4519,CLPX,Late1
4520,DDX3X,Late1
4521,DERL2,Late1
4523,CHADL,Late1
4524,CHRNE,Late1
4526,CCDC9,Late1
4527,FGF12,Late1
4528,C4orf3,Late1
4530,DHX34,Late1
4531,ABHD17A,Late1
4532,EIF4E2,Late1
4533,BLZF1,Late1
4534,DUSP11,Late1
4535,AREL1,Late1
4536,DAZAP2,Late1
4537,CD63,Late1
4538,DLX4,Late1
4540,ATOX1,Late1
4541,FAM209A,Late1
4543,ASCC2,Late1
4544,ARRDC3-AS1,Late1
4545,ANKFY1,Late1
4546,CDKN1A,Late1
4549,FAM167A,Late1
4550,ALG14,Late1
4551,FLJ46284,Late1
4552,CDIPT,Late1
4553,FLOT1,Late1
4554,DUSP6,Late1
4555,ARPC2,Late1
4556,CD93,Late1
4557,DDOST,Late1
4558,CLN3,Late1
4559,ASPSCR1,Late1
4560,ESYT1,Late1
4561,DNAJC5,Late1
4562,BLCAP,Late1
4563,FRAT1,Late1
4564,ADAMTSL4,Late1
4565,DUSP3,Late1
4566,EXT1,Late1
4568,BEST1,Late1
4569,ERMAP,Late1
4570,ANKRD42,Late1
4571,CXorf38,Late1
4572,ACOX1,Late1
4573,BRI3,Late1
4574,AP5Z1,Late1
4575,ELMO2,Late1
4576,ATG9A,Late1
4577,FRAT2,Late1
4578,CTDSP1,Late1
4579,CARD19,Late1
4580,ASL,Late1
4581,EMP3,Late1
4582,CDC42,Late1
4583,CLASRP,Late1
4584,DCUN1D3,Late1
4585,BCAP31,Late1
4586,AP1G1,Late1
4587,DEDD,Late1
4588,CTU1,Late1
4589,CANT1,Late1
4590,CEP164,Late1
4592,FERMT3,Late1
4593,EXOC7,Late1
4594,FAM120A,Late1
4595,CTDP1,Late1
4596,AP3D1,Late1
4597,BAX,Late1
4598,AKT1S1,Late1
4599,AP2M1,Late1
4600,ACADVL,Late1
4601,ATP6AP2,Late1
4602,AGFG1,Late1
4603,CAPZA1,Late1
4604,CD151,Late1
4605,ALG2,Late1
4606,FOXN2,Late1
4607,BCL2A1,Late1
4608,ARF6,Late1
4610,ABLIM2,Late2
4611,CBFA2T3,Late2
4612,ARMC9,Late2
4613,CD70,Late2
4614,GABRB1,Late2
4615,FAT4,Late2
4616,FAM172A,Late2
4617,BBS10,Late2
4618,ETNK1,Late2
4619,ARHGEF12,Late2
4620,DYNC2LI1,Late2
4621,FBXO4,Late2
4622,ANKRD46,Late2
4623,CCDC127,Late2
4624,FANK1,Late2
4625,FUT10,Late2
4630,FOCAD-AS1,Late2
4633,EPHX1,Late2
4634,CKMT2-AS1,Late2
4635,FAM210B,Late2
4636,FHIT,Late2
4637,C1orf54,Late2
4638,AUH,Late2
4639,BRWD1,Late2
4640,EGFL7,Late2
4641,FARP2,Late2
4642,ABCC1,Late2
4643,BBS9,Late2
4644,ELMO1,Late2
4645,C11orf71,Late2
4646,DUSP19,Late2
4647,C12orf76,Late2
4648,EEF2,Late2
4649,ATG2B,Late2
4650,DICER1-AS1,Late2
4651,CEP63,Late2
4652,BTN3A1,Late2
4653,C7orf25,Late2
4655,CELF4,Late2
4656,CCDC28A,Late2
4657,CIITA,Late2
4658,BTN2A2,Late2
4659,FNDC3A,Late2
4661,C2CD5,Late2
4662,FUZ,Late2
4663,AMZ2,Late2
4664,CEP44,Late2
4665,CUL4B,Late2
4666,CBR4,Late2
4667,C21orf62-AS1,Late2
4668,FBXO32,Late2
4669,C11orf54,Late2
4670,AMT,Late2
4672,FBXO3,Late2
4673,CDK5RAP3,Late2
4674,ACP5,Late2
4675,FSIP2,Late2
4676,FUT3,Late2
4677,CXCL12,Late2
4680,CNNM4,Late2
4682,BTN3A3,Late2
4683,CBLB,Late2
4684,CHKA,Late2
4685,CBX7,Late2
4687,C7orf61,Late2
4688,FA2H,Late2
4689,ANKRD18A,Late2
4690,ALDH1A1,Late2
4691,B3GNT7,Late2
4692,CCDC149,Late2
4693,CEP104,Late2
4694,CD83,Late2
4695,CCDC126,Late2
4696,CAB39L,Late2
4701,FEM1C,Late2
4702,CCSAP,Late2
4703,GAS2L3,Late2
4704,DCUN1D1,Late2
4705,EMC2,Late2
4706,FAM200A,Late2
4707,C8orf89,Late2
4708,C4orf47,Late2
4710,CBY1,Late2
4711,ARHGEF7,Late2
4712,DTNBP1,Late2
4713,ANKMY2,Late2
4714,APC,Late2
4715,CMC1,Late2
4716,DCAF10,Late2
4717,FNIP2,Late2
4718,ACSF3,Late2
4719,FBXO25,Late2
4720,ABCA5,Late2
4721,EIF2AK4,Late2
4722,CCDC50,Late2
4723,CLASP2,Late2
4724,CNOT6L,Late2
4725,CNNM2,Late2
4726,EFCAB13,Late2
4727,CDH26,Late2
4728,CAMTA1,Late2
4729,FBXL4,Late2
4730,BACE2,Late2
4731,ARHGEF9,Late2
4732,DNAJB4,Late2
4733,DLEU2,Late2
4734,CAMK2G,Late2
4735,ERMP1,Late2
4736,APLF,Late2
4737,DHRS4L2,Late2
4739,AK9,Late2
4740,ERV3-1,Late2
4742,FAM53B-AS1,Late2
4743,ERAS,Late2
4744,AMER2,Late2
4746,FHAD1,Late2
4747,GALR2,Late2
4748,ADRA2B,Late2
4752,ELP4,Late2
4754,CDK8,Late2
4755,FNBP1L,Late2
4758,CLUL1,Late2
4760,DSEL,Late2
4761,ACSS1,Late2
4762,ARF4-AS1,Late2
4763,C11orf65,Late2
4765,BEAN1-AS1,Late2
4766,DNAH2,Late2
4767,FAAH2,Late2
4768,ARHGEF2,Late2
4771,DDX39B-AS1,Late2
4772,CD274,Late2
4777,FILIP1,Late2
4779,C12orf4,Late2
4780,FRMD4A,Late2
4782,CCDC30,Late2
4784,CABLES1,Late2
4785,FUCA1,Late2
4786,ABCB7,Late2
4787,ADAMTS14,Late2
4789,FOXH1,Late2
4792,CLDN22,Late2
4793,ADCY2,Late2
4796,C17orf100,Late2
4797,ENPP2,Late2
4799,BBS12,Late2
4800,APMAP,Late2
4801,CLN5,Late2
4802,ABCG1,Late2
4804,CLN8,Late2
4805,FRMD4B,Late2
4806,BDNF,Late2
4807,FOSB,Late2
4808,DTWD1,Late2
4809,EPHA7,Late2
4810,ABI3BP,Late2
4811,CLNK,Late2
4813,CXorf58,Late2
4814,FAM182B,Late2
4815,BIVM,Late2
4816,FBXO16,Late2
4817,FMO5,Late2
4818,CALCRL,Late2
4819,CD27-AS1,Late2
4821,CEP162,Late2
4822,EXT2,Late2
4823,ERICH6,Late2
4824,ARL5C,Late2
4826,CCDC152,Late2
4828,FAM182A,Late2
4829,CCDC146,Late2
4830,CCDC191,Late2
4831,FBXW12,Late2
4834,DPEP3,Late2
4837,FGF2,Late2
4839,CFAP44-AS1,Late2
4841,CD177,Late2
4844,CNGB3,Late2
4847,EMID1,Late2
4848,CDKL2,Late2
4850,ABHD10,Late2
4851,FALEC,Late2
4852,GALR1,Late2
4857,C17orf78,Late2
4858,CHI3L1,Late2
4859,CDC73,Late2
4861,AMDHD2,Late2
4863,FKBP9,Late2
4865,FAM3D-AS1,Late2
4866,DPM1,Late2
4867,GADD45G,Late2
4869,BIRC3,Late2
4870,CUTC,Late2
4871,ADNP-AS1,Late2
4872,CMTR2,Late2
4873,CNBP,Late2
4874,DEF8,Late2
4875,ASB13,Late2
4876,DDIT3,Late2
4877,DNAJC16,Late2
4878,APOL2,Late2
4879,ADI1,Late2
4880,ASB8,Late2
4881,C1orf52,Late2
4882,CCDC174,Late2
4883,CNEP1R1,Late2
4884,AJAP1,Late2
4885,ANXA3,Late2
4886,BAIAP2,Late2
4887,DPP4,Late2
4888,ATP2B1,Late2
4889,ABHD13,Late2
4890,CDV3,Late2
4893,GAS2L2,Late2
4896,CDC16,Late2
4897,BTF3L4,Late2
4898,ATG12,Late2
4899,F8,Late2
4900,CYSLTR2,Late2
4902,BMPR1B,Late2
4903,BMP7,Late2
4904,ARHGAP5-AS1,Late2
4905,APPL1,Late2
4906,CBX6,Late2
4907,ARRDC4,Late2
4911,CFB,Late2
4912,CYP1B1,Late2
4914,AZU1,Late2
4915,FRMD6-AS1,Late2
4916,CABP7,Late2
4918,ANGPTL4,Late2
4919,ADAMTS13,Late2
4922,CNIH2,Late2
4923,DHRS4-AS1,Late2
4924,C12orf60,Late2
4926,ACKR2,Late2
4929,AKAP3,Late2
4931,APELA,Late2
4932,DNASE1L2,Late2
4933,AKIP1,Late2
4934,CCDC153,Late2
4938,AHRR,Late2
4940,BBS4,Late2
4941,AMN1,Late2
4942,ALS2,Late2
4943,ADAMTS17,Late2
4944,CCNB3,Late2
4946,BBS2,Late2
4947,FECH,Late2
4948,ETFDH,Late2
4949,DISP1,Late2
4950,ARHGAP5,Late2
4951,CDH13,Late2
4952,ABHD6,Late2
4953,CD59,Late2
4954,FRK,Late2
4955,FTCDNL1,Late2
4956,FRS3,Late2
4959,FCGR2B,Late2
4960,DNMT3A,Late2
4961,C9orf64,Late2
4971,CBX8,Late2
4976,CFAP73,Late2
4977,ANKRD13A,Late2
4978,FBXO8,Late2
4979,ERLEC1,Late2
4980,ATG14,Late2
4981,ANKRA2,Late2
4982,DCAF8,Late2
4983,CIR1,Late2
4984,CD47,Late2
4985,AMY2B,Late2
4998,C16orf70,Late2
4999,DBT,Late2
5001,FAM177B,Late2
5002,CCDC85A,Late2
5004,AURKC,Late2
5005,FAM47E,Late2
5006,APOL4,Late2
5007,FPR3,Late2
5008,ARMCX6,Late2
5009,DZIP1L,Late2
5010,CLEC4A,Late2
5011,CACUL1,Late2
5012,AKAP11,Late2
5013,AGA,Late2
5014,CYBRD1,Late2
5015,APPL2,Late2
5016,CUEDC1,Late2
5017,CAPN7,Late2
5018,ANKAR,Late2
5019,CCND2,Late2
5021,C2orf76,Late2
5022,ERBB2,Late2
5023,FBXO39,Late2
5024,CUL9,Late2
5025,DUSP22,Late2
5026,BCAS3,Late2
5027,EPG5,Late2
5028,FBXL20,Late2
5029,ALKBH3,Late2
5030,FAM156A,Late2
5032,GABPB2,Late2
5033,ABL2,Late2
5034,DPH6,Late2
5036,CDC42SE2,Late2
5037,C9orf85,Late2
5038,EXOC4,Late2
5039,AMBRA1,Late2
5041,CEPT1,Late2
5042,ELP3,Late2
5043,FMO4,Late2
5044,DMXL2,Late2
5045,ALS2CL,Late2
5047,FAM193B,Late2
5048,FAM160A2,Late2
5049,BORCS5,Late2
5050,BTRC,Late2
5051,CTDSPL,Late2
5052,ANKS1A,Late2
5053,ALDH3A2,Late2
5054,GALK2,Late2
5055,EXOC6B,Late2
5056,ABL1,Late2
5057,ABCA10,Late2
5058,CLEC16A,Late2
5059,FAM193A,Late2
5060,FAM168A,Late2
5061,CAMK1D,Late2
5062,ABI1,Late2
5063,ATXN2,Late2
5065,FGD6,Late2
5066,AP3B1,Late2
5067,ATXN7,Late2
5068,FBXO11,Late2
5069,BRAF,Late2
5070,ATM,Late2
5071,BAZ2B,Late2
5072,FIG4,Late2
5073,ACOT12,Late2
5074,ENTPD3-AS1,Late2
5075,DRD4,Late2
5078,FCHSD2,Late2
5080,DMXL1,Late2
5081,ANKRD24,Late2
5082,CDS2,Late2
5083,CMTM7,Late2
5084,DCAF6,Late2
5085,CBFA2T2,Late2
5086,CCDC18-AS1,Late2
5087,ATP7A,Late2
5088,CDC40,Late2
5089,ANAPC4,Late2
5090,CCDC91,Late2
5091,CAMSAP2,Late2
5092,ANKRD12,Late2
5093,EPC1,Late2
5094,FNIP1,Late2
5095,EDA,Late2
5096,EXD3,Late2
5097,CNOT4,Late2
5098,C9orf106,Late2
5099,DET1,Late2
5100,CD99L2,Late2
5101,ARL11,Late2
5104,ANKRD37,Late2
5105,DTX2,Late2
5106,ANAPC10,Late2
5109,CLEC2D,Late2
5111,CLCC1,Late2
5112,C2orf27A,Late2
5113,C11orf45,Late2
5115,CCDC93,Late2
5116,DCAF7,Late2
5117,DACH1,Late2
5118,CD247,Late2
5119,ABCA7,Late2
5120,FUT11,Late2
5121,ANO5,Late2
5122,ADAMTSL3,Late2
5124,CAMK1,Late2
5129,ANO2,Late2
5130,ADAMTS2,Late2
5131,ANK3,Late2
5132,DNAJB14,Late2
5134,FAM110B,Late2
5135,FCGR3A,Late2
5137,EFCAB9,Late2
5138,C14orf28,Late2
5147,BTC,Late2
5150,CARNS1,Late2
5151,CCDC115,Late2
5152,ERI2,Late2
5155,CASS4,Late2
5156,ACE,Late2
5157,EPB41L3,Late2
5158,ATRN,Late2
5159,DAPK1,Late2
5160,ADIPOR1,Late2
5161,CNGA1,Late2
5162,ABCA6,Late2
5163,AP1B1,Late2
5164,DAGLA,Late2
5165,CH25H,Late2
5166,C1QC,Late2
5167,F13A1,Late2
5168,CD163L1,Late2
5169,ABHD12B,Late2
5170,EVI5,Late2
5171,CD200R1,Late2
5172,ESYT3,Late2
5173,C1QA,Late2
5174,CLSTN2,Late2
5175,ENDOV,Late2
5176,CNRIP1,Late2
5177,FLCN,Late2
5178,FAM126B,Late2
5179,AGAP3,Late2
5180,AHCYL2,Late2
5181,ALG13,Late2
5182,FBXL17,Late2
5183,CLEC10A,Late2
5184,FOLR2,Late2
5185,FAXDC2,Late2
5186,AP2A2,Late2
5190,C1orf127,Late2
5191,DRAM2,Late2
5192,CD28,Late2
5193,ARMCX3,Late2
5194,FAM219B,Late2
5195,ASTN1,Late2
5199,GALC,Late2
5204,FOXD1,Late2
5205,DDIT4L,Late2
5206,FABP3,Late2
5207,AKAP8L,Late2
5208,CASC11,Late2
5209,CUL5,Late2
5210,BMPR1A,Late2
5211,DHX58,Late2
5212,EIF1,Late2
5213,CD46,Late2
5214,CD84,Late2
5215,CES4A,Late2
5216,DENND2C,Late2
5217,ABHD4,Late2
5218,DCAF5,Late2
5219,ASRGL1,Late2
5220,AFF4,Late2
5221,CITED2,Late2
5222,ERBB4,Late2
5223,FAM91A1,Late2
5225,EPAS1,Late2
5226,ATP1B1,Late2
5227,CDS1,Late2
5228,DENND4A,Late2
5229,EVL,Late2
5230,DENND4C,Late2
5231,ATAD2B,Late2
5232,ANGPT4,Late2
5233,CCDC186,Late2
5234,AGO1,Late2
5236,FUCA2,Late2
5237,EXOC2,Late2
5238,DHX32,Late2
5239,ANKRD13C,Late2
5240,EPN2,Late2
5241,CEP85L,Late2
5242,CATSPERG,Late2
5243,FAM13B,Late2
5244,ADD1,Late2
5245,ARHGAP12,Late2
5246,CCNY,Late2
5247,C20orf194,Late2
5248,ASH1L,Late2
5249,EEA1,Late2
5252,EPS8,Late2
5253,FGD4,Late2
5254,BBIP1,Late2
5255,ACVR2A,Late2
5256,CLEC6A,Late2
5257,AVPI1,Late2
5260,CLEC2B,Late2
5261,FAR1,Late2
5263,FERMT2,Late2
5265,CXADR,Late2
5267,CLTC,Late2
5271,CFLAR-AS1,Late2
5273,AICDA,Late2
5276,ACP2,Late2
5277,CYTH3,Late2
5278,FZD5,Late2
5279,CD109,Late2
5280,ADGRE1,Late2
5281,CCDC80,Late2
5282,GALNT11,Late2
5283,ADM,Late2
5284,C5orf15,Late2
5285,AQP3,Late2
5286,CLTA,Late2
5287,ADAM9,Late2
5288,BLVRA,Late2
5289,ENTPD6,Late2
5290,CFL2,Late2
5291,BCL6,Late2
5292,FMOD,Late2
5293,FAM50A,Late2
5294,ANKRD17,Late2
5295,DQX1,Late2
5296,ATG5,Late2
5297,ARHGAP20,Late2
5298,CLOCK,Late2
5299,AP3S1,Late2
5300,BEND7,Late2
5303,C15orf48,Late2
5304,GABRA4,Late2
5305,C2orf68,Late2
5306,FZD7,Late2
5307,FAM131A,Late2
5308,FAM177A1,Late2
5311,EVI5L,Late2
5312,AGPS,Late2
5313,DGKG,Late2
5314,CHMP4A,Late2
5315,ATP6V1F,Late2
5316,CDKL5,Late2
5320,ALG1L9P,Late2
5323,CFAP53,Late2
5324,CCNI,Late2
5325,ERMARD,Late2
5326,EPN2-AS1,Late2
5327,CCDC144NL-AS1,Late2
5330,FAM20A,Late2
5331,EAPP,Late2
5333,DRAIC,Late2
5334,BFSP2,Late2
5335,EFEMP2,Late2
5336,EVC2,Late2
5337,DIDO1,Late2
5338,ATG4B,Late2
5339,CXXC5,Late2
5341,ATRX,Late2
5342,DENND1B,Late2
5343,CCDC112,Late2
5344,CCDC15,Late2
5345,CCDC7,Late2
5346,EMSY,Late2
5347,FOXN3,Late2
5348,EFCAB11,Late2
5349,ARID3B,Late2
5350,DDX58,Late2
5351,B4GALT4,Late2
5352,ADAMTS10,Late2
5353,CHMP5,Late2
5354,CEP135,Late2
5355,CCDC183,Late2
5356,FLJ31104,Late2
5357,CCDC88B,Late2
5358,DCLRE1C,Late2
5359,AKTIP,Late2
5360,APIP,Late2
5363,ANKRD50,Late2
5364,BNIP3L,Late2
5365,CD74,Late2
5368,EPB41L1,Late2
5369,CHD6,Late2
5370,AKT3,Late2
5371,CARF,Late2
5372,C2,Late2
5373,FICD,Late2
5374,FAM185A,Late2
5375,ARID4A,Late2
5376,FBXW4,Late2
5377,CDK19,Late2
5378,CTNNBIP1,Late2
5379,EXOC6,Late2
5380,FBXO33,Late2
5381,FBXO24,Late2
5382,ANO6,Late2
5383,FAM174A,Late2
5384,DYRK1A,Late2
5385,CDK13,Late2
5386,BTBD8,Late2
5387,FAM214A,Late2
5388,ARID4B,Late2
5389,DERA,Late2
5390,EAF2,Late2
5391,C4orf33,Late2
5392,CLYBL,Late2
5393,CCDC125,Late2
5394,ARV1,Late2
5395,FARP1,Late2
5396,AHDC1,Late2
5397,AAK1,Late2
5398,DDB2,Late2
5399,FAM222B,Late2
5400,CTIF,Late2
5401,ANKIB1,Late2
5402,DYM,Late2
5403,CCSER2,Late2
5404,CMTM8,Late2
5405,FOXP1,Late2
5407,DTWD2,Late2
5408,ARID5B,Late2
5409,FRYL,Late2
5411,CLMN,Late2
5412,ATF2,Late2
5413,FBXO34,Late2
5414,CYFIP1,Late2
5415,FYCO1,Late2
5416,FOXJ2,Late2
5417,DNASE2,Late2
5418,B3GNT2,Late2
5419,ARIH1,Late2
5421,GAPVD1,Late2
5423,FUT5,Late2
5424,C6orf99,Late2
5427,ECT2L,Late2
5428,ANKRD18B,Late2
5430,CAPN8,Late2
5432,FBXO17,Late2
5434,CAPS,Late2
5435,C1orf50,Late2
5436,C1QL3,Late2
5438,CYSRT1,Late2
5439,DCAF4L1,Late2
5440,ADCY10,Late2
5441,BRCC3,Late2
5442,C1D,Late2
5443,ETFBKMT,Late2
5444,EMC9,Late2
5445,CNOT11,Late2
5446,CMYA5,Late2
5447,ABCC11,Late2
5448,BLOC1S3,Late2
5449,CWF19L1,Late2
5450,C8orf37,Late2
5451,ACTA2-AS1,Late2
5452,ACTL10,Late2
5453,ATAD3C,Late2
5454,C22orf39,Late2
5456,DUSP7,Late2
5457,ANKS3,Late2
5458,CLTB,Late2
5459,CELSR3,Late2
5460,APOL1,Late2
5461,CACNA2D1,Late2
5462,C1orf56,Late2
5463,CH17-340M24.3,Late2
5464,CHMP2B,Late2
5465,CAHM,Late2
5467,ATP6V1D,Late2
5468,ATXN1L,Late2
5469,CAAP1,Late2
5470,DNAJC1,Late2
5471,CERS4,Late2
5472,DNMBP,Late2
5474,BCORL1,Late2
5475,C3orf38,Late2
5476,CAMK2D,Late2
5477,ADGRD1,Late2
5479,EHBP1L1,Late2
5482,ATP11B,Late2
5483,CALML4,Late2
5484,AEBP2,Late2
5485,CNOT2,Late2
5487,APOOL,Late2
5488,EFNA3,Late2
5490,CCNYL1,Late2
5492,DENND2D,Late2
5493,FKBP14,Late2
5494,C18orf25,Late2
5495,ELAVL4,Late2
5496,DCUN1D4,Late2
5497,EPB41L4A,Late2
5498,AGRN,Late2
5499,AK4,Late2
5500,CYSTM1,Late2
5501,AP1AR,Late2
5502,APCDD1,Late2
5503,ETV1,Late2
5504,FBXO27,Late2
5505,ALDH1L2,Late2
5506,ANO8,Late2
5507,FRRS1,Late2
5508,EFNA5,Late2
5509,CDC42BPA,Late2
5510,GABRB2,Late2
5511,ADAMTS12,Late2
5512,BCL2L1,Late2
5513,CAMKMT,Late2
5514,ERRFI1,Late2
5515,ASTN2,Late2