Unipro_ID,Uniprot_name,Start,End,Length,RegionType,ProteinRegionSeq
P50549,ETV1_HUMAN,36,83,47,Prediction,RDLAHDSEELFQDLSQLQETWLAEAQVPDNDEQFVPDYQAESLAFHG
Q96AP4,ZUP1_HUMAN,180,218,38,Prediction,LDIPLEDCDQPLYDCPMCGLICTNYHILQEHVDLHLEE
Q03701,CEBPZ_HUMAN,20,66,46,Prediction,AVEDPDEEDEDNTSEAENGFSLEEVLRLGGTKQDYLMLATLDENEE
O43524,FOXO3_HUMAN,605,648,43,Prediction,KFPSDLDLDMFNGSLECDMESIIRSELMDADGLDFNFDSLIST
Q9NQX1,PRDM5_HUMAN,94,144,50,Prediction,NLAAIQEGENIFYLAVEDIETDTELLIGYLDSDMEAEEEEQQIMTVIKEG
P15172,MYOD1_HUMAN,2,50,48,Prediction,LLSPPLRDVDLTAPDGSLCSFATTDDFYDDPCFDSPDLRFFEDLDPRL
Q7RTS3,PTF1A_HUMAN,1,75,74,Prediction,DAVLLEHFPGGLDAFPSSYFDEDDFFTDQSSRDPLEDGDELLADEQAEVEFLSHQLHEYCYRDGACLLLQPAPP
Q05516,ZBT16_HUMAN,79,139,60,Prediction,FQQILEYAYTATLQAKAEDLDDLLYAAEILEIEYLEEQCLKMLETIQASDDNDTEATMAD
Q9NS37,ZHANG_HUMAN,74,132,58,Prediction,VRAPSPEEMEEEAIASLPGEETEDMDFLSGLELADLLDPRQPDWHLDPGLSSPGPLSS
Q86W11,ZSC30_HUMAN,89,132,43,Prediction,LLMLEQFLAILPEELQAWLREHRPENGEEAVTMLEELEKELEE
P78413,IRX4_HUMAN,249,289,40,Prediction,KEEKELELSDLDDFDPLEAEPPACELKPPFHSLDGGLERV
Q13398,ZN211_HUMAN,27,83,56,Prediction,PASGSVTFEDVAVYFSWEEWDLLDEAQKHLYFDVMLENFALTSSLGCWCGVEHEET
Q8WTR7,ZN473_HUMAN,0,128,128,Prediction,MAEEFVTLKDVGMDFTLGDWEQLGLEQGDTFWDTALDNCQDLFLLDPPRPNLTSHPDGSEDLEPLAGGSPEATSPDVTETKNSPLMEDFFEEGFSQEIIEMLSKDGFWNSNFGEACIEDTWLDSLLGD
P54274,TERF1_HUMAN,44,93,49,Prediction,LECQVQVGAPEEEEEEEEDAGLVAEAEAVAAGWMLDFLCLSLCRAFRDG
Q16665,HIF1A_HUMAN,533,572,39,Prediction,ELVEKLFAEDTEAKNPFSTQDTDLDLEMLAPYIPMDDDF
P0CG23,ZN853_HUMAN,294,350,56,Prediction,LQQQQEQLQQQQLQPPPLEPEEEEEVELELMPVDLGSEQELEQQRQELERQQELER
O15060,ZBT39_HUMAN,274,334,60,Prediction,SCLSNSEHSKDPGFGQMDELQLEDLGDDDLQFEDPAEDIGTTEEVIELSDDSEDELAFGE
Q8NEP9,ZN555_HUMAN,7,46,39,Prediction,DVAVDFTLEEWALLDSAQRDLYRDVMLETFQNLASVDDE
O75461,E2F6_HUMAN,143,183,40,Prediction,QEELSDLSAMEDALDELIKDCAQQLFELTDDKENERLAYV
Q9UID6,ZN639_HUMAN,294,333,39,Prediction,DVQFSSSSELYLHFQEHSCDEQYLCQFCEHETNDPEDLH
Q9BYE7,PCGF6_HUMAN,68,133,65,Prediction,SLGRFRGRFEDEDEELEEEEELEEEEEEEEEDMSHFSLRLEGGRQDSEDEEERLINLSELTPYIL
Q7Z340,ZN551_HUMAN,24,62,38,Prediction,SAQGMTFEDVAIYFSQEEWELLDESQRFLYCDVMLENF
Q15047,SETB1_HUMAN,836,875,39,Prediction,LTDDFADKEGLEMGDEYFANLDHIESVENFKEGYESDAP
P18850,ATF6A_HUMAN,9,83,74,Prediction,TMESPFSPGLFHRLDEDWDSALFAELGYFTDTDELQLEAANETYENNFDNLDFDLDLMPWESDIWDINNQICTV
Q96LW9,ZSC31_HUMAN,79,118,39,Prediction,ELLVLEQFLTILPEELQAWVREHHPESGEEAVAVVEDLE
Q8IZM8,ZN654_HUMAN,132,177,45,Prediction,GSPNNSLNNVFKPLTECGDDYEEEEDEEGDYEEDDYDLNQETSVI
P04150,GCR_HUMAN,207,253,46,Prediction,TNESPWRSDLLIDENCLLSPLAGEDDSFLLEGNSNEDCKPLILPDT
Q9P0U4,CXXC1_HUMAN,268,321,53,Prediction,PPEATATPEPLSDEDLPLDPDLYQDFCAGAFDDHGLPWMSDTEESPFLDPALR
Q8WY36,BBX_HUMAN,24,70,46,Prediction,CLQWHPLLAKKLLDFSEEEEEEDEEEDIDKVQLLGADGLEQDVGET
Q8IUM7,NPAS4_HUMAN,682,787,105,Prediction,SLDLKPWKCQELDFLADPDNMFLEETPVEDIFMDLSTPDPSEEWGSGDPEAEGPGGAPSPCNNLSPEDHSFLEDLATYETAFETGVSAFPYDGFTDELHQLQSQV
Q96PN7,TREF1_HUMAN,1156,1200,44,Prediction,KDVDILDDDVVQQLGGVMEEAEVVDTDLLLDDQDSVLLQGDAEL
Q8N8E2,ZN513_HUMAN,11,84,73,Prediction,VKCEGVKVDTEDSLDEGPGALVLESDLLLGQDLEFEEEEEEEEGDGNSDQLMGFERDSEGDSLGARPGLPYGL
P43268,ETV4_HUMAN,39,90,51,Prediction,MDPGSLPPLDSEDLFQDLSHFQETWLAEAQVPDSDEQFVPDFHSENLAFHS
P19838,NFKB1_HUMAN,744,788,44,Prediction,PLVENFEPLYDLDDSWENAGEDEGVVPGTTPLDMATSWQVFDIL
Q96HQ0,ZN419_HUMAN,8,46,38,Prediction,PAQVPVAADLLTDHEEGYVTFEDVAVYFSQEEWRLLDD
P36956,SRBP1_HUMAN,2,53,51,Prediction,EPPFSEAALEQALGEPCDLDAALLTDIEDMLQLINNQDSDFPGLFDPPYAG
Q6NT04,TIGD7_HUMAN,407,446,39,Prediction,PEYDFQGLEHGDYREILEKCGELETKLDDDRVWLNGDEE
P52630,STAT2_HUMAN,698,768,70,Prediction,SNRQVDELQQPLELKPEPELESLELELGLVPEPELSLDLEPLLKAGLDLGPELESVLESTLEPVIEPTLC
Q96MM3,ZFP42_HUMAN,60,98,38,Prediction,QALGGDDFSDCYIECVIRGEFSQPILEEDSLFESLEYL
Q96JG9,ZN469_HUMAN,2875,2921,46,Prediction,GPARLPTDLSDSSSLCLCHEDPWEDEDPAGLPESFLLDGFLNSRVP
Q06945,SOX4_HUMAN,395,438,43,Prediction,SSDDEFEDDLLDLNPSSNFESMSLGSFSSSSALDRDLDFNFEP
O43309,ZSC12_HUMAN,83,133,50,Prediction,QILELLVLEQFLTILPEELQAWVQEQHPESGEEVVTVLEDLERELDEPGE
Q7Z3V5,ZN571_HUMAN,10,48,38,Prediction,VAIDFSQEEWECLDPAQRDLYRDVMLENYSNLISLDLE
Q96MU6,ZN778_HUMAN,38,83,45,Prediction,QDAVTFDDVAVDFTQEEWTLLDPSQRDLYRDVMLENYENLASVEW
P98177,FOXO4_HUMAN,461,505,44,Prediction,SQDRMPQDLDLDMYMENLECDMDNIISDLMDEGEGLDFNFEPDP
Q8IX15,HOMEZ_HUMAN,488,528,40,Prediction,RLSTQQVLDWFDSRLPQPAEVVVCLDEEEEEEEEELPEDD
Q16254,E2F4_HUMAN,366,407,41,Prediction,LLEELMSSEVFAPLLRLSPPPGDHDYIYNLDESEGVCDLFD
P17947,SPI1_HUMAN,34,72,38,Prediction,YYPYLSSDGESHSDHYWDFHPHHVHSEFESFAENNFTE
P01106,MYC_HUMAN,11,50,39,Prediction,YDLDYDSVQPYFYCDEEENFYQQQQQSELQPPAPSEDIW
Q7Z7K2,ZN467_HUMAN,99,137,38,Prediction,DEDQEAEEEVEWPQHLSLLPSPFPAPDLGHLAAAYKLE
Q12772,SRBP2_HUMAN,1,56,55,Prediction,DDSGELGGLETMETLTELGDELTLGDIDEMLQFVSNQVGEFPDLFSEQLCSSFPG
Q9ULD5,ZN777_HUMAN,453,495,42,Prediction,EEQDEEEEEEEEDELPQHLQSLGQLSGRYEASMYQTPLPGEM
O60304,ZN500_HUMAN,4,53,49,Prediction,PGLQPLPTLEQDLEQEEILIVKVEEDFCLEEEPSVETEDPSPETFRQLF
Q9Y330,ZBT12_HUMAN,166,214,48,Prediction,PPPPPLPPPLLRPVKLEFPLDEDLELKAEEEDEDEDEDVSDICIVKVE
P19532,TFE3_HUMAN,490,541,51,Prediction,QPPAPPSDALLDLHFPSDHLGDLGDPFHLGLEDILMEEEEGVVGGLSGGAL
Q14494,NF2L1_HUMAN,432,485,53,Prediction,ELPDPLGGLLDEAMLDEISLMDLAIEEGFNPVQASQLEEEFDSDSGLSLDSSH
Q6R2W3,SCND3_HUMAN,91,137,46,Prediction,LELLVLEQFLTILPEELQSWVREHNPESGEEVVTLLEDLERELDEP
Q15776,ZKSC8_HUMAN,90,134,44,Prediction,LELLVLEQFLTILPEELQTLVKEHQLENGEEVVTLLEDLERQID
Q01094,E2F1_HUMAN,379,437,58,Prediction,ADSLLEHVREDFSGLLPEEFISLSPPHEALDYHFGLEEGEGIRDLFDCDFGDLTPLDF
Q9UGL1,KDM5B_HUMAN,869,909,40,Prediction,EDFQQHSQKLLSEETPSAAELQDLLDVSFEFDVELPQLAE
Q8WYN3,CSRN3_HUMAN,137,181,44,Prediction,TKNGTVESEEASTLTLDDISDDDIDLDNTEVDEYFFLQPLPTKK
O96006,ZBED1_HUMAN,641,680,39,Prediction,DEQVFLYENARSGAEAEPEDQDEGEWGLDQEQVFSLGDG
Q2KHR2,RFX7_HUMAN,756,798,42,Prediction,QLPLQSELKEFEPSVSQTNESYFPFDDELTQDSIVEELVLME
Q15911,ZFHX3_HUMAN,1462,1501,39,Prediction,LYGGLLANGDLLAMGDPTLAEDHTIIVEEDKEEESDLED
Q13129,RLF_HUMAN,478,523,45,Prediction,CHQLLGQEASDSDDDLSGYEMSINDTDVLESFLSDYDEGKEDKQY
Q8IUX7,AEBP1_HUMAN,13,55,42,Prediction,LALLALCPGGRPQTVLTDDEIEEFLEGFLSELEPEPREDDVE
Q8IUX7,AEBP1_HUMAN,665,714,49,Prediction,PSLNPDGYEVAAQMGSEFGNWALGLWTEEGFDIFEDFPDLNSVLWGAEE
Q8IUX7,AEBP1_HUMAN,1083,1158,75,Prediction,ETYTEVVTEFGTEVEPEFGTKVEPEFETQLEPEFETQLEPEFEEEEEEEKEEEIATGQAFPFTTVETYTVNFGDF
Q9BQA5,HINFP_HUMAN,29,93,64,Prediction,EKFFEHVTQHLQQHLHGSGEEEEEEEEDDPLEEEFSCLWQECGFCSLDSSADLIRHVYFHCYHT
Q86UZ6,ZBT46_HUMAN,523,566,43,Prediction,PEALFPGDGPYLEDPEDPRGEAEELGEDDEGLAPEDALLADDK
Q8NFU7,TET1_HUMAN,1964,2005,41,Prediction,EADEPPSDEPLSDDPLSPAEEKLPHIDEYWSDSEHIFLDAN
P78545,ELF3_HUMAN,133,173,40,Prediction,DELSWIIELLEKDGMAFQEALDPGPFDQGSPFAQELLDDG
Q3SY52,ZIK1_HUMAN,38,77,39,Prediction,DEWGLLDEAQRLLYLEVMLENFALVASLGCGHGTEDEET
Q9UC06,ZNF70_HUMAN,25,67,42,Prediction,FPGEDLGDPFLQERGLEQMAVIYKEIPLGEQDEENDDYEGNF
Q6P1N0,C2D1A_HUMAN,21,60,39,Prediction,GLLVDLSPDGLMIPEDGANDEELEAEFLALVGGQPPALE
Q6ZSZ6,TSH1_HUMAN,518,556,38,Prediction,ESEDSLEKFEPSTLYPYLREEDLDDSPKGGLDILKSLE
P49910,ZN165_HUMAN,88,128,40,Prediction,LELLVLEQFLTILPGDLQAWVHEHYPESGEEAVTILEDLE
P41161,ETV5_HUMAN,31,83,52,Prediction,RKFLDTDLAHDSEELFQDLSQLQEAWLAEAQVPDDEQFVPDFQSDNLVLHAP
P41161,ETV5_HUMAN,469,508,39,Prediction,ESECHLSEEDTLPLTHFEDSPAYLLDMDRCSSLPYAEGF
Q9NRM2,ZN277_HUMAN,254,315,61,Prediction,NREYDRFYVINYLELGKSWEEVQLEDDRELLDHQEDDWSDWEEHPASAVCLFCEKQAETIE
Q9NRM2,ZN277_HUMAN,389,432,43,Prediction,TWDQLEYYFPTYENDTLLCTLSDSESDLTAQEQNENVPIISED
Q9H582,ZN644_HUMAN,851,947,96,Prediction,SYETEDESSWDNVELGDYTTQAIEDETYSDINQEHVNLFPLFKSKVEGQEPGENATLSYDQNDGFYFEYYEDTGSNNFLHEIHDPQHLETADASLS
Q04206,TF65_HUMAN,432,476,44,Prediction,EGTLSEALLQLQFDDEDLGALLGNSTDPAVFTDLASVDNSEFQQ
Q9UMN6,KMT2B_HUMAN,1968,2009,41,Prediction,PPEDLGPDFEDMEVVSGLSAADLDFAASLLGTEPFQEEIVA
Q9BVI0,PHF20_HUMAN,604,659,55,Prediction,VKALEEDNLSESSSESFLWSDDEYGQDVDVTTNPDEELDGDDRYDFEVVRCICEV
Q9BVI0,PHF20_HUMAN,939,978,39,Prediction,FNLLTHVESLQDEVTHRMDSIEKELDVLESWLDYTGELE
P11473,VDR_HUMAN,195,236,41,Prediction,MMDSSSFSNLDLSEEDSDDPSVTLELSQLSMLPHLADLVSY
Q15329,E2F5_HUMAN,301,342,41,Prediction,IIDELMSSDVFPLLRLSPTPADDYNFNLDDNEGVCDLFDVQ
Q9Y2N7,HIF3A_HUMAN,462,509,47,Prediction,FTSGKDTEAVETDLDIAQDADALDLEMLAPYISMDDDFQLNASEQLP
Q96S65,CSRN1_HUMAN,382,433,51,Prediction,QPGVDDDSLARILSFSDSDFGGEEEEEEEGSVGNLDNLSCFHPADIFGTSD
P17014,ZNF12_HUMAN,58,98,40,Prediction,KLEQGEEPWIVEGEFLLQSYPDEVWQTDDLIERIQEEENK
A6NFI3,ZN316_HUMAN,128,185,57,Prediction,PRDEDLEEEEEEEEDEDEDDLLTAGCQELVTFEDVAVYFSLEEWERLEADQRGLYQE
A6NFI3,ZN316_HUMAN,230,277,47,Prediction,TGVYTGAWFWTDDIEDHEEEDDEDFLAEVAEEENEPPGLWSAAYGVG
O95785,WIZ_HUMAN,238,276,38,Prediction,GPYLCELLEEVAEGVASPDEDEDEEPAVFPCIECSIYF
Q5TGY3,AHDC1_HUMAN,227,266,39,Prediction,EPEPDSTDYSELADADILSELASLTCPEAQLLEAQALEP
Q9UBX2,DUX4_HUMAN,366,424,58,Prediction,ALPCGLLLDELLASPEFLQQAQPLLETEAPGELEASEEAASLEAPLSEEEYRALLEEL
Q8N7M2,ZN283_HUMAN,77,116,39,Prediction,VAIDFSQEEWECLDPAQRDLYVDVMLENYSNLVSLDLES
O00716,E2F3_HUMAN,408,465,57,Prediction,QTEDQIPSNLEGPFVNLLPPLLQEDYLLSLGEEEGISDLFDAYDLEKLPLVEDFMCS
P35716,SOX11_HUMAN,393,438,45,Prediction,LVDKDLDSFSEGSLGSHFEFPDYCTPELSEMIAGDWLEANFSDLV
Q8WW38,FOG2_HUMAN,25,77,52,Prediction,ECPSEETDIISKGDFPLEESFSTEFGPENLSCEEVEYFCNKGDDEGIQETAE
P18848,ATF4_HUMAN,0,134,134,Prediction,MTEMSFLSSEVLVGDLMSPFDQSGLGAEESLGLLDDYLEVAKHFKPHGFSSDKAKAGSSEWLAVDGLVSPSNNSKEDAFSGTDWMLEKMDLKEFDLDALLGIDDLETMPDDLLTTLDDTCDLFAPLVQETNKQP
Q8IY51,TIGD4_HUMAN,390,437,47,Prediction,NAEKDTGLDLVADALGAGVEFPEGLSIEEYAALDDDLETCEAAPNGD
Q6P280,ZN529_HUMAN,19,59,40,Prediction,PEVEFPDQFFTVLTMDHELVTLRDVVINFSQEEWEYLDSA
Q96QS3,ARX_HUMAN,221,269,48,Prediction,GTEDDEEELLEDEEDEDEEEELLEDDEEELLEDDARALLKEPRRCPVA
Q9ULJ3,ZBT21_HUMAN,500,539,39,Prediction,EHGSPVSEDNFEEGSSPTLLDADFPDSDLNKDEFGELEG
Q9UIF9,BAZ2A_HUMAN,284,322,38,Prediction,PDQLEDTPILSEDSLEPFNSLAPEPVSGGLYGIDDTEL
Q14872,MTF1_HUMAN,47,88,41,Prediction,TVLIEQDPGTLEDEDDDGQCGEHLPFLVGGEEGFHLIDHEA
Q6ZV50,RFX8_HUMAN,414,470,56,Prediction,TLCHRDSFGSWHLFHLLLLEYMIHILQSCLEEEEEEEDMGTVKEMLPDDPTLGQPD
Q99607,ELF4_HUMAN,18,58,40,Prediction,MDDDIHQLEDPSVFPAVIVEQVPYPDLLHLYSGLELDDVH
P78415,IRX3_HUMAN,244,283,39,Prediction,LADDDEDEEIDLENLDGAATEPELSLAGAARRDGDLGLG
Q9H2A3,NGN2_HUMAN,5,46,41,Prediction,ETLELKEEEDVLVLLGSASPALAALTPLSSSADEEEEEEPG
Q86UP3,ZFHX4_HUMAN,464,511,47,Prediction,EPTEPGDEDEEDAYSNELDDEEVLGELTDSIGNKDFPLLNQSISPLS
Q86UP3,ZFHX4_HUMAN,1404,1443,39,Prediction,ELSEAELQQLYASLPVNGELWAESETMSQDDHGLEQEME
Q96MW7,TIGD1_HUMAN,410,475,65,Prediction,IDDYEGFKTSVEEVSADVVEIAKELELEVEPEDVTELLQSHDKTLTDEELFLMDAQRKWFLEMES
Q9UIH9,KLF15_HUMAN,117,156,39,Prediction,EHFCLPEFPLGDPDDVPRPFQPTLEEIEEFLEENMEPGV
Q00613,HSF1_HUMAN,471,512,41,Prediction,PLFLLDPGSVDTGSNDLPVLFELGEGSYFSEGDGFAEDPTI
O15353,FOXN1_HUMAN,514,560,46,Prediction,MHDTLLPDGDLGTDLDAINPSLTDFDFQGNLWEQLKDDSLALDPLV
Q6ZRS2,SRCAP_HUMAN,413,471,58,Prediction,EDTIAAEEQLEGEVDHAMELSELAREGELSMEELLQQYAGAYAPGSGSSEDEDEDEVD
O15156,ZBT7B_HUMAN,265,315,50,Prediction,GPQSYEPYEGEEEEEELVYPPAYGLAQGGGPPLSPEELGSDEDAIDPDLM
O60678,ANM3_HUMAN,102,156,54,Prediction,VEYMNSIYNPVPWEKEEYLKPVLEDDLLLQFDVEDLYEPVSVPFSYPNGLSENT
Q96LU7,MRFL_HUMAN,4,44,40,Prediction,GENEALQQFFEAQGANGTLENPALDTSLLEEFLGNDFDLG
O00409,FOXN3_HUMAN,22,76,54,Prediction,SQCYGGSGFSKALQEDDDLDFSLPDIRLEEGAMEDEELTNLNWLHESKNLLKSF
Q8NCP5,ZBT44_HUMAN,508,553,45,Prediction,LNHEASELANYFQSSDFLVPDYLNQEQEETLVQYDLGEHGFESNS
Q8N587,ZN561_HUMAN,28,68,40,Prediction,VEDYLASGYQDSVTFDDVAVDFTPEEWALLDTTEKYLYRD
Q8IWI9,MGAP_HUMAN,2794,2924,130,Prediction,VTSAIEEAALDSSELLTNMEDEDDTDETLTSLLNEIAFLNQQLNDDSVGLAELPSSMDTEFPGDARRAFISKVPPGSRATFQVEHLGTGLKELPDVQGESDSISPLLLHLEDDDFSENEKQLAEPASEPD
Q92949,FOXJ1_HUMAN,292,406,114,Prediction,LPTPEEQGELEPLKGNFDWEAIFDAGTLGGELGALEALELSPPLSPASHVDVDLTIHGRHIDCPATWGPSVEQAADSLDFDETFLATSFLQHPWDESGSGCLPPEPLFEAGDAT
Q9H0D2,ZN541_HUMAN,66,104,38,Prediction,VLEDNLDTLSLYSGKDSDSVKLLEEYADSESQASLQDL
Q96BA8,CR3L1_HUMAN,11,86,75,Prediction,RLFPGSSFLDLGDLNESDFLNNAHFPEHLDHFTENMEDFSNDLFSSFFDDPVLDEKSPLLDMELDSPTPGIQAEH
Q9Y5A6,ZSC21_HUMAN,84,131,47,Prediction,LELLVLEQFLTILPQELQAWVQEHCPESAEEAVTLLEDLERELDEPG
Q8NF99,ZN397_HUMAN,89,136,47,Prediction,LELLVLEQFLSILPEELQIWVQQHNPESGEEAVTLLEDLEREFDDPG
Q9Y4A8,NF2L3_HUMAN,374,427,53,Prediction,LTSQDLLYDLDINIFDEINLMSLATEDNFDPIDVSQLFDEPDSDSGLSLDSSH
Q9H175,CSRN2_HUMAN,138,181,43,Prediction,TKNGTVESVEADGLTLDDVSDEDIDVENVEVDDYFFLQPLPTK
Q14209,E2F2_HUMAN,395,437,42,Prediction,CSSPLISFSPSLDQDDYLWGLEAGEGISDLFDSYDLGDLLIN
O43889,CREB3_HUMAN,1,55,54,Prediction,ELELDAGDQDLLAFLLEESGDLGTAPDEAVRAPLDWALPLSEVPSDWEVDDLLC
P04198,MYCN_HUMAN,16,56,40,Prediction,PDLEFDSLQPCFYPDEDDFYFGGPDSTPPGEDIWKKFELL
O15391,TYY2_HUMAN,71,123,52,Prediction,GDHDQEMLMLQTQEEVVGYCDSDNQLGNDLEDQLALPDSIEDEHFQMTLASL
P35638,DDIT3_HUMAN,8,49,41,Prediction,SFGTLSSWELEAWYEDLQEVLSSDENGGTYVSPPGNEEEES
Q9Y4E5,ZN451_HUMAN,861,899,38,Prediction,NDLSYQNIEEEIVELPDLDYLRTMTHIVFVDFDNWSNF
Q15596,NCOA2_HUMAN,785,825,40,Prediction,TEKEEMSFEPGDQPGSELDNLEEILDDLQNSQLPQLFPDT
Q15596,NCOA2_HUMAN,1058,1097,39,Prediction,SPDDLLCPHPAAESPSDEGALLDQLYLALRNFDGLEEID
Q8WYA1,BMAL2_HUMAN,587,636,49,Prediction,EPLLSDGAQLDFDALCDNDDTAMAAFMNYLEAEGGLGDPGDFSDIQWTL
Q8IWY8,ZSC29_HUMAN,59,97,38,Prediction,LLVLEQFLTVLPGEIQNWVQEQCPENGEEAVTLVEDLE
P01100,FOS_HUMAN,208,246,38,Prediction,DLGFPEEMSVASLDLTGGLPEVATPESEEAFTLPLLND
A8MYZ6,FOXO6_HUMAN,428,476,48,Prediction,APDRFPADLDLDMFSGSLECDVESIILNDFMDSDEMDFNFDSALPPPP