EnsenbleProteinID,EnsenbleGeneID,Name,Type
ENSP00000005340,ENSG00000004975,DVL2,Other Cofactors
ENSP00000008527,ENSG00000008405,CRY1,Other Cofactors
ENSP00000025399,ENSG00000023734,STRAP,Other Cofactors
ENSP00000040877,ENSG00000059588,TARBP1,Other Cofactors
ENSP00000056217,ENSG00000050327,ARHGEF5,Other Cofactors
ENSP00000157600,ENSG00000071282,LMCD1,Other Cofactors
ENSP00000160382,ENSG00000077080,ACTL6B,Chromatin Remodeling Factors
ENSP00000164227,ENSG00000069399,BCL3,Other Cofactors
ENSP00000166345,ENSG00000071539,TRIP13,Co-activator/repressors
ENSP00000181839,ENSG00000065883,CDK13,Cell Cycle
ENSP00000188312,ENSG00000075089,ACTR6,Chromatin Remodeling Factors
ENSP00000198767,ENSG00000085721,RRN3,Other Cofactors
ENSP00000200457,ENSG00000087077,TRIP6,Co-activator/repressors
ENSP00000202816,ENSG00000089048,ESF1,Other Cofactors
ENSP00000209875,ENSG00000094916,CBX5,Chromatin Remodeling Factors
ENSP00000212015,ENSG00000096717,SIRT1,Chromatin Remodeling Factors
ENSP00000216117,ENSG00000100292,HMOX1,Other Cofactors
ENSP00000216133,ENSG00000100307,CBX7,Chromatin Remodeling Factors
ENSP00000216160,ENSG00000100324,TAB1,Other Cofactors
ENSP00000216225,ENSG00000100387,RBX1,Other Cofactors
ENSP00000216237,ENSG00000100395,L3MBTL2,Other Cofactors
ENSP00000216252,ENSG00000100410,PHF5A,Chromatin Remodeling Factors
ENSP00000216271,ENSG00000100429,HDAC10,Histones Modify Enzymes
ENSP00000216274,ENSG00000129465,RIPK3,Other Cofactors
ENSP00000216297,ENSG00000092201,SUPT16H,Chromatin Remodeling Factors
ENSP00000216797,ENSG00000100906,NFKBIA,Co-activator/repressors
ENSP00000216807,ENSG00000100916,BRMS1L,Chromatin Remodeling Factors
ENSP00000217073,ENSG00000101104,PABPC1L,Chromatin Remodeling Factors
ENSP00000217244,ENSG00000101266,CSNK2A1,Co-activator/repressors
ENSP00000217964,ENSG00000101849,TBL1X,Other Cofactors
ENSP00000218364,ENSG00000102241,HTATSF1,Other Cofactors
ENSP00000219315,ENSG00000103037,SETD6,Other Cofactors
ENSP00000219599,ENSG00000103316,CRYM,Other Cofactors
ENSP00000220592,ENSG00000123908,AGO2,Other Cofactors
ENSP00000220659,ENSG00000104221,BRF2,General Cofactors
ENSP00000220913,ENSG00000104472,CHRAC1,Chromatin Remodeling Factors
ENSP00000221232,ENSG00000088038,CNOT3,Chromatin Remodeling Factors
ENSP00000221265,ENSG00000006712,PAF1,Other Cofactors
ENSP00000221561,ENSG00000104964,AES,Other Cofactors
ENSP00000221573,ENSG00000104976,SNAPC2,Other Cofactors
ENSP00000221930,ENSG00000105329,TGFB1,Other Cofactors
ENSP00000222254,ENSG00000105647,PIK3R2,Other Cofactors
ENSP00000223357,ENSG00000106624,AEBP1,Other Cofactors
ENSP00000224073,ENSG00000107223,EDF1,Other Cofactors
ENSP00000225296,ENSG00000005100,DHX33,Co-activator/repressors
ENSP00000225504,ENSG00000213246,SUPT4H1,Co-activator/repressors
ENSP00000225688,ENSG00000108551,RASD1,Other Cofactors
ENSP00000225698,ENSG00000108561,C1QBP,Other Cofactors
ENSP00000225728,ENSG00000108590,MED31,Co-activator/repressors
ENSP00000225792,ENSG00000108654,DDX5,Co-activator/repressors
ENSP00000225916,ENSG00000108773,KAT2A,Histones Modify Enzymes
ENSP00000225983,ENSG00000108840,HDAC5,Histones Modify Enzymes
ENSP00000227507,ENSG00000110092,CCND1,Cell Cycle
ENSP00000227758,ENSG00000110330,BIRC2,Other Cofactors
ENSP00000229330,ENSG00000111727,HCFC2,Other Cofactors
ENSP00000229595,ENSG00000111875,ASF1A,Other Cofactors
ENSP00000230354,ENSG00000112592,TBP,General Cofactors
ENSP00000233331,ENSG00000115274,INO80B,Chromatin Remodeling Factors
ENSP00000233630,ENSG00000115289,PCGF1,Other Cofactors
ENSP00000234296,ENSG00000115942,ORC2,Other Cofactors
ENSP00000234590,ENSG00000074800,ENO1,Other Cofactors
ENSP00000234739,ENSG00000116128,BCL9,Other Cofactors
ENSP00000235090,ENSG00000116455,WDR77,Chromatin Remodeling Factors
ENSP00000236979,ENSG00000118245,TNP1,Chromatin Remodeling Factors
ENSP00000237264,ENSG00000028839,TBPL1,General Cofactors
ENSP00000237853,ENSG00000118985,ELL2,General Cofactors
ENSP00000238647,ENSG00000119669,IRF2BPL,Other Cofactors
ENSP00000239451,ENSG00000120329,SLC25A2,Co-activator/repressors
ENSP00000243346,ENSG00000123609,NMI,Other Cofactors
ENSP00000243903,ENSG00000101442,ACTR5,Chromatin Remodeling Factors
ENSP00000244519,ENSG00000111801,BTN3A3,Other Cofactors
ENSP00000244534,ENSG00000124575,HIST1H1D,Chromatin Remodeling Factors
ENSP00000246194,ENSG00000125970,RALY,Other Cofactors
ENSP00000247219,ENSG00000182521,TBPL2,General Cofactors
ENSP00000247470,ENSG00000103490,PYCARD,Other Cofactors
ENSP00000247970,ENSG00000127445,PIN1,Other Cofactors
ENSP00000249396,ENSG00000068903,SIRT2,Chromatin Remodeling Factors
ENSP00000250454,ENSG00000129518,EAPP,Other Cofactors
ENSP00000250495,ENSG00000129559,NEDD8,Other Cofactors
ENSP00000251968,ENSG00000074319,TSG101,Other Cofactors
ENSP00000252268,ENSG00000133884,DPF2,Chromatin Remodeling Factors
ENSP00000252542,ENSG00000130254,SAFB2,Other Cofactors
ENSP00000252674,ENSG00000130382,MLLT1,General Cofactors
ENSP00000252699,ENSG00000130402,ACTN4,Chromatin Remodeling Factors
ENSP00000252996,ENSG00000130699,TAF4,General Cofactors
ENSP00000253024,ENSG00000130726,TRIM28,Other Cofactors
ENSP00000253079,ENSG00000130783,CCDC62,Co-activator/repressors
ENSP00000253247,ENSG00000130935,NOL11,Co-activator/repressors
ENSP00000253363,ENSG00000131051,RBM39,Other Cofactors
ENSP00000254322,ENSG00000132002,DNAJB1,Other Cofactors
ENSP00000254657,ENSG00000132326,PER2,Other Cofactors
ENSP00000254770,ENSG00000132434,LANCL2,Other Cofactors
ENSP00000254846,ENSG00000132510,KDM6B,Histones Modify Enzymes
ENSP00000254900,ENSG00000112983,BRD8,Chromatin Remodeling Factors
ENSP00000254908,ENSG00000132570,PCBD2,Other Cofactors
ENSP00000255465,ENSG00000133101,CCNA1,Cell Cycle
ENSP00000255476,ENSG00000133111,RFXAP,Other Cofactors
ENSP00000255613,ENSG00000133247,KMT5C,Histones Modify Enzymes
ENSP00000255764,ENSG00000133398,MED10,Co-activator/repressors
ENSP00000256015,ENSG00000133639,BTG1,Other Cofactors
ENSP00000256151,ENSG00000133773,CCDC59,Co-activator/repressors
ENSP00000256261,ENSG00000133878,DUSP26,Other Cofactors
ENSP00000256398,ENSG00000134014,ELP3,General Cofactors
ENSP00000256443,ENSG00000134058,CDK7,Cell Cycle
ENSP00000256474,ENSG00000134086,VHL,Other Cofactors
ENSP00000256646,ENSG00000134250,NOTCH2,Co-activator/repressors
ENSP00000256897,ENSG00000134480,CCNH,Cell Cycle
ENSP00000257600,ENSG00000135144,DTX1,Other Cofactors
ENSP00000257818,ENSG00000135363,LMO2,Other Cofactors
ENSP00000258149,ENSG00000135679,MDM2,Other Cofactors
ENSP00000258201,ENSG00000135723,FHOD1,Other Cofactors
ENSP00000258484,ENSG00000135999,EPC2,Other Cofactors
ENSP00000258648,ENSG00000136146,MED4,Co-activator/repressors
ENSP00000258888,ENSG00000136383,ALPK3,Other Cofactors
ENSP00000259008,ENSG00000136492,BRIP1,Other Cofactors
ENSP00000259119,ENSG00000136603,SKIL,Co-activator/repressors
ENSP00000259895,ENSG00000213780,GTF2H4,General Cofactors
ENSP00000260129,ENSG00000137574,TGS1,Other Cofactors
ENSP00000260665,ENSG00000138095,LRPPRC,Other Cofactors
ENSP00000261245,ENSG00000020426,MNAT1,Other Cofactors
ENSP00000261520,ENSG00000128915,ICE2,General Cofactors
ENSP00000261596,ENSG00000101577,LPIN2,Co-activator/repressors
ENSP00000261884,ENSG00000103671,TRIP4,Co-activator/repressors
ENSP00000261900,ENSG00000129315,CCNT1,Cell Cycle
ENSP00000262133,ENSG00000103479,RBL2,Co-activator/repressors
ENSP00000262188,ENSG00000082014,SMARCD3,Chromatin Remodeling Factors
ENSP00000262265,ENSG00000104872,PIH1D1,Chromatin Remodeling Factors
ENSP00000262306,ENSG00000103363,ELOB,Other Cofactors
ENSP00000262320,ENSG00000103126,AXIN1,Other Cofactors
ENSP00000262367,ENSG00000005339,CREBBP,Co-activator/repressors
ENSP00000262375,ENSG00000103423,DNAJA3,Other Cofactors
ENSP00000262435,ENSG00000108854,SMURF2,Other Cofactors
ENSP00000262506,ENSG00000070770,CSNK2A2,Co-activator/repressors
ENSP00000262518,ENSG00000080603,SRCAP,Other Cofactors
ENSP00000262519,ENSG00000099381,SETD1A,Other Cofactors
ENSP00000262643,ENSG00000105173,CCNE1,Cell Cycle
ENSP00000262650,ENSG00000078747,ITCH,Other Cofactors
ENSP00000262713,ENSG00000129474,AJUBA,Other Cofactors
ENSP00000262726,ENSG00000186976,EFCAB6,Other Cofactors
ENSP00000262809,ENSG00000105656,ELL,General Cofactors
ENSP00000263062,ENSG00000120616,EPC1,Other Cofactors
ENSP00000263205,ENSG00000099917,MED15,Co-activator/repressors
ENSP00000263208,ENSG00000100084,HIRA,Other Cofactors
ENSP00000263253,ENSG00000100393,EP300,Other Cofactors
ENSP00000263377,ENSG00000141867,BRD4,Chromatin Remodeling Factors
ENSP00000263382,ENSG00000105011,ASF1B,Other Cofactors
ENSP00000263388,ENSG00000074181,NOTCH3,Co-activator/repressors
ENSP00000263390,ENSG00000105085,MED26,Co-activator/repressors
ENSP00000263663,ENSG00000115750,TAF1B,General Cofactors
ENSP00000263754,ENSG00000114166,KAT2B,Histones Modify Enzymes
ENSP00000264033,ENSG00000110395,CBL,Other Cofactors
ENSP00000264094,ENSG00000115318,LOXL3,Other Cofactors
ENSP00000264108,ENSG00000128708,HAT1,Other Cofactors
ENSP00000264157,ENSG00000082258,CCNT2,Cell Cycle
ENSP00000264447,ENSG00000075292,ZNF638,Co-activator/repressors
ENSP00000264451,ENSG00000014824,SLC30A9,Co-activator/repressors
ENSP00000264498,ENSG00000138685,FGF2,Other Cofactors
ENSP00000264515,ENSG00000117222,RBBP5,Chromatin Remodeling Factors
ENSP00000264606,ENSG00000068024,HDAC4,Histones Modify Enzymes
ENSP00000264819,ENSG00000105556,MIER2,Chromatin Remodeling Factors
ENSP00000264867,ENSG00000109819,PPARGC1A,Other Cofactors
ENSP00000265094,ENSG00000072803,FBXW11,Other Cofactors
ENSP00000265350,ENSG00000124641,MED20,Co-activator/repressors
ENSP00000265462,ENSG00000126432,PRDX5,Other Cofactors
ENSP00000265713,ENSG00000083168,KAT6A,Histones Modify Enzymes
ENSP00000265773,ENSG00000080503,SMARCA2,Chromatin Remodeling Factors
ENSP00000265872,ENSG00000060339,CCAR1,Other Cofactors
ENSP00000265981,ENSG00000110315,RNF141,Co-activator/repressors
ENSP00000265990,ENSG00000095564,BTAF1,Other Cofactors
ENSP00000266000,ENSG00000204209,DAXX,Chromatin Remodeling Factors
ENSP00000266079,ENSG00000101161,PRPF6,Other Cofactors
ENSP00000266594,ENSG00000139223,ANP32D,Chromatin Remodeling Factors
ENSP00000267163,ENSG00000139687,RB1,Co-activator/repressors
ENSP00000267622,ENSG00000100815,TRIP11,Co-activator/repressors
ENSP00000268058,ENSG00000140464,PML,Other Cofactors
ENSP00000268679,ENSG00000129993,CBFA2T3,Other Cofactors
ENSP00000268711,ENSG00000141026,MED9,Co-activator/repressors
ENSP00000269385,ENSG00000141570,CBX8,Chromatin Remodeling Factors
ENSP00000269397,ENSG00000141582,CBX4,Chromatin Remodeling Factors
ENSP00000269571,ENSG00000141736,ERBB2,Other Cofactors
ENSP00000270812,ENSG00000142684,ZNF593,Co-activator/repressors
ENSP00000273317,ENSG00000144791,LIMD1,Other Cofactors
ENSP00000273814,ENSG00000145214,DGKQ,Other Cofactors
ENSP00000274026,ENSG00000145386,CCNA2,Cell Cycle
ENSP00000274031,ENSG00000145391,SETD7,Other Cofactors
ENSP00000274400,ENSG00000145736,GTF2H2,General Cofactors
ENSP00000274849,ENSG00000146109,ABT1,Other Cofactors
ENSP00000275034,ENSG00000146247,PHIP,Other Cofactors
ENSP00000275493,ENSG00000146648,EGFR,Other Cofactors
ENSP00000276079,ENSG00000147140,NONO,Other Cofactors
ENSP00000276173,ENSG00000147223,RIPPLY1,Other Cofactors
ENSP00000277541,ENSG00000148400,NOTCH1,Co-activator/repressors
ENSP00000277746,ENSG00000148572,NRBF2,Co-activator/repressors
ENSP00000278070,ENSG00000148840,PPRC1,Other Cofactors
ENSP00000278612,ENSG00000149308,NPAT,Co-activator/repressors
ENSP00000279146,ENSG00000110711,AIP,Other Cofactors
ENSP00000280154,ENSG00000150593,PDCD4,Other Cofactors
ENSP00000281030,ENSG00000151365,THRSP,Other Cofactors
ENSP00000281453,ENSG00000151725,CENPU,Cell Cycle
ENSP00000281708,ENSG00000109670,FBXW7,Other Cofactors
ENSP00000281928,ENSG00000123066,MED13L,Co-activator/repressors
ENSP00000282516,ENSG00000164190,NIPBL,Other Cofactors
ENSP00000283131,ENSG00000153147,SMARCA5,Chromatin Remodeling Factors
ENSP00000283875,ENSG00000153767,GTF2E1,General Cofactors
ENSP00000283937,ENSG00000153823,PID1,Other Cofactors
ENSP00000284523,ENSG00000154342,WNT3A,Other Cofactors
ENSP00000284551,ENSG00000154370,TRIM11,Other Cofactors
ENSP00000285398,ENSG00000163161,ERCC3,Other Cofactors
ENSP00000286317,ENSG00000155868,MED7,Co-activator/repressors
ENSP00000287239,ENSG00000156650,KAT6B,Histones Modify Enzymes
ENSP00000287394,ENSG00000156802,ATAD2,Other Cofactors
ENSP00000288986,ENSG00000158092,NCK1,Other Cofactors
ENSP00000289382,ENSG00000158435,CNOT11,Chromatin Remodeling Factors
ENSP00000290167,ENSG00000162552,WNT4,Other Cofactors
ENSP00000290663,ENSG00000159479,MED8,Co-activator/repressors
ENSP00000290921,ENSG00000159692,CTBP1,Other Cofactors
ENSP00000291386,ENSG00000160075,SSU72,Other Cofactors
ENSP00000292035,ENSG00000160563,MED27,Co-activator/repressors
ENSP00000292599,ENSG00000161021,MAML1,Co-activator/repressors
ENSP00000293777,ENSG00000161920,MED11,Co-activator/repressors
ENSP00000294168,ENSG00000162227,TAF6L,General Cofactors
ENSP00000295225,ENSG00000115041,KCNIP3,Other Cofactors
ENSP00000295704,ENSG00000163481,RNF25,Co-activator/repressors
ENSP00000295709,ENSG00000163482,STK36,Other Cofactors
ENSP00000295757,ENSG00000163517,HDAC11,Histones Modify Enzymes
ENSP00000296215,ENSG00000163877,SNIP1,Other Cofactors
ENSP00000296417,ENSG00000164032,H2AFZ,Other Cofactors
ENSP00000296504,ENSG00000164105,SAP30,Chromatin Remodeling Factors
ENSP00000296543,ENSG00000164134,NAA15,Other Cofactors
ENSP00000296564,ENSG00000164151,ICE1,Other Cofactors
ENSP00000296702,ENSG00000113649,TCERG1,General Cofactors
ENSP00000296785,ENSG00000164331,ANKRA2,Other Cofactors
ENSP00000296930,ENSG00000181163,NPM1,Other Cofactors
ENSP00000297109,ENSG00000164576,SAP30L,Chromatin Remodeling Factors
ENSP00000297338,ENSG00000164754,RAD21,Other Cofactors
ENSP00000297347,ENSG00000164758,MED30,Co-activator/repressors
ENSP00000298181,ENSG00000187754,SSX7,Co-activator/repressors
ENSP00000298910,ENSG00000188906,LRRK2,Chromatin Remodeling Factors
ENSP00000299163,ENSG00000166135,HIF1AN,Other Cofactors
ENSP00000299259,ENSG00000166200,COPS2,Other Cofactors
ENSP00000299299,ENSG00000166228,PCBD1,Other Cofactors
ENSP00000299424,ENSG00000166337,TAF10,General Cofactors
ENSP00000299601,ENSG00000166477,LEO1,Other Cofactors
ENSP00000300086,ENSG00000166848,TERF2IP,Other Cofactors
ENSP00000300093,ENSG00000166851,PLK1,Other Cofactors
ENSP00000300131,ENSG00000166886,NAB2,Other Cofactors
ENSP00000300161,ENSG00000166913,YWHAB,Other Cofactors
ENSP00000300258,ENSG00000242220,TCP10L,Other Cofactors
ENSP00000300574,ENSG00000167193,CRK,Other Cofactors
ENSP00000300589,ENSG00000167207,NOD2,Other Cofactors
ENSP00000300651,ENSG00000125686,MED1,Co-activator/repressors
ENSP00000300692,ENSG00000167286,CD3D,Other Cofactors
ENSP00000301067,ENSG00000167548,KMT2D,Histones Modify Enzymes
ENSP00000301633,ENSG00000089685,BIRC5,Other Cofactors
ENSP00000301995,ENSG00000171222,SCAND1,Other Cofactors
ENSP00000302276,ENSG00000168517,HEXIM2,Other Cofactors
ENSP00000302543,ENSG00000171604,CXXC5,Other Cofactors
ENSP00000302886,ENSG00000170515,PA2G4,Other Cofactors
ENSP00000302967,ENSG00000171720,HDAC3,Histones Modify Enzymes
ENSP00000302968,ENSG00000172288,CDY1,Chromatin Remodeling Factors
ENSP00000303178,ENSG00000172352,CDY1B,Chromatin Remodeling Factors
ENSP00000303754,ENSG00000171497,PPID,Other Cofactors
ENSP00000303830,ENSG00000171105,INSR,Other Cofactors
ENSP00000304226,ENSG00000110422,HIPK3,Other Cofactors
ENSP00000304229,ENSG00000169567,HINT1,Other Cofactors
ENSP00000304327,ENSG00000172301,COPRS,Other Cofactors
ENSP00000305372,ENSG00000169252,ADRB2,Other Cofactors
ENSP00000305502,ENSG00000100325,ASCC2,Other Cofactors
ENSP00000305899,ENSG00000110066,KMT5B,Histones Modify Enzymes
ENSP00000305906,ENSG00000171794,UTF1,Other Cofactors
ENSP00000305918,ENSG00000169925,BRD3,Chromatin Remodeling Factors
ENSP00000306163,ENSG00000165887,ANKRD2,Other Cofactors
ENSP00000306772,ENSG00000169744,LDB2,Other Cofactors
ENSP00000306983,ENSG00000163872,YEATS2,Other Cofactors
ENSP00000307080,ENSG00000269858,EGLN2,Other Cofactors
ENSP00000307134,ENSG00000169862,CTNND2,Co-activator/repressors
ENSP00000307272,ENSG00000141564,RPTOR,Other Cofactors
ENSP00000307684,ENSG00000171148,TADA3,Co-activator/repressors
ENSP00000307705,ENSG00000168298,HIST1H1E,Chromatin Remodeling Factors
ENSP00000308021,ENSG00000198707,CEP290,Other Cofactors
ENSP00000308236,ENSG00000173163,COMMD1,Other Cofactors
ENSP00000308750,ENSG00000173894,CBX2,Chromatin Remodeling Factors
ENSP00000308895,ENSG00000173638,SLC19A1,Co-activator/repressors
ENSP00000308921,ENSG00000174460,ZCCHC12,Co-activator/repressors
ENSP00000308944,ENSG00000071794,HLTF,Other Cofactors
ENSP00000310670,ENSG00000158941,CCAR2,Other Cofactors
ENSP00000311436,ENSG00000174429,ABRA,Chromatin Remodeling Factors
ENSP00000311513,ENSG00000048649,RSF1,Other Cofactors
ENSP00000311579,ENSG00000173273,TNKS,Other Cofactors
ENSP00000311695,ENSG00000175602,CCDC85B,Co-activator/repressors
ENSP00000311747,ENSG00000239306,RBM14,Other Cofactors
ENSP00000311825,ENSG00000175029,CTBP2,Other Cofactors
ENSP00000312150,ENSG00000173334,TRIB1,Other Cofactors
ENSP00000312244,ENSG00000005302,MSL3,Other Cofactors
ENSP00000312379,ENSG00000005483,KMT2E,Histones Modify Enzymes
ENSP00000312415,ENSG00000165583,SSX5,Co-activator/repressors
ENSP00000312649,ENSG00000155846,PPARGC1B,Other Cofactors
ENSP00000312709,ENSG00000178913,TAF7,General Cofactors
ENSP00000312988,ENSG00000104825,NFKBIB,Co-activator/repressors
ENSP00000313199,ENSG00000138668,HNRNPD,Other Cofactors
ENSP00000313391,ENSG00000153071,DAB2,Other Cofactors
ENSP00000313950,ENSG00000178999,AURKB,Other Cofactors
ENSP00000313983,ENSG00000147548,NSD3,Co-activator/repressors
ENSP00000314343,ENSG00000063322,MED29,Co-activator/repressors
ENSP00000314971,ENSG00000166012,TAF1D,General Cofactors
ENSP00000315130,ENSG00000120885,CLU,Other Cofactors
ENSP00000315212,ENSG00000063978,RNF4,Co-activator/repressors
ENSP00000315454,ENSG00000171634,BPTF,Chromatin Remodeling Factors
ENSP00000315700,ENSG00000159259,CHAF1B,Other Cofactors
ENSP00000316054,ENSG00000161202,DVL3,Other Cofactors
ENSP00000316114,ENSG00000176476,SGF29,Other Cofactors
ENSP00000316578,ENSG00000178691,SUZ12,Other Cofactors
ENSP00000317224,ENSG00000179134,SAMD4B,Other Cofactors
ENSP00000317636,ENSG00000108469,RECQL5,Other Cofactors
ENSP00000317891,ENSG00000145901,TNIP1,Other Cofactors
ENSP00000317971,ENSG00000142784,WDTC1,Chromatin Remodeling Factors
ENSP00000317992,ENSG00000188976,NOC2L,Other Cofactors
ENSP00000318094,ENSG00000010803,SCMH1,Other Cofactors
ENSP00000318195,ENSG00000115053,NCL,Other Cofactors
ENSP00000318297,ENSG00000175792,RUVBL1,Chromatin Remodeling Factors
ENSP00000318486,ENSG00000176749,CDK5R1,Cell Cycle
ENSP00000319104,ENSG00000109111,SUPT6H,Chromatin Remodeling Factors
ENSP00000319169,ENSG00000100462,PRMT5,Histones Modify Enzymes
ENSP00000319279,ENSG00000172175,MALT1,Other Cofactors
ENSP00000319281,ENSG00000176788,BASP1,Other Cofactors
ENSP00000320147,ENSG00000106462,EZH2,Other Cofactors
ENSP00000320176,ENSG00000180353,HCLS1,Other Cofactors
ENSP00000320209,ENSG00000176194,CIDEA,Other Cofactors
ENSP00000320346,ENSG00000128886,ELL3,General Cofactors
ENSP00000320566,ENSG00000071243,ING3,Other Cofactors
ENSP00000320866,ENSG00000179218,CALR,Other Cofactors
ENSP00000320898,ENSG00000163961,RNF168,Co-activator/repressors
ENSP00000320949,ENSG00000125107,CNOT1,Chromatin Remodeling Factors
ENSP00000320957,ENSG00000170162,VGLL2,Co-activator/repressors
ENSP00000321203,ENSG00000168884,TNIP2,Other Cofactors
ENSP00000322457,ENSG00000181788,SIAH2,Other Cofactors
ENSP00000323074,ENSG00000108557,RAI1,Other Cofactors
ENSP00000323720,ENSG00000180182,MED14,Co-activator/repressors
ENSP00000323858,ENSG00000123064,DDX54,Co-activator/repressors
ENSP00000323889,ENSG00000121060,TRIM25,Other Cofactors
ENSP00000324403,ENSG00000056487,PHF21B,Chromatin Remodeling Factors
ENSP00000324573,ENSG00000177731,FLII,Other Cofactors
ENSP00000324729,ENSG00000151748,SAV1,Other Cofactors
ENSP00000324792,ENSG00000176953,NFATC2IP,Co-activator/repressors
ENSP00000324806,ENSG00000082701,GSK3B,Other Cofactors
ENSP00000325663,ENSG00000144802,NFKBIZ,Co-activator/repressors
ENSP00000325690,ENSG00000142453,CARM1,Other Cofactors
ENSP00000326022,ENSG00000112214,FHL5,Other Cofactors
ENSP00000326366,ENSG00000080815,PSEN1,Other Cofactors
ENSP00000326519,ENSG00000280789,PAGR1,Other Cofactors
ENSP00000326563,ENSG00000120733,KDM3B,Histones Modify Enzymes
ENSP00000326767,ENSG00000104973,MED25,Co-activator/repressors
ENSP00000326933,ENSG00000179833,SERTAD2,Other Cofactors
ENSP00000327072,ENSG00000143498,TAF1A,General Cofactors
ENSP00000327436,ENSG00000183576,SETD3,Other Cofactors
ENSP00000328004,ENSG00000015153,YAF2,Other Cofactors
ENSP00000328059,ENSG00000131263,RLIM,Co-activator/repressors
ENSP00000328088,ENSG00000177425,PAWR,Other Cofactors
ENSP00000328547,ENSG00000088305,DNMT3B,Histones Modify Enzymes
ENSP00000328773,ENSG00000186834,HEXIM1,Other Cofactors
ENSP00000328800,ENSG00000183066,WBP2NL,Other Cofactors
ENSP00000328835,ENSG00000184428,TOP1MT,Chromatin Remodeling Factors
ENSP00000328875,ENSG00000115993,TRAK2,Other Cofactors
ENSP00000328998,ENSG00000182606,TRAK1,Other Cofactors
ENSP00000329213,ENSG00000184990,SIVA1,Other Cofactors
ENSP00000329466,ENSG00000187531,SIRT7,Chromatin Remodeling Factors
ENSP00000329933,ENSG00000109118,PHF12,Chromatin Remodeling Factors
ENSP00000330074,ENSG00000184357,HIST1H1B,Chromatin Remodeling Factors
ENSP00000330512,ENSG00000153046,CDYL,Chromatin Remodeling Factors
ENSP00000330753,ENSG00000185658,BRWD1,Chromatin Remodeling Factors
ENSP00000331305,ENSG00000183864,TOB2,Other Cofactors
ENSP00000331310,ENSG00000185787,MORF4L1,Chromatin Remodeling Factors
ENSP00000332325,ENSG00000183779,ZNF703,Co-activator/repressors
ENSP00000332359,ENSG00000184905,TCEAL2,General Cofactors
ENSP00000333012,ENSG00000184402,SS18L1,Chromatin Remodeling Factors
ENSP00000333640,ENSG00000064655,EYA2,Co-activator/repressors
ENSP00000334061,ENSG00000094631,HDAC6,Histones Modify Enzymes
ENSP00000334181,ENSG00000186280,KDM4D,Histones Modify Enzymes
ENSP00000334564,ENSG00000186141,POLR3C,General Cofactors
ENSP00000334785,ENSG00000088992,TESC,Other Cofactors
ENSP00000334840,ENSG00000189266,PNRC2,Other Cofactors
ENSP00000335306,ENSG00000121570,DPPA4,Other Cofactors
ENSP00000335320,ENSG00000186174,BCL9L,Other Cofactors
ENSP00000336687,ENSG00000122565,CBX3,Chromatin Remodeling Factors
ENSP00000336750,ENSG00000119760,SUPT7L,Chromatin Remodeling Factors
ENSP00000336842,ENSG00000113812,ACTR8,Chromatin Remodeling Factors
ENSP00000336931,ENSG00000146278,PNRC1,Other Cofactors
ENSP00000337034,ENSG00000132950,ZMYM5,Co-activator/repressors
ENSP00000337332,ENSG00000077463,SIRT6,Chromatin Remodeling Factors
ENSP00000337393,ENSG00000126756,UXT,Other Cofactors
ENSP00000337439,ENSG00000165617,DACT1,Other Cofactors
ENSP00000337500,ENSG00000180628,PCGF5,Other Cofactors
ENSP00000337501,ENSG00000053702,NRIP2,Co-activator/repressors
ENSP00000337513,ENSG00000213523,SRA1,Other Cofactors
ENSP00000337797,ENSG00000177595,PIDD1,Other Cofactors
ENSP00000337976,ENSG00000101945,SUV39H1,Other Cofactors
ENSP00000338171,ENSG00000141293,SKAP1,Other Cofactors
ENSP00000338186,ENSG00000074266,EED,Other Cofactors
ENSP00000338207,ENSG00000166407,LMO1,Other Cofactors
ENSP00000338235,ENSG00000147649,MTDH,Other Cofactors
ENSP00000338796,ENSG00000241476,SSX2,Co-activator/repressors
ENSP00000338934,ENSG00000092820,EZR,Other Cofactors
ENSP00000339374,ENSG00000133317,LGALS12,Other Cofactors
ENSP00000339404,ENSG00000138303,ASCC1,Other Cofactors
ENSP00000339495,ENSG00000188986,NELFB,General Cofactors
ENSP00000339566,ENSG00000187837,HIST1H1C,Chromatin Remodeling Factors
ENSP00000339723,ENSG00000138433,CIR1,Co-activator/repressors
ENSP00000339917,ENSG00000187325,TAF9B,General Cofactors
ENSP00000340271,ENSG00000165632,TAF3,General Cofactors
ENSP00000340274,ENSG00000123728,RAP2C,Other Cofactors
ENSP00000340330,ENSG00000172977,KAT5,Histones Modify Enzymes
ENSP00000340507,ENSG00000122779,TRIM24,Other Cofactors
ENSP00000340883,ENSG00000099956,SMARCB1,Chromatin Remodeling Factors
ENSP00000340896,ENSG00000129691,ASH2L,Other Cofactors
ENSP00000340982,ENSG00000137098,SPAG8,Other Cofactors
ENSP00000341219,ENSG00000099954,CECR2,Chromatin Remodeling Factors
ENSP00000341268,ENSG00000102871,TRADD,Other Cofactors
ENSP00000341324,ENSG00000151304,SRFBP1,Other Cofactors
ENSP00000341805,ENSG00000130024,PHF10,Chromatin Remodeling Factors
ENSP00000341947,ENSG00000189308,LIN54,Other Cofactors
ENSP00000342121,ENSG00000127870,RNF6,Co-activator/repressors
ENSP00000342235,ENSG00000178568,ERBB4,Other Cofactors
ENSP00000342434,ENSG00000009954,BAZ1B,Chromatin Remodeling Factors
ENSP00000342676,ENSG00000175756,AURKAIP1,Other Cofactors
ENSP00000343103,ENSG00000132600,PRMT7,Histones Modify Enzymes
ENSP00000343129,ENSG00000137699,TRIM29,Other Cofactors
ENSP00000343515,ENSG00000171703,TCEA2,General Cofactors
ENSP00000343966,ENSG00000121390,PSPC1,Other Cofactors
ENSP00000344087,ENSG00000158321,AUTS2,Other Cofactors
ENSP00000345001,ENSG00000105662,CRTC1,Co-activator/repressors
ENSP00000345837,ENSG00000162961,DPY30,Other Cofactors
ENSP00000345848,ENSG00000136938,ANP32B,Chromatin Remodeling Factors
ENSP00000345873,ENSG00000091138,SLC26A3,Co-activator/repressors
ENSP00000346484,ENSG00000111837,MAK,Other Cofactors
ENSP00000346634,ENSG00000054118,THRAP3,Co-activator/repressors
ENSP00000346762,ENSG00000197157,SND1,Other Cofactors
ENSP00000346986,ENSG00000095787,WAC,Other Cofactors
ENSP00000346997,ENSG00000152455,SUV39H2,Other Cofactors
ENSP00000347232,ENSG00000197299,BLM,Other Cofactors
ENSP00000347322,ENSG00000198663,C6orf89,Chromatin Remodeling Factors
ENSP00000347716,ENSG00000011332,DPF1,Chromatin Remodeling Factors
ENSP00000347845,ENSG00000163946,FAM208A,Other Cofactors
ENSP00000347906,ENSG00000160310,PRMT2,Histones Modify Enzymes
ENSP00000348902,ENSG00000112312,GMNN,Other Cofactors
ENSP00000349016,ENSG00000142655,PEX14,Other Cofactors
ENSP00000349076,ENSG00000111676,ATN1,Other Cofactors
ENSP00000349085,ENSG00000198681,MAGEA1,Co-activator/repressors
ENSP00000349244,ENSG00000107938,EDRF1,Other Cofactors
ENSP00000349541,ENSG00000177469,CAVIN1,Other Cofactors
ENSP00000349543,ENSG00000164751,PEX2,Other Cofactors
ENSP00000349640,ENSG00000187778,MCRS1,Other Cofactors
ENSP00000349960,ENSG00000075624,ACTB,Chromatin Remodeling Factors
ENSP00000350071,ENSG00000196792,STRN3,Other Cofactors
ENSP00000350333,ENSG00000136715,SAP130,Chromatin Remodeling Factors
ENSP00000350512,ENSG00000121022,COPS5,Other Cofactors
ENSP00000350676,ENSG00000172943,PHF8,Chromatin Remodeling Factors
ENSP00000351250,ENSG00000197323,TRIM33,Other Cofactors
ENSP00000351446,ENSG00000196363,WDR5,Chromatin Remodeling Factors
ENSP00000351575,ENSG00000145734,BDP1,General Cofactors
ENSP00000351789,ENSG00000197329,PELI1,Other Cofactors
ENSP00000351947,ENSG00000163104,SMARCAD1,Chromatin Remodeling Factors
ENSP00000352069,ENSG00000198373,WWP2,Other Cofactors
ENSP00000352091,ENSG00000110713,NUP98,Other Cofactors
ENSP00000352185,ENSG00000197724,PHF2,Chromatin Remodeling Factors
ENSP00000352329,ENSG00000113578,FGF1,Other Cofactors
ENSP00000352463,ENSG00000100207,TCF20,Other Cofactors
ENSP00000352516,ENSG00000130816,DNMT1,Histones Modify Enzymes
ENSP00000352622,ENSG00000078699,CBFA2T2,Other Cofactors
ENSP00000352780,ENSG00000155974,GRIP1,Other Cofactors
ENSP00000352925,ENSG00000196367,TRRAP,Other Cofactors
ENSP00000353192,ENSG00000196419,XRCC6,Other Cofactors
ENSP00000353512,ENSG00000138496,PARP9,Other Cofactors
ENSP00000353643,ENSG00000123562,MORF4L2,Chromatin Remodeling Factors
ENSP00000353735,ENSG00000197579,TOPORS,Other Cofactors
ENSP00000354024,ENSG00000101773,RBBP8,Chromatin Remodeling Factors
ENSP00000354522,ENSG00000198900,TOP1,Chromatin Remodeling Factors
ENSP00000354558,ENSG00000198793,MTOR,Other Cofactors
ENSP00000354621,ENSG00000198742,SMURF1,Other Cofactors
ENSP00000354633,ENSG00000064995,TAF11,General Cofactors
ENSP00000354697,ENSG00000178028,DMAP1,Histones Modify Enzymes
ENSP00000354724,ENSG00000185619,PCGF3,Other Cofactors
ENSP00000355011,ENSG00000143621,ILF2,Other Cofactors
ENSP00000355013,ENSG00000198730,CTR9,Other Cofactors
ENSP00000355109,ENSG00000198879,SFMBT2,Other Cofactors
ENSP00000355205,ENSG00000128908,INO80,Chromatin Remodeling Factors
ENSP00000355217,ENSG00000129515,SNX6,Other Cofactors
ENSP00000355279,ENSG00000198791,CNOT7,Chromatin Remodeling Factors
ENSP00000355388,ENSG00000196199,MPHOSPH8,Other Cofactors
ENSP00000355471,ENSG00000162851,TFB2M,Other Cofactors
ENSP00000355537,ENSG00000077522,ACTN2,Chromatin Remodeling Factors
ENSP00000355541,ENSG00000119285,HEATR1,Other Cofactors
ENSP00000355601,ENSG00000135766,EGLN1,Other Cofactors
ENSP00000355636,ENSG00000135801,TAF5L,General Cofactors
ENSP00000355773,ENSG00000183814,LIN9,Other Cofactors
ENSP00000355922,ENSG00000117724,CENPF,Cell Cycle
ENSP00000355924,ENSG00000143499,SMYD2,Chromatin Remodeling Factors
ENSP00000356150,ENSG00000198625,MDM4,Other Cofactors
ENSP00000356233,ENSG00000117139,KDM5B,Histones Modify Enzymes
ENSP00000356405,ENSG00000134371,CDC73,Other Cofactors
ENSP00000356448,ENSG00000047410,TPR,Other Cofactors
ENSP00000356480,ENSG00000121481,RNF2,Co-activator/repressors
ENSP00000356520,ENSG00000135829,DHX9,Co-activator/repressors
ENSP00000356814,ENSG00000143164,DCAF6,Other Cofactors
ENSP00000356832,ENSG00000118515,SGK1,Other Cofactors
ENSP00000356848,ENSG00000152382,TADA1,Co-activator/repressors
ENSP00000357037,ENSG00000112282,MED23,Co-activator/repressors
ENSP00000357112,ENSG00000163568,AIM2,Other Cofactors
ENSP00000357123,ENSG00000163563,MNDA,Other Cofactors
ENSP00000357189,ENSG00000143321,HDGF,Other Cofactors
ENSP00000357256,ENSG00000160783,PMF1,Other Cofactors
ENSP00000357259,ENSG00000260238,PMF1-BGLAP,Other Cofactors
ENSP00000357323,ENSG00000163374,YY1AP1,Other Cofactors
ENSP00000357330,ENSG00000116539,ASH1L,Other Cofactors
ENSP00000357341,ENSG00000111912,NCOA7,Co-activator/repressors
ENSP00000357442,ENSG00000163348,PYGO2,Other Cofactors
ENSP00000357448,ENSG00000163346,PBXIP1,Other Cofactors
ENSP00000357622,ENSG00000160741,CRTC2,Co-activator/repressors
ENSP00000357631,ENSG00000176769,TCERG1L,General Cofactors
ENSP00000357679,ENSG00000160679,CHTOP,Other Cofactors
ENSP00000357721,ENSG00000143546,S100A8,Other Cofactors
ENSP00000357727,ENSG00000163220,S100A9,Other Cofactors
ENSP00000358038,ENSG00000178409,BEND3,Other Cofactors
ENSP00000358159,ENSG00000112249,ASCC3,Other Cofactors
ENSP00000358262,ENSG00000131778,CHD1L,Chromatin Remodeling Factors
ENSP00000358283,ENSG00000014123,UFL1,Other Cofactors
ENSP00000358478,ENSG00000116830,TTF2,Other Cofactors
ENSP00000358716,ENSG00000064703,DDX20,Co-activator/repressors
ENSP00000358742,ENSG00000156384,SFR1,Other Cofactors
ENSP00000358778,ENSG00000121931,LRIF1,Other Cofactors
ENSP00000358799,ENSG00000162775,RBM15,Other Cofactors
ENSP00000358854,ENSG00000148835,TAF5,General Cofactors
ENSP00000358862,ENSG00000156374,PCGF6,Other Cofactors
ENSP00000358866,ENSG00000196924,FLNA,Other Cofactors
ENSP00000358918,ENSG00000107882,SUFU,Other Cofactors
ENSP00000358998,ENSG00000196586,MYO6,Other Cofactors
ENSP00000359001,ENSG00000172534,HCFC1,Other Cofactors
ENSP00000359095,ENSG00000198890,PRMT6,Histones Modify Enzymes
ENSP00000359128,ENSG00000107833,NPM3,Other Cofactors
ENSP00000359206,ENSG00000166167,BTRC,Other Cofactors
ENSP00000359221,ENSG00000122481,RWDD3,Other Cofactors
ENSP00000359295,ENSG00000117505,DR1,Other Cofactors
ENSP00000359316,ENSG00000183305,MAGEA2B,Co-activator/repressors
ENSP00000359321,ENSG00000143033,MTF2,Other Cofactors
ENSP00000359424,ENSG00000213341,CHUK,Other Cofactors
ENSP00000359518,ENSG00000101189,MRGBP,Other Cofactors
ENSP00000359531,ENSG00000137947,GTF2B,General Cofactors
ENSP00000359540,ENSG00000143162,CREG1,Other Cofactors
ENSP00000359612,ENSG00000142867,BCL10,Other Cofactors
ENSP00000359645,ENSG00000147274,RBMX,Other Cofactors
ENSP00000359668,ENSG00000102243,VGLL1,Co-activator/repressors
ENSP00000359740,ENSG00000112200,ZNF451,Co-activator/repressors
ENSP00000359782,ENSG00000151917,BEND6,Other Cofactors
ENSP00000359976,ENSG00000116761,CTH,Other Cofactors
ENSP00000360133,ENSG00000142856,ITGB3BP,Other Cofactors
ENSP00000360242,ENSG00000101966,XIAP,Other Cofactors
ENSP00000360305,ENSG00000107438,PDLIM1,Other Cofactors
ENSP00000360371,ENSG00000157216,SSBP3,Other Cofactors
ENSP00000360464,ENSG00000101882,NKAP,Co-activator/repressors
ENSP00000360515,ENSG00000196284,SUPT3H,Chromatin Remodeling Factors
ENSP00000360762,ENSG00000148677,ANKRD1,Other Cofactors
ENSP00000361010,ENSG00000148300,REXO4,Other Cofactors
ENSP00000361021,ENSG00000171862,PTEN,Other Cofactors
ENSP00000361066,ENSG00000124151,NCOA3,Co-activator/repressors
ENSP00000361125,ENSG00000112715,VEGFA,Chromatin Remodeling Factors
ENSP00000361275,ENSG00000173846,PLK3,Other Cofactors
ENSP00000361423,ENSG00000097007,ABL1,Other Cofactors
ENSP00000361473,ENSG00000066135,KDM4A,Histones Modify Enzymes
ENSP00000361709,ENSG00000172465,TCEAL1,General Cofactors
ENSP00000361711,ENSG00000196507,TCEAL3,General Cofactors
ENSP00000361712,ENSG00000133142,TCEAL4,General Cofactors
ENSP00000361721,ENSG00000179862,CITED4,Co-activator/repressors
ENSP00000361765,ENSG00000204065,TCEAL5,General Cofactors
ENSP00000361813,ENSG00000133169,BEX1,Other Cofactors
ENSP00000361918,ENSG00000084072,PPIE,Other Cofactors
ENSP00000361998,ENSG00000102387,TAF7L,General Cofactors
ENSP00000362107,ENSG00000183386,FHL3,Other Cofactors
ENSP00000362142,ENSG00000112559,MDFI,Other Cofactors
ENSP00000362166,ENSG00000163875,MEAF6,Other Cofactors
ENSP00000362299,ENSG00000106991,ENG,Other Cofactors
ENSP00000362300,ENSG00000092847,AGO1,Other Cofactors
ENSP00000362330,ENSG00000124177,CHD6,Chromatin Remodeling Factors
ENSP00000362352,ENSG00000099284,H2AFY2,Other Cofactors
ENSP00000362361,ENSG00000136807,CDK9,Cell Cycle
ENSP00000362409,ENSG00000136830,FAM129B,Other Cofactors
ENSP00000362441,ENSG00000085224,ATRX,Other Cofactors
ENSP00000362532,ENSG00000101413,RPRD1B,Other Cofactors
ENSP00000362578,ENSG00000112130,RNF8,Co-activator/repressors
ENSP00000362592,ENSG00000162521,RBBP4,Chromatin Remodeling Factors
ENSP00000362608,ENSG00000137193,PIM1,Other Cofactors
ENSP00000362649,ENSG00000116478,HDAC1,Histones Modify Enzymes
ENSP00000362650,ENSG00000173611,SCAI,Other Cofactors
ENSP00000362659,ENSG00000197122,SRC,Other Cofactors
ENSP00000362674,ENSG00000147099,HDAC8,Histones Modify Enzymes
ENSP00000362768,ENSG00000080839,RBL1,Co-activator/repressors
ENSP00000362824,ENSG00000147162,OGT,Other Cofactors
ENSP00000362930,ENSG00000120656,TAF12,General Cofactors
ENSP00000362948,ENSG00000130772,MED18,Co-activator/repressors
ENSP00000362978,ENSG00000158161,EYA3,Co-activator/repressors
ENSP00000363095,ENSG00000119401,TRIM32,Other Cofactors
ENSP00000363124,ENSG00000025293,PHF20,Chromatin Remodeling Factors
ENSP00000363193,ENSG00000184634,MED12,Co-activator/repressors
ENSP00000363640,ENSG00000112511,PHF1,Chromatin Remodeling Factors
ENSP00000363641,ENSG00000136810,TXN,Other Cofactors
ENSP00000363779,ENSG00000070061,ELP1,General Cofactors
ENSP00000363787,ENSG00000204227,RING1,Co-activator/repressors
ENSP00000363929,ENSG00000198646,NCOA6,Co-activator/repressors
ENSP00000364163,ENSG00000204301,NOTCH4,Co-activator/repressors
ENSP00000364204,ENSG00000158828,PINK1,Other Cofactors
ENSP00000364398,ENSG00000130956,HABP4,Other Cofactors
ENSP00000364475,ENSG00000165140,FBP1,Other Cofactors
ENSP00000364550,ENSG00000126012,KDM5C,Histones Modify Enzymes
ENSP00000364574,ENSG00000204356,NELFE,General Cofactors
ENSP00000364591,ENSG00000184205,TSPYL2,Other Cofactors
ENSP00000364597,ENSG00000159339,PADI4,Other Cofactors
ENSP00000364635,ENSG00000117115,PADI2,Chromatin Remodeling Factors
ENSP00000364801,ENSG00000204388,HSPA1B,Other Cofactors
ENSP00000364802,ENSG00000204389,HSPA1A,Other Cofactors
ENSP00000364839,ENSG00000171456,ASXL1,Other Cofactors
ENSP00000364847,ENSG00000179222,MAGED1,Co-activator/repressors
ENSP00000364907,ENSG00000165025,SYK,Other Cofactors
ENSP00000364912,ENSG00000065526,SPEN,Other Cofactors
ENSP00000364929,ENSG00000153487,ING1,Other Cofactors
ENSP00000365012,ENSG00000101336,HCK,Other Cofactors
ENSP00000365458,ENSG00000165119,HNRNPK,Other Cofactors
ENSP00000365682,ENSG00000196781,TLE1,Other Cofactors
ENSP00000365720,ENSG00000106829,TLE4,Other Cofactors
ENSP00000365851,ENSG00000168283,BMI1,Other Cofactors
ENSP00000365860,ENSG00000116670,MAD2L2,Other Cofactors
ENSP00000366118,ENSG00000126752,SSX1,Co-activator/repressors
ENSP00000366190,ENSG00000175550,DRAP1,Other Cofactors
ENSP00000366271,ENSG00000089094,KDM2B,Histones Modify Enzymes
ENSP00000366396,ENSG00000088930,XRN2,Other Cofactors
ENSP00000366404,ENSG00000204713,TRIM27,Other Cofactors
ENSP00000366474,ENSG00000178585,CTNNBIP1,Co-activator/repressors
ENSP00000366530,ENSG00000133895,MEN1,Other Cofactors
ENSP00000366604,ENSG00000168066,SF1,Other Cofactors
ENSP00000366828,ENSG00000132664,POLR3F,General Cofactors
ENSP00000367405,ENSG00000147044,CASK,Chromatin Remodeling Factors
ENSP00000367406,ENSG00000064313,TAF2,General Cofactors
ENSP00000367440,ENSG00000111802,TDP2,Other Cofactors
ENSP00000367705,ENSG00000183337,BCOR,Co-activator/repressors
ENSP00000367797,ENSG00000157933,SKI,Co-activator/repressors
ENSP00000368215,ENSG00000157625,TAB3,Other Cofactors
ENSP00000368219,ENSG00000165609,NUDT5,Chromatin Remodeling Factors
ENSP00000368664,ENSG00000102760,RGCC,Other Cofactors
ENSP00000368752,ENSG00000171867,PRNP,Other Cofactors
ENSP00000369075,ENSG00000125817,CENPB,Cell Cycle
ENSP00000369131,ENSG00000127511,SIN3B,Other Cofactors
ENSP00000369299,ENSG00000132274,TRIM22,Other Cofactors
ENSP00000369373,ENSG00000132256,TRIM5,Other Cofactors
ENSP00000369374,ENSG00000188779,SKOR1,Co-activator/repressors
ENSP00000369424,ENSG00000102054,RBBP7,Chromatin Remodeling Factors
ENSP00000369440,ENSG00000121236,TRIM6,Other Cofactors
ENSP00000369465,ENSG00000086712,TXLNG,Other Cofactors
ENSP00000369497,ENSG00000139618,BRCA2,Other Cofactors
ENSP00000369695,ENSG00000171843,MLLT3,General Cofactors
ENSP00000369716,ENSG00000170004,CHD3,Chromatin Remodeling Factors
ENSP00000369785,ENSG00000087842,PIR,Other Cofactors
ENSP00000369887,ENSG00000137776,SLTM,Other Cofactors
ENSP00000369965,ENSG00000145741,BTF3,Other Cofactors
ENSP00000369984,ENSG00000061273,HDAC7,Histones Modify Enzymes
ENSP00000370114,ENSG00000164985,PSIP1,Other Cofactors
ENSP00000370710,ENSG00000107077,KDM4C,Histones Modify Enzymes
ENSP00000370745,ENSG00000079785,DDX1,Co-activator/repressors
ENSP00000370800,ENSG00000230522,MBD3L2,Other Cofactors
ENSP00000370826,ENSG00000168453,HR,Histones Modify Enzymes
ENSP00000370938,ENSG00000132964,CDK8,Cell Cycle
ENSP00000370968,ENSG00000132382,MYBBP1A,Other Cofactors
ENSP00000370981,ENSG00000061337,LZTS1,Other Cofactors
ENSP00000371067,ENSG00000096968,JAK2,Other Cofactors
ENSP00000371336,ENSG00000130598,TNNI2,Other Cofactors
ENSP00000371475,ENSG00000067369,TP53BP1,Other Cofactors
ENSP00000371740,ENSG00000107104,KANK1,Other Cofactors
ENSP00000371859,ENSG00000198604,BAZ1A,Chromatin Remodeling Factors
ENSP00000371973,ENSG00000150459,SAP18,Chromatin Remodeling Factors
ENSP00000372023,ENSG00000183765,CHEK2,Other Cofactors
ENSP00000372067,ENSG00000111218,PRMT8,Histones Modify Enzymes
ENSP00000372191,ENSG00000142082,SIRT3,Chromatin Remodeling Factors
ENSP00000372327,ENSG00000121741,ZMYM2,Co-activator/repressors
ENSP00000372335,ENSG00000185049,NELFA,General Cofactors
ENSP00000372499,ENSG00000092377,TBL1Y,Other Cofactors
ENSP00000373394,ENSG00000104313,EYA1,Co-activator/repressors
ENSP00000373647,ENSG00000188522,FAM83G,Other Cofactors
ENSP00000373772,ENSG00000155827,RNF20,Co-activator/repressors
ENSP00000373783,ENSG00000134013,LOXL2,Other Cofactors
ENSP00000374213,ENSG00000183495,EP400,Other Cofactors
ENSP00000374280,ENSG00000137815,RTF1,Other Cofactors
ENSP00000374455,ENSG00000161011,SQSTM1,Other Cofactors
ENSP00000374529,ENSG00000090061,CCNK,Cell Cycle
ENSP00000375073,ENSG00000176396,EID2,Co-activator/repressors
ENSP00000375653,ENSG00000142405,NLRP12,Other Cofactors
ENSP00000375704,ENSG00000162711,NLRP3,Other Cofactors
ENSP00000375809,ENSG00000104884,ERCC2,Other Cofactors
ENSP00000375882,ENSG00000167565,SERTAD3,Other Cofactors
ENSP00000376097,ENSG00000105176,URI1,Other Cofactors
ENSP00000376276,ENSG00000161547,SRSF2,Other Cofactors
ENSP00000376445,ENSG00000150455,TIRAP,Other Cofactors
ENSP00000376611,ENSG00000139372,TDG,Other Cofactors
ENSP00000376785,ENSG00000108395,TRIM37,Other Cofactors
ENSP00000376786,ENSG00000110777,POU2AF1,Other Cofactors
ENSP00000376800,ENSG00000105887,MTPN,Other Cofactors
ENSP00000376902,ENSG00000172530,BANP,Other Cofactors
ENSP00000377015,ENSG00000073921,PICALM,Other Cofactors
ENSP00000377024,ENSG00000113300,CNOT6,Chromatin Remodeling Factors
ENSP00000377507,ENSG00000173801,JUP,Other Cofactors
ENSP00000377536,ENSG00000164611,PTTG1,Other Cofactors
ENSP00000377601,ENSG00000119969,HELLS,Other Cofactors
ENSP00000377684,ENSG00000008838,MED24,Co-activator/repressors
ENSP00000377833,ENSG00000196975,ANXA4,Other Cofactors
ENSP00000377969,ENSG00000125651,GTF2F1,General Cofactors
ENSP00000378028,ENSG00000013561,RNF14,Co-activator/repressors
ENSP00000378181,ENSG00000166164,BRD7,Chromatin Remodeling Factors
ENSP00000378235,ENSG00000163935,SFMBT1,Other Cofactors
ENSP00000378332,ENSG00000140682,TGFB1I1,Other Cofactors
ENSP00000378402,ENSG00000169375,SIN3A,Chromatin Remodeling Factors
ENSP00000378414,ENSG00000066117,SMARCD1,Chromatin Remodeling Factors
ENSP00000378699,ENSG00000170312,CDK1,Cell Cycle
ENSP00000378702,ENSG00000204256,BRD2,Chromatin Remodeling Factors
ENSP00000378812,ENSG00000106153,CHCHD2,Co-activator/repressors
ENSP00000378856,ENSG00000168961,LGALS9,Other Cofactors
ENSP00000378935,ENSG00000134283,PPHLN1,Other Cofactors
ENSP00000379078,ENSG00000204371,EHMT2,Histones Modify Enzymes
ENSP00000379267,ENSG00000109911,ELP4,General Cofactors
ENSP00000379372,ENSG00000140307,GTF2A2,General Cofactors
ENSP00000379441,ENSG00000152409,JMY,Other Cofactors
ENSP00000379629,ENSG00000111276,CDKN1B,Cell Cycle
ENSP00000379808,ENSG00000166669,ATF7IP2,Other Cofactors
ENSP00000380024,ENSG00000111653,ING4,Other Cofactors
ENSP00000380033,ENSG00000100201,DDX17,Co-activator/repressors
ENSP00000380054,ENSG00000144597,EAF1,Other Cofactors
ENSP00000380414,ENSG00000124795,DEK,Chromatin Remodeling Factors
ENSP00000380692,ENSG00000006459,KDM7A,Histones Modify Enzymes
ENSP00000380702,ENSG00000214114,MYCBP,Other Cofactors
ENSP00000380888,ENSG00000108510,MED13,Co-activator/repressors
ENSP00000380998,ENSG00000131165,CHMP1A,Other Cofactors
ENSP00000381053,ENSG00000015171,ZMYND11,Co-activator/repressors
ENSP00000381412,ENSG00000070808,CAMK2A,Chromatin Remodeling Factors
ENSP00000381428,ENSG00000163320,CGGBP1,Other Cofactors
ENSP00000381436,ENSG00000206538,VGLL3,Co-activator/repressors
ENSP00000381522,ENSG00000177200,CHD9,Chromatin Remodeling Factors
ENSP00000381657,ENSG00000104885,DOT1L,Other Cofactors
ENSP00000381728,ENSG00000185686,PRAME,Other Cofactors
ENSP00000381791,ENSG00000205683,DPF3,Chromatin Remodeling Factors
ENSP00000381984,ENSG00000141425,RPRD1A,Other Cofactors
ENSP00000382004,ENSG00000198561,CTNND1,Co-activator/repressors
ENSP00000382204,ENSG00000171988,JMJD1C,Chromatin Remodeling Factors
ENSP00000382328,ENSG00000244754,N4BP2L2,Other Cofactors
ENSP00000382688,ENSG00000073614,KDM5A,Histones Modify Enzymes
ENSP00000383042,ENSG00000004487,KDM1A,Histones Modify Enzymes
ENSP00000383059,ENSG00000134884,ARGLU1,Other Cofactors
ENSP00000383060,ENSG00000180530,NRIP1,Co-activator/repressors
ENSP00000383303,ENSG00000171587,DSCAM,Other Cofactors
ENSP00000384048,ENSG00000157212,PAXIP1,Other Cofactors
ENSP00000384198,ENSG00000114933,INO80D,Chromatin Remodeling Factors
ENSP00000384304,ENSG00000197223,C1D,Co-activator/repressors
ENSP00000384490,ENSG00000183741,CBX6,Chromatin Remodeling Factors
ENSP00000384597,ENSG00000242441,GTF2A1L,General Cofactors
ENSP00000384625,ENSG00000087095,NLK,Other Cofactors
ENSP00000384629,ENSG00000183955,KMT5A,Histones Modify Enzymes
ENSP00000385571,ENSG00000064393,HIPK2,Other Cofactors
ENSP00000385604,ENSG00000168036,CTNNB1,Co-activator/repressors
ENSP00000385703,ENSG00000213626,LBH,Other Cofactors
ENSP00000385720,ENSG00000160007,ARHGAP35,Other Cofactors
ENSP00000385858,ENSG00000100425,BRD1,Chromatin Remodeling Factors
ENSP00000386023,ENSG00000106245,BUD31,Other Cofactors
ENSP00000386239,ENSG00000160949,TONSL,Other Cofactors
ENSP00000386394,ENSG00000196290,NIF3L1,Other Cofactors
ENSP00000386759,ENSG00000181555,SETD2,Other Cofactors
ENSP00000386892,ENSG00000115641,FHL2,Other Cofactors
ENSP00000387089,ENSG00000138386,NAB1,Other Cofactors
ENSP00000387204,ENSG00000116030,SUMO1,Other Cofactors
ENSP00000387822,ENSG00000137948,BRDT,Chromatin Remodeling Factors
ENSP00000389140,ENSG00000187323,DCC,Other Cofactors
ENSP00000390475,ENSG00000154832,CXXC1,Other Cofactors
ENSP00000391090,ENSG00000149554,CHEK1,Other Cofactors
ENSP00000391457,ENSG00000153391,INO80C,Chromatin Remodeling Factors
ENSP00000391759,ENSG00000102103,PQBP1,Other Cofactors
ENSP00000392028,ENSG00000171316,CHD7,Chromatin Remodeling Factors
ENSP00000392466,ENSG00000198728,LDB1,Other Cofactors
ENSP00000392495,ENSG00000196459,TRAPPC2,Other Cofactors
ENSP00000392617,ENSG00000108604,SMARCD2,Chromatin Remodeling Factors
ENSP00000392896,ENSG00000230989,HSBP1,Other Cofactors
ENSP00000392985,ENSG00000109854,HTATIP2,Other Cofactors
ENSP00000393183,ENSG00000145041,DCAF1,Other Cofactors
ENSP00000393312,ENSG00000077782,FGFR1,Other Cofactors
ENSP00000393453,ENSG00000115593,SMYD1,Chromatin Remodeling Factors
ENSP00000393638,ENSG00000110768,GTF2H1,General Cofactors
ENSP00000394085,ENSG00000070495,JMJD6,Other Cofactors
ENSP00000394791,ENSG00000079387,SENP1,Other Cofactors
ENSP00000395772,ENSG00000163938,GNL3,Other Cofactors
ENSP00000395929,ENSG00000165671,NSD1,Co-activator/repressors
ENSP00000396052,ENSG00000174744,BRMS1,Chromatin Remodeling Factors
ENSP00000396127,ENSG00000132341,RAN,Other Cofactors
ENSP00000396732,ENSG00000126856,PRDM7,Other Cofactors
ENSP00000397239,ENSG00000235268,KDM4E,Histones Modify Enzymes
ENSP00000397259,ENSG00000087152,ATXN7L3,Other Cofactors
ENSP00000397552,ENSG00000136518,ACTL6A,Chromatin Remodeling Factors
ENSP00000397908,ENSG00000134324,LPIN1,Co-activator/repressors
ENSP00000398410,ENSG00000155666,KDM8,Histones Modify Enzymes
ENSP00000398824,ENSG00000135365,PHF21A,Chromatin Remodeling Factors
ENSP00000398837,ENSG00000272333,KMT2B,Histones Modify Enzymes
ENSP00000398880,ENSG00000167258,CDK12,Cell Cycle
ENSP00000399862,ENSG00000182973,CNOT10,Chromatin Remodeling Factors
ENSP00000399968,ENSG00000140396,NCOA2,Co-activator/repressors
ENSP00000400142,ENSG00000182944,EWSR1,Other Cofactors
ENSP00000400175,ENSG00000067560,RHOA,Other Cofactors
ENSP00000401115,ENSG00000008324,SS18L2,Chromatin Remodeling Factors
ENSP00000401445,ENSG00000178607,ERN1,Other Cofactors
ENSP00000401566,ENSG00000122882,ECD,Other Cofactors
ENSP00000401678,ENSG00000141052,MYOCD,Other Cofactors
ENSP00000401764,ENSG00000125931,CITED1,Co-activator/repressors
ENSP00000401853,ENSG00000068001,HYAL2,Other Cofactors
ENSP00000401888,ENSG00000132155,RAF1,Other Cofactors
ENSP00000402257,ENSG00000079102,RUNX1T1,Other Cofactors
ENSP00000402280,ENSG00000182415,CDY2A,Chromatin Remodeling Factors
ENSP00000403256,ENSG00000144579,CTDSP1,Other Cofactors
ENSP00000403701,ENSG00000141480,ARRB2,Other Cofactors
ENSP00000403817,ENSG00000196531,NACA,Other Cofactors
ENSP00000403954,ENSG00000009694,TENM1,Other Cofactors
ENSP00000404251,ENSG00000144560,VGLL4,Co-activator/repressors
ENSP00000404658,ENSG00000108799,EZH1,Other Cofactors
ENSP00000405574,ENSG00000177565,TBL1XR1,Other Cofactors
ENSP00000406037,ENSG00000103510,KAT8,Histones Modify Enzymes
ENSP00000406162,ENSG00000126457,PRMT1,Histones Modify Enzymes
ENSP00000406549,ENSG00000147133,TAF1,General Cofactors
ENSP00000407331,ENSG00000213024,NUP62,Other Cofactors
ENSP00000407442,ENSG00000163349,HIPK1,Other Cofactors
ENSP00000408617,ENSG00000048052,HDAC9,Histones Modify Enzymes
ENSP00000409581,ENSG00000137486,ARRB1,Other Cofactors
ENSP00000410294,ENSG00000066468,FGFR2,Other Cofactors
ENSP00000410425,ENSG00000106554,CHCHD3,Co-activator/repressors
ENSP00000410708,ENSG00000145088,EAF2,Other Cofactors
ENSP00000410715,ENSG00000106483,SFRP4,Other Cofactors
ENSP00000411010,ENSG00000067334,DNTTIP2,Other Cofactors
ENSP00000412292,ENSG00000024526,DEPDC1,Other Cofactors
ENSP00000412698,ENSG00000155229,MMS19,Other Cofactors
ENSP00000413035,ENSG00000100320,RBFOX2,Other Cofactors
ENSP00000413720,ENSG00000129757,CDKN1C,Cell Cycle
ENSP00000414236,ENSG00000226742,HSBP1L1,Other Cofactors
ENSP00000414516,ENSG00000141380,SS18,Chromatin Remodeling Factors
ENSP00000414727,ENSG00000127616,SMARCA4,Chromatin Remodeling Factors
ENSP00000414750,ENSG00000215474,SKOR2,Co-activator/repressors
ENSP00000414851,ENSG00000134759,ELP2,General Cofactors
ENSP00000415416,ENSG00000101255,TRIB3,Other Cofactors
ENSP00000415682,ENSG00000022840,RNF10,Co-activator/repressors
ENSP00000416227,ENSG00000156603,MED19,Co-activator/repressors
ENSP00000416269,ENSG00000198563,DDX39B,Co-activator/repressors
ENSP00000417078,ENSG00000174953,DHX36,Co-activator/repressors
ENSP00000417214,ENSG00000173200,PARP15,Other Cofactors
ENSP00000417235,ENSG00000144893,MED12L,Co-activator/repressors
ENSP00000417401,ENSG00000130589,HELZ2,Other Cofactors
ENSP00000417510,ENSG00000102710,SUPT20H,Chromatin Remodeling Factors
ENSP00000417557,ENSG00000189283,FHIT,Other Cofactors
ENSP00000417710,ENSG00000163530,DPPA2,Other Cofactors
ENSP00000417864,ENSG00000140350,ANP32A,Chromatin Remodeling Factors
ENSP00000417867,ENSG00000137413,TAF8,General Cofactors
ENSP00000417980,ENSG00000181090,EHMT1,Histones Modify Enzymes
ENSP00000418194,ENSG00000173193,PARP14,Other Cofactors
ENSP00000418379,ENSG00000122728,TAF1L,General Cofactors
ENSP00000418960,ENSG00000012048,BRCA1,Other Cofactors
ENSP00000419184,ENSG00000185420,SMYD3,Chromatin Remodeling Factors
ENSP00000419465,ENSG00000018408,WWTR1,Other Cofactors
ENSP00000419494,ENSG00000163602,RYBP,Other Cofactors
ENSP00000419760,ENSG00000106290,TAF6,General Cofactors
ENSP00000419782,ENSG00000164885,CDK5,Cell Cycle
ENSP00000420306,ENSG00000100296,THOC5,Other Cofactors
ENSP00000421180,ENSG00000196782,MAML3,Co-activator/repressors
ENSP00000421592,ENSG00000183684,ALYREF,Other Cofactors
ENSP00000421873,ENSG00000273841,TAF9,General Cofactors
ENSP00000422634,ENSG00000152495,CAMK4,Chromatin Remodeling Factors
ENSP00000422907,ENSG00000183474,GTF2H2C,General Cofactors
ENSP00000424417,ENSG00000171566,PLRG1,Other Cofactors
ENSP00000425571,ENSG00000138767,CNOT6L,Chromatin Remodeling Factors
ENSP00000425730,ENSG00000077684,JADE1,Other Cofactors
ENSP00000425824,ENSG00000145349,CAMK2D,Chromatin Remodeling Factors
ENSP00000426359,ENSG00000234602,MCIDAS,Other Cofactors
ENSP00000426529,ENSG00000118579,MED28,Co-activator/repressors
ENSP00000426632,ENSG00000112851,ERBIN,Other Cofactors
ENSP00000427695,ENSG00000141232,TOB1,Other Cofactors
ENSP00000427772,ENSG00000113645,WWC1,Other Cofactors
ENSP00000427793,ENSG00000123124,WWP1,Other Cofactors
ENSP00000427802,ENSG00000253506,NACA2,Other Cofactors
ENSP00000427882,ENSG00000151687,ANKAR,Other Cofactors
ENSP00000428056,ENSG00000145675,PIK3R1,Other Cofactors
ENSP00000428334,ENSG00000154582,ELOC,Other Cofactors
ENSP00000428426,ENSG00000187735,TCEA1,General Cofactors
ENSP00000428675,ENSG00000157110,RBPMS,Other Cofactors
ENSP00000428982,ENSG00000112237,CCNC,Cell Cycle
ENSP00000429067,ENSG00000157168,NRG1,Other Cofactors
ENSP00000429413,ENSG00000158806,NPM2,Other Cofactors
ENSP00000429430,ENSG00000145934,TENM2,Other Cofactors
ENSP00000429744,ENSG00000104375,STK3,Other Cofactors
ENSP00000429986,ENSG00000120533,ENY2,Other Cofactors
ENSP00000430432,ENSG00000196591,HDAC2,Histones Modify Enzymes
ENSP00000430493,ENSG00000155508,CNOT8,Chromatin Remodeling Factors
ENSP00000430684,ENSG00000104365,IKBKB,Other Cofactors
ENSP00000431010,ENSG00000170786,SDR16C5,Other Cofactors
ENSP00000431162,ENSG00000255302,EID1,Co-activator/repressors
ENSP00000431284,ENSG00000110031,LPXN,Other Cofactors
ENSP00000431813,ENSG00000129170,CSRP3,Other Cofactors
ENSP00000432770,ENSG00000112319,EYA4,Co-activator/repressors
ENSP00000432786,ENSG00000173120,KDM2A,Histones Modify Enzymes
ENSP00000433205,ENSG00000158636,EMSY,Other Cofactors
ENSP00000433623,ENSG00000175104,TRAF6,Other Cofactors
ENSP00000433883,ENSG00000197780,TAF13,General Cofactors
ENSP00000434359,ENSG00000179950,PUF60,Other Cofactors
ENSP00000434552,ENSG00000184384,MAML2,Co-activator/repressors
ENSP00000434776,ENSG00000178685,PARP10,Other Cofactors
ENSP00000435619,ENSG00000255150,EID3,Co-activator/repressors
ENSP00000436786,ENSG00000118058,KMT2A,Histones Modify Enzymes
ENSP00000437125,ENSG00000109971,HSPA8,Other Cofactors
ENSP00000437738,ENSG00000061936,SFSWAP,Other Cofactors
ENSP00000438324,ENSG00000115548,KDM3A,Histones Modify Enzymes
ENSP00000438886,ENSG00000108465,CDK5RAP3,Cell Cycle
ENSP00000439606,ENSG00000166333,ILK,Other Cofactors
ENSP00000439800,ENSG00000101040,ZMYND8,Co-activator/repressors
ENSP00000439828,ENSG00000072110,ACTN1,Chromatin Remodeling Factors
ENSP00000440190,ENSG00000083544,TDRD3,Other Cofactors
ENSP00000440392,ENSG00000111642,CHD4,Chromatin Remodeling Factors
ENSP00000440440,ENSG00000171681,ATF7IP,Other Cofactors
ENSP00000440495,ENSG00000127663,KDM4B,Histones Modify Enzymes
ENSP00000441273,ENSG00000129873,CDY2B,Chromatin Remodeling Factors
ENSP00000441692,ENSG00000100852,ARHGAP5,Other Cofactors
ENSP00000442047,ENSG00000183878,UTY,Chromatin Remodeling Factors
ENSP00000442126,ENSG00000152944,MED21,Co-activator/repressors
ENSP00000442973,ENSG00000167657,DAPK3,Other Cofactors
ENSP00000443988,ENSG00000111707,SUDS3,Co-activator/repressors
ENSP00000444198,ENSG00000164442,CITED2,Co-activator/repressors
ENSP00000444293,ENSG00000012817,KDM5D,Histones Modify Enzymes
ENSP00000444596,ENSG00000005810,MYCBP2,Other Cofactors
ENSP00000445162,ENSG00000111358,GTF2H3,General Cofactors
ENSP00000447942,ENSG00000123349,PFDN5,Other Cofactors
ENSP00000448387,ENSG00000185024,BRF1,General Cofactors
ENSP00000448680,ENSG00000139405,RITA1,Other Cofactors
ENSP00000449260,ENSG00000111596,CNOT2,Chromatin Remodeling Factors
ENSP00000449960,ENSG00000012822,CALCOCO1,Other Cofactors
ENSP00000450607,ENSG00000111602,TIMELESS,Other Cofactors
ENSP00000451129,ENSG00000100603,SNW1,Other Cofactors
ENSP00000451291,ENSG00000092199,HNRNPC,Other Cofactors
ENSP00000451601,ENSG00000100888,CHD8,Chromatin Remodeling Factors
ENSP00000451979,ENSG00000100823,APEX1,Other Cofactors
ENSP00000452454,ENSG00000165417,GTF2A1,General Cofactors
ENSP00000452514,ENSG00000123374,CDK2,Cell Cycle
ENSP00000453015,ENSG00000157450,RNF111,Co-activator/repressors
ENSP00000453081,ENSG00000140332,TLE3,Other Cofactors
ENSP00000453801,ENSG00000140395,WDR61,Chromatin Remodeling Factors
ENSP00000453858,ENSG00000137843,PAK6,Other Cofactors
ENSP00000454237,ENSG00000102931,ARL2BP,Other Cofactors
ENSP00000454545,ENSG00000259956,RBM15B,Other Cofactors
ENSP00000454546,ENSG00000166446,CDYL2,Chromatin Remodeling Factors
ENSP00000455265,ENSG00000103168,TAF1C,General Cofactors
ENSP00000455282,ENSG00000089280,FUS,Other Cofactors
ENSP00000456709,ENSG00000141076,UTP4,Other Cofactors
ENSP00000457016,ENSG00000169592,INO80E,Chromatin Remodeling Factors
ENSP00000457230,ENSG00000186153,WWOX,Other Cofactors
ENSP00000457892,ENSG00000174446,SNAPC5,Other Cofactors
ENSP00000459626,ENSG00000186260,MKL2,Other Cofactors
ENSP00000460300,ENSG00000141456,PELP1,Other Cofactors
ENSP00000460836,ENSG00000132522,GPS2,Other Cofactors
ENSP00000461879,ENSG00000181222,POLR2A,General Cofactors
ENSP00000462154,ENSG00000266074,BAHCC1,Other Cofactors
ENSP00000462521,ENSG00000265972,TXNIP,Other Cofactors
ENSP00000462980,ENSG00000141384,TAF4B,General Cofactors
ENSP00000463027,ENSG00000266412,NCOA4,Co-activator/repressors
ENSP00000463154,ENSG00000143401,ANP32E,Chromatin Remodeling Factors
ENSP00000463188,ENSG00000221926,TRIM16,Other Cofactors
ENSP00000463758,ENSG00000161526,SAP30BP,Chromatin Remodeling Factors
ENSP00000464261,ENSG00000134504,KCTD1,Other Cofactors
ENSP00000464810,ENSG00000175221,MED16,Co-activator/repressors
ENSP00000465129,ENSG00000186010,NDUFA13,Other Cofactors
ENSP00000465404,ENSG00000116288,PARK7,Other Cofactors
ENSP00000466090,ENSG00000197561,ELANE,Other Cofactors
ENSP00000466542,ENSG00000065717,TLE2,Other Cofactors
ENSP00000466665,ENSG00000130165,ELOF1,General Cofactors
ENSP00000466953,ENSG00000142279,WTIP,Other Cofactors
ENSP00000467423,ENSG00000160633,SAFB,Other Cofactors
ENSP00000467579,ENSG00000132471,WBP2,Other Cofactors
ENSP00000468304,ENSG00000011258,MBTD1,Other Cofactors
ENSP00000468592,ENSG00000141376,BCAS3,Other Cofactors
ENSP00000469011,ENSG00000268009,SSX4,Co-activator/repressors
ENSP00000469394,ENSG00000269791,SSX4B,Co-activator/repressors
ENSP00000469863,ENSG00000105204,DYRK1B,Other Cofactors
ENSP00000470252,ENSG00000196235,SUPT5H,Co-activator/repressors
ENSP00000471575,ENSG00000170948,MBD3L1,Other Cofactors
ENSP00000473172,ENSG00000183207,RUVBL2,Chromatin Remodeling Factors
ENSP00000473290,ENSG00000101158,NELFCD,General Cofactors
ENSP00000473824,ENSG00000166707,ZCCHC18,Co-activator/repressors
ENSP00000474096,ENSG00000270647,TAF15,General Cofactors
ENSP00000474253,ENSG00000139718,SETD1B,Other Cofactors
ENSP00000475569,ENSG00000137106,GRHPR,Other Cofactors
ENSP00000475712,ENSG00000167604,NFKBID,Co-activator/repressors
ENSP00000476100,ENSG00000272047,GTF2H5,General Cofactors
ENSP00000476145,ENSG00000111816,FRK,Other Cofactors
ENSP00000476228,ENSG00000124523,SIRT5,Chromatin Remodeling Factors
ENSP00000476948,ENSG00000122484,RPAP2,Other Cofactors
ENSP00000477213,ENSG00000166313,APBB1,Other Cofactors
ENSP00000477848,ENSG00000275700,AATF,Other Cofactors
ENSP00000478179,ENSG00000118412,CASP8AP2,Other Cofactors
ENSP00000478927,ENSG00000137693,YAP1,Other Cofactors
ENSP00000479510,ENSG00000196588,MKL1,Other Cofactors
ENSP00000479910,ENSG00000275023,MLLT6,Other Cofactors
ENSP00000480333,ENSG00000185499,MUC1,Other Cofactors
ENSP00000480427,ENSG00000165584,SSX3,Co-activator/repressors
ENSP00000480946,ENSG00000230667,SETSIP,Other Cofactors
ENSP00000481920,ENSG00000133997,MED6,Co-activator/repressors
ENSP00000482063,ENSG00000277258,PCGF2,Other Cofactors
ENSP00000482438,ENSG00000148297,MED22,Co-activator/repressors
ENSP00000483570,ENSG00000010671,BTK,Other Cofactors
ENSP00000483595,ENSG00000147050,KDM6A,Histones Modify Enzymes
ENSP00000483667,ENSG00000153922,CHD1,Chromatin Remodeling Factors
ENSP00000483825,ENSG00000269335,IKBKG,Other Cofactors
ENSP00000483921,ENSG00000145687,SSBP2,Other Cofactors
ENSP00000483946,ENSG00000119403,PHF19,Chromatin Remodeling Factors
ENSP00000484290,ENSG00000268606,MAGEA2,Co-activator/repressors
ENSP00000484525,ENSG00000060069,CTDP1,Other Cofactors
ENSP00000485010,ENSG00000179583,CIITA,Other Cofactors
ENSP00000486540,ENSG00000144580,CNOT9,Chromatin Remodeling Factors
ENSP00000487971,ENSG00000132793,LPIN3,Co-activator/repressors
ENSP00000490119,ENSG00000174373,RALGAPA1,Other Cofactors
ENSP00000490767,ENSG00000168395,ING5,Other Cofactors
ENSP00000491215,ENSG00000153187,HNRNPU,Other Cofactors
ENSP00000491512,ENSG00000230257,NFE4,Co-activator/repressors
ENSP00000492625,ENSG00000042429,MED17,Co-activator/repressors